query,target,pident,alnlen,evalue,bits
panx|Latimeria_chalumnae|PANX3|H3AKW8,cur|Adineta_ricciae|CAJNOJ010000009.1_407234_409021|p3,23.8,126,5.069e-06,42.0
panx|Latimeria_chalumnae|PANX3|H3AKW8,cur|Adineta_ricciae|CAJNOJ010000030.1_78572_80153|p4,26.5,103,6.705e-06,41.0
panx|Latimeria_chalumnae|PANX3|H3AKW8,cur|Adineta_vaga|CP075494.1_12494283_12495859|p4,26.5,103,6.705e-06,41.0
panx|Latimeria_chalumnae|PANX3|H3AKW8,cur|Adineta_steineri|CAJNOI010000009.1_556245_558144|p4,23.5,126,8.868e-06,41.0
panx|Latimeria_chalumnae|PANX3|H3AKW8,cur|Adineta_vaga|CP075494.1_12488368_12495862|p6,25.9,106,8.868e-06,41.0
panx|Latimeria_chalumnae|PANX3|H3AKW8,cur|Rotaria_macrura|OENT01000045.1_119094_122499|p2,26.1,103,1.173e-05,40.0
panx|Latimeria_chalumnae|PANX3|H3AKW8,cur|Rotaria_macrura|OENT01000325.1_81075_83639|p1,26.2,98,3.589e-05,39.0
panx|Bos_taurus|PANX1|A0A4W2C374,cur|Adineta_steineri|CAJNOI010000009.1_556245_558144|p4,28.1,105,2.657e-07,46.0
panx|Bos_taurus|PANX1|A0A4W2C374,cur|Adineta_ricciae|CAJNOJ010000009.1_407234_409021|p3,27.9,105,3.513e-07,46.0
panx|Bos_taurus|PANX1|A0A4W2C374,cur|Adineta_ricciae|CAJNOJ010000030.1_78572_80153|p4,31.0,88,4.645e-07,45.0
panx|Bos_taurus|PANX1|A0A4W2C374,cur|Adineta_vaga|CP075494.1_12494283_12495859|p4,31.0,88,4.645e-07,45.0
panx|Bos_taurus|PANX1|A0A4W2C374,cur|Rotaria_macrura|OENT01000045.1_119094_122499|p2,31.0,88,4.645e-07,45.0
panx|Bos_taurus|PANX1|A0A4W2C374,cur|Rotaria_macrura|OENT01000325.1_81075_83639|p1,31.0,88,4.645e-07,45.0
panx|Bos_taurus|PANX1|A0A4W2C374,cur|Adineta_vaga|CP075494.1_12488368_12495862|p6,29.0,91,3.28e-06,42.0
panx|Bos_taurus|PANX2|A0A4W2C073,cur|Streblospio_benedicti|CM032660.1_38859841_38860992|p4,30.3,105,1.034e-08,51.0
panx|Bos_taurus|PANX2|A0A4W2C073,cur|Streblospio_benedicti|CM032660.1_38854181_38855281|p9,30.1,105,1.364e-08,51.0
panx|Bos_taurus|PANX2|A0A4W2C073,cur|Abra_alba|OZ409525.1_47319987_47324644|p7,29.5,106,3.129e-08,50.0
panx|Bos_taurus|PANX2|A0A4W2C073,cur|Adineta_steineri|CAJNOI010000009.1_556245_558144|p4,29.7,104,4.127e-08,49.0
panx|Bos_taurus|PANX2|A0A4W2C073,cur|Adineta_ricciae|CAJNOJ010000009.1_407234_409021|p3,29.4,104,7.179e-08,49.0
panx|Bos_taurus|PANX2|A0A4W2C073,cur|Adineta_ricciae|CAJNOJ010000030.1_78572_80153|p4,29.4,104,7.179e-08,49.0
panx|Bos_taurus|PANX2|A0A4W2C073,cur|Adineta_vaga|CP075494.1_12494283_12495859|p4,29.4,104,7.179e-08,49.0
panx|Bos_taurus|PANX2|A0A4W2C073,cur|Acanthochitona_discrepans|CM108789.1_13668655_13669749|p2,29.9,99,1.249e-07,48.0
panx|Bos_taurus|PANX2|A0A4W2C073,cur|Abra_segmentum|OZ251777.1_32509668_32513297|p8,28.7,106,1.249e-07,48.0
panx|Bos_taurus|PANX2|A0A4W2C073,cur|Brachionus_manjavacas|JAHQIY010000004.1_8292265_8293444|p4,26.8,118,1.647e-07,48.0
panx|Bos_taurus|PANX2|A0A4W2C073,cur|Streblospio_benedicti|CM032666.1_530575_537250|p2,29.2,101,2.172e-07,47.0
panx|Bos_taurus|PANX2|A0A4W2C073,cur|Rotaria_macrura|OENT01000045.1_119094_122499|p2,28.7,104,2.172e-07,47.0
panx|Bos_taurus|PANX2|A0A4W2C073,cur|Streblospio_benedicti|CM032660.1_38866392_38867486|p10,28.4,105,2.864e-07,47.0
panx|Bos_taurus|PANX2|A0A4W2C073,cur|Rotaria_macrura|OENT01000325.1_81075_83639|p1,29.4,99,2.864e-07,47.0
panx|Bos_taurus|PANX2|A0A4W2C073,cur|Brachionus_koreanus|PJRA01000263.1_5378433_5381126|p5,26.1,118,6.569e-07,46.0
panx|Bos_taurus|PANX2|A0A4W2C073,cur|Acanthocardia_echinata|OZ377328.1_11251456_11255941|p4,24.7,130,6.569e-07,46.0
panx|Bos_taurus|PANX2|A0A4W2C073,Caenorhabditis_elegans,28.8,99,8.663e-07,45.0
panx|Bos_taurus|PANX2|A0A4W2C073,cur|Adineta_vaga|CP075494.1_12488368_12495862|p6,27.5,107,8.663e-07,45.0
panx|Bos_taurus|PANX2|A0A4W2C073,cur|Streblospio_benedicti|CM032660.1_13839080_13840183|p6,29.0,97,1.142e-06,45.0
panx|Bos_taurus|PANX2|A0A4W2C073,cur|Acanthochitona_discrepans|CM108789.1_17930773_17931897|p3,27.4,105,1.506e-06,44.0
panx|Bos_taurus|PANX2|A0A4W2C073,cur|Streblospio_benedicti|CM032663.1_21744357_21747197|p5,24.1,132,1.506e-06,44.0
panx|Bos_taurus|PANX2|A0A4W2C073,cur|Acanthocardia_echinata|OZ377328.1_18890103_18896398|p8,27.8,102,1.987e-06,44.0
panx|Bos_taurus|PANX2|A0A4W2C073,cur|Acanthocardia_echinata|OZ377328.1_21360257_21387081|p2,27.8,102,1.987e-06,44.0
panx|Bos_taurus|PANX2|A0A4W2C073,cur|Acanthocardia_echinata|OZ377328.1_21341102_21387057|p11,27.8,102,1.987e-06,44.0
panx|Bos_taurus|PANX2|A0A4W2C073,cur|Streblospio_benedicti|CM032661.1_36454555_36461623|p1,27.1,104,3.455e-06,43.0
panx|Bos_taurus|PANX2|A0A4W2C073,Caenorhabditis_elegans,30.5,86,3.455e-06,43.0
panx|Bos_taurus|PANX2|A0A4W2C073,cur|Abra_alba|OZ409525.1_26978116_27031527|p5,27.0,104,4.556e-06,43.0
panx|Bos_taurus|PANX2|A0A4W2C073,cur|Acanthocardia_echinata|OZ377328.1_23337154_23339399|p9,24.0,128,4.556e-06,43.0
panx|Bos_taurus|PANX2|A0A4W2C073,cur|Acanthocardia_echinata|OZ377328.1_11291981_11299363|p5,27.0,104,4.556e-06,43.0
panx|Bos_taurus|PANX2|A0A4W2C073,cur|Acanthocardia_echinata|OZ377328.1_21312057_21325945|p10,27.1,101,7.921e-06,42.0
panx|Bos_taurus|PANX2|A0A4W2C073,cur|Acanthocardia_echinata|OZ377325.1_14826690_14837377|p14,24.4,122,7.921e-06,42.0
panx|Bos_taurus|PANX2|A0A4W2C073,cur|Streblospio_benedicti|CM032663.1_51675706_51690919|p8,27.2,99,1.045e-05,42.0
panx|Bos_taurus|PANX2|A0A4W2C073,cur|Abra_alba|OZ409525.1_53154133_53163052|p4,26.6,102,1.377e-05,41.0
panx|Bos_taurus|PANX2|A0A4W2C073,cur|Abra_segmentum|OZ251777.1_14113510_14127320|p6,26.6,102,1.377e-05,41.0
panx|Bos_taurus|PANX2|A0A4W2C073,cur|Abra_alba|OZ409525.1_18330358_18348899|p2,26.0,105,1.816e-05,41.0
panx|Bos_taurus|PANX2|A0A4W2C073,cur|Abra_segmentum|OZ251777.1_53450550_53469929|p1,26.0,105,1.816e-05,41.0
panx|Bos_taurus|PANX2|A0A4W2C073,cur|Abra_segmentum|OZ251777.1_10571949_10575809|p3,24.3,119,1.816e-05,41.0
panx|Bos_taurus|PANX2|A0A4W2C073,cur|Brachionus_calyciflorus|NTPY01000330.1_409940_411611|p7,26.9,98,2.395e-05,40.0
panx|Bos_taurus|PANX2|A0A4W2C073,cur|Brachionus_calyciflorus|NTPY01000330.1_409940_411611|p1,26.9,98,2.395e-05,40.0
panx|Bos_taurus|PANX2|A0A4W2C073,cur|Acanthocardia_echinata|OZ377328.1_23300040_23302999|p3,25.7,104,4.164e-05,40.0
panx|Bos_taurus|PANX2|A0A4W2C073,cur|Acanthochitona_discrepans|JBLVQD010000009.1_6410532_6411647|p4,22.0,139,4.164e-05,40.0
panx|Bos_taurus|PANX2|A0A4W2C073,cur|Acanthochitona_discrepans|CM108789.1_13572118_13573209|p1,25.3,104,7.239e-05,39.0
panx|Bos_taurus|PANX2|A0A4W2C073,cur|Streblospio_benedicti|CM032660.1_56259174_56277458|p3,26.0,98,9.545e-05,38.0
panx|Bos_taurus|PANX2|A0A4W2C073,cur|Acanthocardia_echinata|OZ377328.1_2223730_2233660|p6,25.5,102,9.545e-05,38.0
panx|Bos_taurus|PANX2|A0A4W2C073,cur|Abra_alba|OZ409525.1_26983439_26985168|p1,26.2,95,0.000166,38.0
panx|Bos_taurus|PANX2|A0A4W2C073,cur|Streblospio_benedicti|CM032666.1_10353645_10358349|p7,27.3,88,0.000166,38.0
panx|Bos_taurus|PANX3|A0A4W2GW69,cur|Streblospio_benedicti|CM032660.1_38866392_38867486|p10,28.5,107,5.787e-08,48.0
panx|Bos_taurus|PANX3|A0A4W2GW69,cur|Acanthocardia_echinata|OZ377328.1_2223730_2233660|p6,29.6,100,7.659e-08,48.0
panx|Bos_taurus|PANX3|A0A4W2GW69,cur|Abra_segmentum|OZ251777.1_14113510_14127320|p6,29.1,100,1.776e-07,46.0
panx|Bos_taurus|PANX3|A0A4W2GW69,cur|Streblospio_benedicti|CM032660.1_38854181_38855281|p9,28.2,104,2.35e-07,46.0
panx|Bos_taurus|PANX3|A0A4W2GW69,cur|Adineta_ricciae|CAJNOJ010000009.1_407234_409021|p3,28.4,102,3.109e-07,46.0
panx|Bos_taurus|PANX3|A0A4W2GW69,cur|Adineta_ricciae|CAJNOJ010000030.1_78572_80153|p4,28.4,102,3.109e-07,46.0
panx|Bos_taurus|PANX3|A0A4W2GW69,cur|Adineta_vaga|CP075494.1_12494283_12495859|p4,28.4,102,3.109e-07,46.0
panx|Bos_taurus|PANX3|A0A4W2GW69,cur|Adineta_steineri|CAJNOI010000009.1_556245_558144|p4,28.2,102,4.114e-07,45.0
panx|Bos_taurus|PANX3|A0A4W2GW69,cur|Streblospio_benedicti|CM032660.1_38859841_38860992|p4,27.9,104,4.114e-07,45.0
panx|Bos_taurus|PANX3|A0A4W2GW69,cur|Rotaria_macrura|OENT01000045.1_119094_122499|p2,28.8,99,4.114e-07,45.0
panx|Bos_taurus|PANX3|A0A4W2GW69,cur|Brachionus_calyciflorus|NTPY01000526.1_2301293_2302390|p4,23.3,142,5.444e-07,45.0
panx|Bos_taurus|PANX3|A0A4W2GW69,cur|Abra_alba|OZ409525.1_53154133_53163052|p4,28.3,100,7.203e-07,44.0
panx|Bos_taurus|PANX3|A0A4W2GW69,cur|Acanthochitona_discrepans|JBLVQD010000009.1_6410532_6411647|p4,28.3,100,7.203e-07,44.0
panx|Bos_taurus|PANX3|A0A4W2GW69,cur|Rotaria_macrura|OENT01000325.1_81075_83639|p1,28.4,99,7.203e-07,44.0
panx|Bos_taurus|PANX3|A0A4W2GW69,cur|Acanthocardia_echinata|OZ377328.1_11291981_11299363|p5,29.8,89,1.668e-06,43.0
panx|Bos_taurus|PANX3|A0A4W2GW69,cur|Abra_segmentum|OZ251777.1_32509668_32513297|p8,25.8,111,2.919e-06,42.0
panx|Bos_taurus|PANX3|A0A4W2GW69,cur|Streblospio_benedicti|CM032661.1_36454555_36461623|p1,26.8,103,3.861e-06,42.0
panx|Bos_taurus|PANX3|A0A4W2GW69,cur|Adineta_vaga|CP075494.1_12488368_12495862|p6,26.5,105,3.861e-06,42.0
panx|Bos_taurus|PANX3|A0A4W2GW69,cur|Brachionus_koreanus|PJRA01000555.1_1340882_1341979|p2,21.5,154,5.108e-06,42.0
panx|Bos_taurus|PANX3|A0A4W2GW69,cur|Acanthocardia_echinata|OZ377328.1_11251456_11255941|p4,29.0,89,5.108e-06,42.0
panx|Bos_taurus|PANX3|A0A4W2GW69,cur|Streblospio_benedicti|CM032666.1_530575_537250|p2,26.7,100,8.936e-06,41.0
panx|Bos_taurus|PANX3|A0A4W2GW69,cur|Brachionus_manjavacas|JAHQIY010000020.1_863382_864479|p2,22.0,142,1.182e-05,40.0
panx|Bos_taurus|PANX3|A0A4W2GW69,cur|Abra_alba|OZ409525.1_18330358_18348899|p2,30.0,81,1.563e-05,40.0
panx|Bos_taurus|PANX3|A0A4W2GW69,cur|Abra_segmentum|OZ251777.1_53450550_53469929|p1,30.0,81,1.563e-05,40.0
panx|Bos_taurus|PANX3|A0A4W2GW69,cur|Abra_segmentum|OZ251777.1_10571949_10575809|p3,26.1,101,2.067e-05,40.0
panx|Bos_taurus|PANX3|A0A4W2GW69,cur|Brachionus_calyciflorus|NTPY01000970.1_33584_34756|p3,23.5,122,2.067e-05,40.0
panx|Bos_taurus|PANX3|A0A4W2GW69,cur|Acanthochitona_discrepans|CM108789.1_17930773_17931897|p3,24.6,111,2.734e-05,39.0
panx|Bos_taurus|PANX3|A0A4W2GW69,cur|Brachionus_calyciflorus|NTPY01000330.1_409940_411611|p7,25.7,100,4.781e-05,38.0
panx|Bos_taurus|PANX3|A0A4W2GW69,cur|Brachionus_calyciflorus|NTPY01000330.1_409940_411611|p1,25.7,100,4.781e-05,38.0
panx|Bos_taurus|PANX3|A0A4W2GW69,cur|Streblospio_benedicti|CM032663.1_21744357_21747197|p5,24.7,108,4.781e-05,38.0
panx|Bos_taurus|PANX3|A0A4W2GW69,cur|Streblospio_benedicti|CM032666.1_10353645_10358349|p7,25.7,99,6.322e-05,38.0
panx|Bos_taurus|PANX3|A0A4W2GW69,cur|Acanthocardia_echinata|OZ377328.1_23337154_23339399|p9,27.2,88,0.0001105,37.0
panx|Bos_taurus|PANX3|A0A4W2GW69,cur|Brachionus_manjavacas|JAHQIY010000004.1_8292265_8293444|p4,22.3,124,0.0001932,36.0
panx|Bos_taurus|PANX3|A0A4W2GW69,cur|Acanthochitona_discrepans|CM108789.1_13668655_13669749|p2,25.7,91,0.0004465,35.0
panx|Homo_sapiens|PANX1|Q96RD7,cur|Adineta_steineri|CAJNOI010000009.1_556245_558144|p4,22.3,146,3.302e-06,42.0
panx|Homo_sapiens|PANX1|Q96RD7,cur|Adineta_ricciae|CAJNOJ010000009.1_407234_409021|p3,29.3,88,5.77e-06,42.0
panx|Homo_sapiens|PANX1|Q96RD7,cur|Adineta_ricciae|CAJNOJ010000030.1_78572_80153|p4,29.3,88,5.77e-06,42.0
panx|Homo_sapiens|PANX1|Q96RD7,cur|Adineta_vaga|CP075494.1_12494283_12495859|p4,29.3,88,5.77e-06,42.0
panx|Homo_sapiens|PANX1|Q96RD7,cur|Rotaria_macrura|OENT01000045.1_119094_122499|p2,29.3,88,5.77e-06,42.0
panx|Homo_sapiens|PANX1|Q96RD7,cur|Rotaria_macrura|OENT01000325.1_81075_83639|p1,29.3,88,5.77e-06,42.0
panx|Homo_sapiens|PANX1|Q96RD7,cur|Adineta_vaga|CP075494.1_12488368_12495862|p6,28.1,91,1.332e-05,40.0
panx|Xenopus_tropicalis|panx1|B3DLA5,cur|Adineta_steineri|CAJNOI010000009.1_556245_558144|p4,26.5,117,2.038e-07,46.0
panx|Xenopus_tropicalis|panx1|B3DLA5,cur|Adineta_ricciae|CAJNOJ010000009.1_407234_409021|p3,26.3,117,2.695e-07,46.0
panx|Xenopus_tropicalis|panx1|B3DLA5,cur|Adineta_ricciae|CAJNOJ010000030.1_78572_80153|p4,31.2,88,3.564e-07,46.0
panx|Xenopus_tropicalis|panx1|B3DLA5,cur|Adineta_vaga|CP075494.1_12494283_12495859|p4,31.2,88,3.564e-07,46.0
panx|Xenopus_tropicalis|panx1|B3DLA5,cur|Rotaria_macrura|OENT01000045.1_119094_122499|p2,31.2,88,3.564e-07,46.0
panx|Xenopus_tropicalis|panx1|B3DLA5,cur|Rotaria_macrura|OENT01000325.1_81075_83639|p1,31.2,88,3.564e-07,46.0
panx|Xenopus_tropicalis|panx1|B3DLA5,cur|Streblospio_benedicti|CM032663.1_51675706_51690919|p8,30.6,88,8.236e-07,44.0
panx|Xenopus_tropicalis|panx1|B3DLA5,cur|Adineta_vaga|CP075494.1_12488368_12495862|p6,29.6,91,1.439e-06,44.0
panx|Xenopus_tropicalis|panx1|B3DLA5,cur|Acanthochitona_discrepans|JBLVQD010000009.1_6410532_6411647|p4,22.7,143,2.515e-06,43.0
panx|Xenopus_tropicalis|panx1|B3DLA5,cur|Brachionus_calyciflorus|NTPY01000330.1_409940_411611|p7,27.9,93,1.015e-05,41.0
panx|Xenopus_tropicalis|panx1|B3DLA5,cur|Brachionus_calyciflorus|NTPY01000330.1_409940_411611|p1,26.4,102,1.015e-05,41.0
panx|Xenopus_tropicalis|panx1|B3DLA5,cur|Acanthocardia_echinata|OZ377328.1_2223730_2233660|p6,22.0,143,1.341e-05,40.0
panx|Xenopus_tropicalis|panx1|B3DLA5,cur|Abra_alba|OZ409525.1_53154133_53163052|p4,21.7,143,2.343e-05,40.0
panx|Xenopus_tropicalis|panx1|B3DLA5,cur|Brachionus_manjavacas|JAHQIY010000004.1_8292265_8293444|p4,28.3,87,3.096e-05,39.0
panx|Xenopus_tropicalis|panx1|B3DLA5,cur|Abra_segmentum|OZ251777.1_14113510_14127320|p6,21.2,143,9.441e-05,38.0
panx|Xenopus_tropicalis|panx1|B3DLA5,cur|Acanthocardia_echinata|OZ377328.1_11291981_11299363|p5,26.6,89,0.0002178,36.0
panx|Xenopus_tropicalis|panx1|B3DLA5,cur|Acanthocardia_echinata|OZ377328.1_11251456_11255941|p4,26.2,89,0.0003803,36.0
panx|Xenopus_tropicalis|panx1|B3DLA5,cur|Abra_segmentum|OZ251784.1_30028846_30031445|p4,27.3,81,0.0006638,35.0
panx|Xenopus_tropicalis|panx1|B3DLA5,cur|Abra_segmentum|OZ251786.1_2258616_2261215|p5,27.3,81,0.0006638,35.0
panx|Lepisosteus_oculatus|PANX|W5NEM0,cur|Acanthochitona_discrepans|CM108789.1_13668655_13669749|p2,29.1,100,3.689e-07,46.0
panx|Lepisosteus_oculatus|PANX|W5NEM0,cur|Acanthocardia_echinata|OZ377328.1_18890103_18896398|p8,26.6,113,8.464e-07,45.0
panx|Lepisosteus_oculatus|PANX|W5NEM0,cur|Acanthocardia_echinata|OZ377328.1_21360257_21387081|p2,27.6,100,4.453e-06,43.0
panx|Lepisosteus_oculatus|PANX|W5NEM0,cur|Acanthocardia_echinata|OZ377328.1_21341102_21387057|p11,27.6,100,4.453e-06,43.0
panx|Lepisosteus_oculatus|PANX|W5NEM0,cur|Abra_segmentum|OZ251777.1_37626866_37628412|p9,27.1,102,5.872e-06,42.0
panx|Lepisosteus_oculatus|PANX|W5NEM0,cur|Abra_alba|OZ409525.1_26978116_27031527|p5,26.8,104,5.872e-06,42.0
panx|Lepisosteus_oculatus|PANX|W5NEM0,cur|Abra_segmentum|OZ251777.1_37619854_37628968|p2,27.1,102,5.872e-06,42.0
panx|Lepisosteus_oculatus|PANX|W5NEM0,cur|Acanthocardia_echinata|OZ377328.1_23337154_23339399|p9,23.5,128,1.347e-05,41.0
panx|Lepisosteus_oculatus|PANX|W5NEM0,cur|Abra_alba|OZ409525.1_27026774_27031521|p3,26.4,102,1.776e-05,41.0
panx|Lepisosteus_oculatus|PANX|W5NEM0,cur|Acanthocardia_echinata|OZ377328.1_21312057_21325945|p10,27.6,93,3.088e-05,40.0
panx|Lepisosteus_oculatus|PANX|W5NEM0,cur|Abra_segmentum|OZ251784.1_30028846_30031445|p4,22.1,133,9.337e-05,38.0
panx|Lepisosteus_oculatus|PANX|W5NEM0,cur|Abra_segmentum|OZ251786.1_2258616_2261215|p5,21.5,133,0.0003722,36.0
panx|Lepisosteus_oculatus|PANX|W5NEM0,cur|Abra_alba|OZ409527.1_48105670_48111459|p8,21.5,133,0.0003722,36.0
panx|Xenopus_tropicalis|panx2|A0A8J0SJZ3,cur|Streblospio_benedicti|CM032660.1_38859841_38860992|p4,30.8,105,4.589e-09,53.0
panx|Xenopus_tropicalis|panx2|A0A8J0SJZ3,cur|Acanthochitona_discrepans|CM108789.1_13668655_13669749|p2,31.4,100,7.983e-09,52.0
panx|Xenopus_tropicalis|panx2|A0A8J0SJZ3,cur|Adineta_steineri|CAJNOI010000009.1_556245_558144|p4,30.7,104,7.983e-09,52.0
panx|Xenopus_tropicalis|panx2|A0A8J0SJZ3,cur|Streblospio_benedicti|CM032660.1_38854181_38855281|p9,30.3,105,1.053e-08,51.0
panx|Xenopus_tropicalis|panx2|A0A8J0SJZ3,cur|Adineta_ricciae|CAJNOJ010000009.1_407234_409021|p3,30.3,104,1.389e-08,51.0
panx|Xenopus_tropicalis|panx2|A0A8J0SJZ3,cur|Adineta_ricciae|CAJNOJ010000030.1_78572_80153|p4,30.3,104,1.389e-08,51.0
panx|Xenopus_tropicalis|panx2|A0A8J0SJZ3,cur|Adineta_vaga|CP075494.1_12494283_12495859|p4,30.3,104,1.389e-08,51.0
panx|Xenopus_tropicalis|panx2|A0A8J0SJZ3,cur|Abra_alba|OZ409525.1_47319987_47324644|p7,29.5,106,3.185e-08,50.0
panx|Xenopus_tropicalis|panx2|A0A8J0SJZ3,cur|Acanthocardia_echinata|OZ377328.1_18890103_18896398|p8,30.1,102,4.201e-08,49.0
panx|Xenopus_tropicalis|panx2|A0A8J0SJZ3,cur|Abra_segmentum|OZ251777.1_32509668_32513297|p8,29.3,106,4.201e-08,49.0
panx|Xenopus_tropicalis|panx2|A0A8J0SJZ3,cur|Acanthocardia_echinata|OZ377328.1_11251456_11255941|p4,26.0,130,4.201e-08,49.0
panx|Xenopus_tropicalis|panx2|A0A8J0SJZ3,cur|Rotaria_macrura|OENT01000045.1_119094_122499|p2,29.7,104,4.201e-08,49.0
panx|Xenopus_tropicalis|panx2|A0A8J0SJZ3,cur|Rotaria_macrura|OENT01000325.1_81075_83639|p1,30.3,100,5.54e-08,49.0
panx|Xenopus_tropicalis|panx2|A0A8J0SJZ3,cur|Abra_alba|OZ409525.1_26978116_27031527|p5,29.2,104,9.635e-08,48.0
panx|Xenopus_tropicalis|panx2|A0A8J0SJZ3,cur|Brachionus_koreanus|PJRA01000263.1_5378433_5381126|p5,27.1,118,9.635e-08,48.0
panx|Xenopus_tropicalis|panx2|A0A8J0SJZ3,cur|Brachionus_manjavacas|JAHQIY010000004.1_8292265_8293444|p4,26.9,118,1.271e-07,48.0
panx|Xenopus_tropicalis|panx2|A0A8J0SJZ3,cur|Streblospio_benedicti|CM032660.1_38866392_38867486|p10,28.9,105,1.271e-07,48.0
panx|Xenopus_tropicalis|panx2|A0A8J0SJZ3,cur|Abra_segmentum|OZ251777.1_37626866_37628412|p9,29.2,102,1.676e-07,48.0
panx|Xenopus_tropicalis|panx2|A0A8J0SJZ3,cur|Abra_segmentum|OZ251777.1_37619854_37628968|p2,29.2,102,1.676e-07,48.0
panx|Xenopus_tropicalis|panx2|A0A8J0SJZ3,cur|Acanthocardia_echinata|OZ377328.1_21312057_21325945|p10,29.1,101,2.914e-07,47.0
panx|Xenopus_tropicalis|panx2|A0A8J0SJZ3,cur|Streblospio_benedicti|CM032660.1_13839080_13840183|p6,29.6,98,2.914e-07,47.0
panx|Xenopus_tropicalis|panx2|A0A8J0SJZ3,cur|Acanthocardia_echinata|OZ377328.1_21360257_21387081|p2,28.9,102,2.914e-07,47.0
panx|Xenopus_tropicalis|panx2|A0A8J0SJZ3,cur|Acanthocardia_echinata|OZ377328.1_21341102_21387057|p11,28.9,102,2.914e-07,47.0
panx|Xenopus_tropicalis|panx2|A0A8J0SJZ3,cur|Brachionus_calyciflorus|NTPY01000483.1_809096_811261|p5,28.7,103,2.914e-07,47.0
panx|Xenopus_tropicalis|panx2|A0A8J0SJZ3,cur|Abra_alba|OZ409525.1_27026774_27031521|p3,28.7,102,3.843e-07,46.0
panx|Xenopus_tropicalis|panx2|A0A8J0SJZ3,Caenorhabditis_elegans,29.1,99,5.068e-07,46.0
panx|Xenopus_tropicalis|panx2|A0A8J0SJZ3,cur|Adineta_vaga|CP075494.1_12488368_12495862|p6,27.8,107,5.068e-07,46.0
panx|Xenopus_tropicalis|panx2|A0A8J0SJZ3,cur|Streblospio_benedicti|CM032666.1_530575_537250|p2,28.6,101,6.683e-07,46.0
panx|Xenopus_tropicalis|panx2|A0A8J0SJZ3,cur|Acanthocardia_echinata|OZ377328.1_23337154_23339399|p9,25.7,121,6.683e-07,46.0
panx|Xenopus_tropicalis|panx2|A0A8J0SJZ3,cur|Streblospio_benedicti|CM032663.1_21744357_21747197|p5,24.4,132,8.812e-07,45.0
panx|Xenopus_tropicalis|panx2|A0A8J0SJZ3,cur|Acanthocardia_echinata|OZ377328.1_11291981_11299363|p5,27.9,104,8.812e-07,45.0
panx|Xenopus_tropicalis|panx2|A0A8J0SJZ3,cur|Acanthochitona_discrepans|CM108789.1_17930773_17931897|p3,27.6,105,1.162e-06,45.0
panx|Xenopus_tropicalis|panx2|A0A8J0SJZ3,cur|Streblospio_benedicti|CM032663.1_51675706_51690919|p8,28.1,100,2.021e-06,44.0
panx|Xenopus_tropicalis|panx2|A0A8J0SJZ3,Caenorhabditis_elegans,27.4,104,2.021e-06,44.0
panx|Xenopus_tropicalis|panx2|A0A8J0SJZ3,cur|Brachionus_calyciflorus|NTPY01000330.1_409940_411611|p7,28.1,99,2.664e-06,44.0
panx|Xenopus_tropicalis|panx2|A0A8J0SJZ3,cur|Brachionus_calyciflorus|NTPY01000330.1_409940_411611|p1,28.1,99,2.664e-06,44.0
panx|Xenopus_tropicalis|panx2|A0A8J0SJZ3,cur|Abra_alba|OZ409525.1_53154133_53163052|p4,27.6,102,2.664e-06,44.0
panx|Xenopus_tropicalis|panx2|A0A8J0SJZ3,cur|Abra_segmentum|OZ251777.1_14113510_14127320|p6,27.6,102,2.664e-06,44.0
panx|Xenopus_tropicalis|panx2|A0A8J0SJZ3,cur|Abra_segmentum|OZ251777.1_10571949_10575809|p3,25.3,119,2.664e-06,44.0
panx|Xenopus_tropicalis|panx2|A0A8J0SJZ3,Caenorhabditis_elegans,30.5,86,3.513e-06,43.0
panx|Xenopus_tropicalis|panx2|A0A8J0SJZ3,cur|Abra_alba|OZ409525.1_18330358_18348899|p2,26.8,105,4.633e-06,43.0
panx|Xenopus_tropicalis|panx2|A0A8J0SJZ3,cur|Abra_segmentum|OZ251777.1_53450550_53469929|p1,26.8,105,4.633e-06,43.0
panx|Xenopus_tropicalis|panx2|A0A8J0SJZ3,cur|Acanthocardia_echinata|OZ377328.1_23300040_23302999|p3,26.6,104,8.055e-06,42.0
panx|Xenopus_tropicalis|panx2|A0A8J0SJZ3,cur|Streblospio_benedicti|CM032661.1_36454555_36461623|p1,26.5,104,1.062e-05,42.0
panx|Xenopus_tropicalis|panx2|A0A8J0SJZ3,cur|Acanthocardia_echinata|OZ377325.1_14826690_14837377|p14,26.2,106,1.062e-05,42.0
panx|Xenopus_tropicalis|panx2|A0A8J0SJZ3,cur|Abra_alba|OZ409525.1_26983439_26985168|p1,27.7,95,1.4e-05,41.0
panx|Xenopus_tropicalis|panx2|A0A8J0SJZ3,cur|Acanthochitona_discrepans|JBLVQD010000009.1_6410532_6411647|p4,21.6,151,1.4e-05,41.0
panx|Xenopus_tropicalis|panx2|A0A8J0SJZ3,cur|Acanthochitona_discrepans|CM108789.1_13572118_13573209|p1,26.2,104,1.847e-05,41.0
panx|Xenopus_tropicalis|panx2|A0A8J0SJZ3,cur|Acanthocardia_echinata|OZ377328.1_2223730_2233660|p6,26.4,102,1.847e-05,41.0
panx|Xenopus_tropicalis|panx2|A0A8J0SJZ3,cur|Streblospio_benedicti|CM032660.1_56259174_56277458|p3,26.9,98,2.435e-05,40.0
panx|Xenopus_tropicalis|panx2|A0A8J0SJZ3,cur|Streblospio_benedicti|CM032666.1_10353645_10358349|p7,28.7,88,2.435e-05,40.0
panx|Xenopus_tropicalis|panx2|A0A8J0SJZ3,cur|Acanthochitona_discrepans|CM108789.1_13705717_13706817|p5,26.4,100,3.21e-05,40.0
panx|Xenopus_tropicalis|panx2|A0A8J0SJZ3,Caenorhabditis_elegans,29.1,83,5.581e-05,39.0
panx|Xenopus_tropicalis|panx2|A0A8J0SJZ3,cur|Dryodora_glandiformis|JAUELJ010305675.1_629_1771|p4,24.7,100,0.0005096,36.0
panx|Takifugu_rubripes|panx2|A0A3B5K011,cur|Acanthocardia_echinata|OZ377328.1_21360257_21387081|p2,27.6,102,2.57e-06,44.0
panx|Takifugu_rubripes|panx2|A0A3B5K011,cur|Acanthocardia_echinata|OZ377328.1_21341102_21387057|p11,27.6,102,2.57e-06,44.0
panx|Takifugu_rubripes|panx2|A0A3B5K011,cur|Streblospio_benedicti|CM032663.1_21744357_21747197|p5,23.5,132,5.895e-06,42.0
panx|Takifugu_rubripes|panx2|A0A3B5K011,cur|Streblospio_benedicti|CM032660.1_13839080_13840183|p6,27.4,98,1.025e-05,42.0
panx|Takifugu_rubripes|panx2|A0A3B5K011,cur|Abra_alba|OZ409525.1_26983439_26985168|p1,26.0,95,0.0002149,37.0
panx|Xenopus_tropicalis|panx3|F7D9M9,cur|Brachionus_calyciflorus|NTPY01000970.1_33584_34756|p3,22.6,150,7.662e-07,44.0
panx|Xenopus_tropicalis|panx3|F7D9M9,cur|Adineta_ricciae|CAJNOJ010000009.1_407234_409021|p3,28.3,98,1.34e-06,44.0
panx|Xenopus_tropicalis|panx3|F7D9M9,cur|Adineta_ricciae|CAJNOJ010000030.1_78572_80153|p4,28.3,98,1.34e-06,44.0
panx|Xenopus_tropicalis|panx3|F7D9M9,cur|Adineta_vaga|CP075494.1_12494283_12495859|p4,28.3,98,1.34e-06,44.0
panx|Xenopus_tropicalis|panx3|F7D9M9,cur|Rotaria_macrura|OENT01000045.1_119094_122499|p2,28.3,98,1.34e-06,44.0
panx|Xenopus_tropicalis|panx3|F7D9M9,cur|Adineta_vaga|CP075494.1_12488368_12495862|p6,27.6,101,1.772e-06,43.0
panx|Xenopus_tropicalis|panx3|F7D9M9,cur|Adineta_steineri|CAJNOI010000009.1_556245_558144|p4,27.7,98,3.099e-06,42.0
panx|Xenopus_tropicalis|panx3|F7D9M9,cur|Rotaria_macrura|OENT01000325.1_81075_83639|p1,27.7,98,3.099e-06,42.0
panx|Xenopus_tropicalis|panx3|F7D9M9,cur|Brachionus_calyciflorus|NTPY01000526.1_2301293_2302390|p4,22.2,125,0.0002042,36.0
panx|Takifugu_rubripes|panx3|A0A674M993,cur|Adineta_ricciae|CAJNOJ010000009.1_407234_409021|p3,28.6,116,4.592e-09,52.0
panx|Takifugu_rubripes|panx3|A0A674M993,cur|Adineta_steineri|CAJNOI010000009.1_556245_558144|p4,28.6,116,4.592e-09,52.0
panx|Takifugu_rubripes|panx3|A0A674M993,cur|Adineta_ricciae|CAJNOJ010000030.1_78572_80153|p4,28.5,116,6.07e-09,51.0
panx|Takifugu_rubripes|panx3|A0A674M993,cur|Adineta_vaga|CP075494.1_12494283_12495859|p4,28.5,116,6.07e-09,51.0
panx|Takifugu_rubripes|panx3|A0A674M993,cur|Acanthocardia_echinata|OZ377328.1_2223730_2233660|p6,28.7,112,1.402e-08,50.0
panx|Takifugu_rubripes|panx3|A0A674M993,cur|Adineta_vaga|CP075494.1_12488368_12495862|p6,27.6,119,1.402e-08,50.0
panx|Takifugu_rubripes|panx3|A0A674M993,cur|Rotaria_macrura|OENT01000045.1_119094_122499|p2,28.1,116,1.402e-08,50.0
panx|Takifugu_rubripes|panx3|A0A674M993,cur|Rotaria_macrura|OENT01000325.1_81075_83639|p1,27.9,116,1.853e-08,50.0
panx|Takifugu_rubripes|panx3|A0A674M993,cur|Brachionus_koreanus|PJRA01000555.1_1340882_1341979|p2,27.6,115,4.279e-08,49.0
panx|Takifugu_rubripes|panx3|A0A674M993,cur|Brachionus_manjavacas|JAHQIY010000020.1_863382_864479|p2,25.8,128,5.655e-08,48.0
panx|Takifugu_rubripes|panx3|A0A674M993,cur|Streblospio_benedicti|CM032663.1_51675706_51690919|p8,27.3,114,9.878e-08,48.0
panx|Takifugu_rubripes|panx3|A0A674M993,cur|Streblospio_benedicti|CM032660.1_38854181_38855281|p9,26.8,118,9.878e-08,48.0
panx|Takifugu_rubripes|panx3|A0A674M993,cur|Abra_segmentum|OZ251777.1_14113510_14127320|p6,26.9,114,2.28e-07,46.0
panx|Takifugu_rubripes|panx3|A0A674M993,cur|Acanthochitona_discrepans|JBLVQD010000009.1_6410532_6411647|p4,26.2,118,3.012e-07,46.0
panx|Takifugu_rubripes|panx3|A0A674M993,cur|Brachionus_calyciflorus|NTPY01000526.1_2301293_2302390|p4,26.3,115,5.26e-07,45.0
panx|Takifugu_rubripes|panx3|A0A674M993,cur|Streblospio_benedicti|CM032660.1_38859841_38860992|p4,23.5,140,6.95e-07,45.0
panx|Takifugu_rubripes|panx3|A0A674M993,cur|Streblospio_benedicti|CM032660.1_38866392_38867486|p10,27.1,107,9.183e-07,44.0
panx|Takifugu_rubripes|panx3|A0A674M993,cur|Streblospio_benedicti|CM032661.1_36454555_36461623|p1,27.0,108,9.183e-07,44.0
panx|Takifugu_rubripes|panx3|A0A674M993,cur|Brachionus_calyciflorus|NTPY01000970.1_33584_34756|p3,25.0,122,1.213e-06,44.0
panx|Takifugu_rubripes|panx3|A0A674M993,cur|Brachionus_calyciflorus|NTPY01000330.1_409940_411611|p7,27.9,100,1.603e-06,44.0
panx|Takifugu_rubripes|panx3|A0A674M993,cur|Brachionus_calyciflorus|NTPY01000330.1_409940_411611|p1,27.9,100,1.603e-06,44.0
panx|Takifugu_rubripes|panx3|A0A674M993,cur|Abra_alba|OZ409525.1_53154133_53163052|p4,25.9,114,1.603e-06,44.0
panx|Takifugu_rubripes|panx3|A0A674M993,cur|Acanthochitona_discrepans|CM108789.1_13572118_13573209|p1,26.0,112,2.118e-06,43.0
panx|Takifugu_rubripes|panx3|A0A674M993,cur|Brachionus_manjavacas|JAHQIY010000004.1_8292265_8293444|p4,23.7,130,3.697e-06,42.0
panx|Takifugu_rubripes|panx3|A0A674M993,cur|Streblospio_benedicti|CM032666.1_530575_537250|p2,23.5,131,4.884e-06,42.0
panx|Takifugu_rubripes|panx3|A0A674M993,cur|Acanthocardia_echinata|OZ377328.1_11291981_11299363|p5,28.9,89,8.523e-06,41.0
panx|Takifugu_rubripes|panx3|A0A674M993,Caenorhabditis_elegans,26.9,100,8.523e-06,41.0
panx|Takifugu_rubripes|panx3|A0A674M993,cur|Abra_alba|OZ409525.1_18330358_18348899|p2,23.8,123,1.126e-05,41.0
panx|Takifugu_rubripes|panx3|A0A674M993,cur|Abra_segmentum|OZ251777.1_53450550_53469929|p1,23.8,123,1.126e-05,41.0
panx|Takifugu_rubripes|panx3|A0A674M993,cur|Acanthocardia_echinata|OZ377328.1_21360257_21387081|p2,24.5,107,0.0001043,38.0
panx|Takifugu_rubripes|panx3|A0A674M993,cur|Acanthocardia_echinata|OZ377328.1_21341102_21387057|p11,24.5,107,0.0001043,38.0
panx|Takifugu_rubripes|panx3|A0A674M993,cur|Streblospio_benedicti|CM032666.1_10353645_10358349|p7,25.5,98,0.0001378,37.0
panx|Gallus_gallus|PANX1|A0A1D5P0I0,cur|Streblospio_benedicti|CM032666.1_530575_537250|p2,32.3,85,2.075e-07,46.0
panx|Gallus_gallus|PANX1|A0A1D5P0I0,cur|Adineta_steineri|CAJNOI010000009.1_556245_558144|p4,23.5,146,2.075e-07,46.0
panx|Gallus_gallus|PANX1|A0A1D5P0I0,cur|Adineta_vaga|CP075494.1_12488368_12495862|p6,30.7,91,2.743e-07,46.0
panx|Gallus_gallus|PANX1|A0A1D5P0I0,cur|Adineta_ricciae|CAJNOJ010000009.1_407234_409021|p3,31.2,88,3.627e-07,46.0
panx|Gallus_gallus|PANX1|A0A1D5P0I0,cur|Adineta_ricciae|CAJNOJ010000030.1_78572_80153|p4,31.2,88,3.627e-07,46.0
panx|Gallus_gallus|PANX1|A0A1D5P0I0,cur|Adineta_vaga|CP075494.1_12494283_12495859|p4,31.2,88,3.627e-07,46.0
panx|Gallus_gallus|PANX1|A0A1D5P0I0,cur|Rotaria_macrura|OENT01000045.1_119094_122499|p2,31.2,88,3.627e-07,46.0
panx|Gallus_gallus|PANX1|A0A1D5P0I0,cur|Rotaria_macrura|OENT01000325.1_81075_83639|p1,31.2,88,3.627e-07,46.0
panx|Gallus_gallus|PANX1|A0A1D5P0I0,cur|Acanthochitona_discrepans|CM108789.1_13572118_13573209|p1,31.4,86,4.795e-07,45.0
panx|Gallus_gallus|PANX1|A0A1D5P0I0,cur|Brachionus_calyciflorus|NTPY01000526.1_2301293_2302390|p4,25.1,125,4.795e-07,45.0
panx|Gallus_gallus|PANX1|A0A1D5P0I0,cur|Brachionus_manjavacas|JAHQIY010000004.1_8292265_8293444|p4,30.6,87,1.108e-06,44.0
panx|Gallus_gallus|PANX1|A0A1D5P0I0,cur|Brachionus_calyciflorus|NTPY01000330.1_409940_411611|p7,28.8,93,2.558e-06,43.0
panx|Gallus_gallus|PANX1|A0A1D5P0I0,cur|Brachionus_calyciflorus|NTPY01000330.1_409940_411611|p1,29.8,87,3.381e-06,42.0
panx|Gallus_gallus|PANX1|A0A1D5P0I0,cur|Acanthochitona_discrepans|JBLVQD010000009.1_6410532_6411647|p4,29.2,89,4.469e-06,42.0
panx|Gallus_gallus|PANX1|A0A1D5P0I0,cur|Brachionus_calyciflorus|NTPY01000970.1_33584_34756|p3,24.0,125,4.469e-06,42.0
panx|Gallus_gallus|PANX1|A0A1D5P0I0,cur|Streblospio_benedicti|CM032663.1_51675706_51690919|p8,28.7,89,1.032e-05,41.0
panx|Gallus_gallus|PANX1|A0A1D5P0I0,cur|Acanthocardia_echinata|OZ377328.1_2223730_2233660|p6,19.1,199,1.032e-05,41.0
panx|Gallus_gallus|PANX1|A0A1D5P0I0,cur|Abra_alba|OZ409525.1_53154133_53163052|p4,27.9,89,3.146e-05,39.0
panx|Gallus_gallus|PANX1|A0A1D5P0I0,cur|Abra_segmentum|OZ251777.1_14113510_14127320|p6,27.5,89,5.494e-05,38.0
panx|Gallus_gallus|PANX1|A0A1D5P0I0,cur|Abra_alba|OZ409525.1_18330358_18348899|p2,22.1,128,0.0001674,37.0
panx|Gallus_gallus|PANX1|A0A1D5P0I0,cur|Abra_segmentum|OZ251777.1_53450550_53469929|p1,22.1,128,0.0001674,37.0
panx|Gallus_gallus|PANX1|A0A1D5P0I0,cur|Acanthocardia_echinata|OZ377328.1_11291981_11299363|p5,26.2,89,0.0003862,36.0
panx|Takifugu_rubripes|PANX|H2SGQ8,cur|Acanthocardia_echinata|OZ377328.1_21360257_21387081|p2,27.6,102,2.312e-06,44.0
panx|Takifugu_rubripes|PANX|H2SGQ8,cur|Acanthocardia_echinata|OZ377328.1_21341102_21387057|p11,27.6,102,2.312e-06,44.0
panx|Takifugu_rubripes|PANX|H2SGQ8,cur|Streblospio_benedicti|CM032663.1_21744357_21747197|p5,23.5,132,5.308e-06,42.0
panx|Takifugu_rubripes|PANX|H2SGQ8,cur|Streblospio_benedicti|CM032660.1_13839080_13840183|p6,27.4,98,9.238e-06,42.0
panx|Takifugu_rubripes|PANX|H2SGQ8,cur|Abra_alba|OZ409525.1_26983439_26985168|p1,26.0,95,0.0001943,37.0
panx|Gallus_gallus|PANX2|A0A8V0XA00,cur|Streblospio_benedicti|CM032660.1_38859841_38860992|p4,31.6,105,9.094e-10,55.0
panx|Gallus_gallus|PANX2|A0A8V0XA00,cur|Streblospio_benedicti|CM032660.1_38854181_38855281|p9,31.1,105,2.092e-09,53.0
panx|Gallus_gallus|PANX2|A0A8V0XA00,cur|Adineta_steineri|CAJNOI010000009.1_556245_558144|p4,31.1,104,2.761e-09,53.0
panx|Gallus_gallus|PANX2|A0A8V0XA00,cur|Abra_alba|OZ409525.1_47319987_47324644|p7,30.6,106,3.645e-09,53.0
panx|Gallus_gallus|PANX2|A0A8V0XA00,cur|Adineta_ricciae|CAJNOJ010000009.1_407234_409021|p3,30.8,104,4.811e-09,52.0
panx|Gallus_gallus|PANX2|A0A8V0XA00,cur|Adineta_ricciae|CAJNOJ010000030.1_78572_80153|p4,30.8,104,4.811e-09,52.0
panx|Gallus_gallus|PANX2|A0A8V0XA00,cur|Adineta_vaga|CP075494.1_12494283_12495859|p4,30.8,104,4.811e-09,52.0
panx|Gallus_gallus|PANX2|A0A8V0XA00,cur|Acanthochitona_discrepans|CM108789.1_13668655_13669749|p2,31.3,100,8.383e-09,51.0
panx|Gallus_gallus|PANX2|A0A8V0XA00,cur|Abra_segmentum|OZ251777.1_32509668_32513297|p8,29.8,106,1.46e-08,51.0
panx|Gallus_gallus|PANX2|A0A8V0XA00,cur|Rotaria_macrura|OENT01000045.1_119094_122499|p2,30.2,104,1.46e-08,51.0
panx|Gallus_gallus|PANX2|A0A8V0XA00,cur|Rotaria_macrura|OENT01000325.1_81075_83639|p1,30.8,100,1.928e-08,50.0
panx|Gallus_gallus|PANX2|A0A8V0XA00,cur|Brachionus_koreanus|PJRA01000263.1_5378433_5381126|p5,27.5,118,3.358e-08,49.0
panx|Gallus_gallus|PANX2|A0A8V0XA00,cur|Brachionus_manjavacas|JAHQIY010000004.1_8292265_8293444|p4,27.4,118,4.432e-08,49.0
panx|Gallus_gallus|PANX2|A0A8V0XA00,cur|Adineta_vaga|CP075494.1_12488368_12495862|p6,29.0,107,4.432e-08,49.0
panx|Gallus_gallus|PANX2|A0A8V0XA00,cur|Acanthocardia_echinata|OZ377328.1_11251456_11255941|p4,25.9,130,4.432e-08,49.0
panx|Gallus_gallus|PANX2|A0A8V0XA00,cur|Streblospio_benedicti|CM032660.1_38866392_38867486|p10,29.2,105,5.849e-08,49.0
panx|Gallus_gallus|PANX2|A0A8V0XA00,cur|Streblospio_benedicti|CM032663.1_21744357_21747197|p5,25.4,132,7.72e-08,48.0
panx|Gallus_gallus|PANX2|A0A8V0XA00,cur|Acanthocardia_echinata|OZ377328.1_18890103_18896398|p8,29.4,102,1.019e-07,48.0
panx|Gallus_gallus|PANX2|A0A8V0XA00,Caenorhabditis_elegans,29.8,99,1.345e-07,48.0
panx|Gallus_gallus|PANX2|A0A8V0XA00,cur|Acanthocardia_echinata|OZ377328.1_21360257_21387081|p2,29.2,102,1.345e-07,48.0
panx|Gallus_gallus|PANX2|A0A8V0XA00,cur|Acanthocardia_echinata|OZ377328.1_21341102_21387057|p11,29.2,102,1.345e-07,48.0
panx|Gallus_gallus|PANX2|A0A8V0XA00,cur|Streblospio_benedicti|CM032666.1_530575_537250|p2,29.1,101,2.342e-07,47.0
panx|Gallus_gallus|PANX2|A0A8V0XA00,cur|Acanthocardia_echinata|OZ377328.1_21312057_21325945|p10,29.1,101,2.342e-07,47.0
panx|Gallus_gallus|PANX2|A0A8V0XA00,cur|Streblospio_benedicti|CM032660.1_13839080_13840183|p6,29.6,98,2.342e-07,47.0
panx|Gallus_gallus|PANX2|A0A8V0XA00,cur|Abra_alba|OZ409525.1_26978116_27031527|p5,28.6,104,2.342e-07,47.0
panx|Gallus_gallus|PANX2|A0A8V0XA00,cur|Streblospio_benedicti|CM032661.1_36454555_36461623|p1,28.6,104,2.342e-07,47.0
panx|Gallus_gallus|PANX2|A0A8V0XA00,cur|Acanthochitona_discrepans|CM108789.1_17930773_17931897|p3,28.2,105,3.09e-07,46.0
panx|Gallus_gallus|PANX2|A0A8V0XA00,cur|Acanthocardia_echinata|OZ377328.1_11291981_11299363|p5,28.4,104,3.09e-07,46.0
panx|Gallus_gallus|PANX2|A0A8V0XA00,cur|Abra_segmentum|OZ251777.1_37626866_37628412|p9,28.6,102,4.078e-07,46.0
panx|Gallus_gallus|PANX2|A0A8V0XA00,cur|Abra_segmentum|OZ251777.1_37619854_37628968|p2,28.6,102,4.078e-07,46.0
panx|Gallus_gallus|PANX2|A0A8V0XA00,cur|Streblospio_benedicti|CM032663.1_51675706_51690919|p8,28.8,100,5.382e-07,46.0
panx|Gallus_gallus|PANX2|A0A8V0XA00,cur|Acanthocardia_echinata|OZ377328.1_23337154_23339399|p9,24.9,128,5.382e-07,46.0
panx|Gallus_gallus|PANX2|A0A8V0XA00,Caenorhabditis_elegans,31.4,86,7.102e-07,45.0
panx|Gallus_gallus|PANX2|A0A8V0XA00,cur|Abra_alba|OZ409525.1_53154133_53163052|p4,28.1,102,9.372e-07,45.0
panx|Gallus_gallus|PANX2|A0A8V0XA00,cur|Abra_segmentum|OZ251777.1_14113510_14127320|p6,28.1,102,9.372e-07,45.0
panx|Gallus_gallus|PANX2|A0A8V0XA00,cur|Acanthocardia_echinata|OZ377325.1_14826690_14837377|p14,25.3,122,9.372e-07,45.0
panx|Gallus_gallus|PANX2|A0A8V0XA00,cur|Abra_alba|OZ409525.1_27026774_27031521|p3,28.1,102,9.372e-07,45.0
panx|Gallus_gallus|PANX2|A0A8V0XA00,cur|Abra_segmentum|OZ251777.1_10571949_10575809|p3,25.7,119,9.372e-07,45.0
panx|Gallus_gallus|PANX2|A0A8V0XA00,cur|Brachionus_calyciflorus|NTPY01000330.1_409940_411611|p7,28.4,99,1.237e-06,44.0
panx|Gallus_gallus|PANX2|A0A8V0XA00,cur|Brachionus_calyciflorus|NTPY01000330.1_409940_411611|p1,28.4,99,1.237e-06,44.0
panx|Gallus_gallus|PANX2|A0A8V0XA00,cur|Abra_alba|OZ409525.1_18330358_18348899|p2,27.3,105,1.632e-06,44.0
panx|Gallus_gallus|PANX2|A0A8V0XA00,cur|Abra_segmentum|OZ251777.1_53450550_53469929|p1,27.3,105,1.632e-06,44.0
panx|Gallus_gallus|PANX2|A0A8V0XA00,cur|Abra_alba|OZ409525.1_26983439_26985168|p1,28.8,95,2.154e-06,44.0
panx|Gallus_gallus|PANX2|A0A8V0XA00,cur|Acanthocardia_echinata|OZ377328.1_23300040_23302999|p3,27.3,104,2.154e-06,44.0
panx|Gallus_gallus|PANX2|A0A8V0XA00,cur|Acanthochitona_discrepans|CM108789.1_13572118_13573209|p1,27.0,104,3.75e-06,43.0
panx|Gallus_gallus|PANX2|A0A8V0XA00,cur|Acanthochitona_discrepans|JBLVQD010000009.1_6410532_6411647|p4,22.0,151,4.948e-06,42.0
panx|Gallus_gallus|PANX2|A0A8V0XA00,cur|Acanthocardia_echinata|OZ377328.1_2223730_2233660|p6,26.9,102,6.529e-06,42.0
panx|Gallus_gallus|PANX2|A0A8V0XA00,cur|Streblospio_benedicti|CM032660.1_56259174_56277458|p3,27.2,98,1.137e-05,41.0
panx|Gallus_gallus|PANX2|A0A8V0XA00,cur|Streblospio_benedicti|CM032666.1_10353645_10358349|p7,29.1,88,1.137e-05,41.0
panx|Gallus_gallus|PANX2|A0A8V0XA00,cur|Acanthochitona_discrepans|CM108789.1_13705717_13706817|p5,26.7,100,1.5e-05,41.0
panx|Gallus_gallus|PANX2|A0A8V0XA00,Caenorhabditis_elegans,29.7,83,1.979e-05,40.0
panx|Gallus_gallus|PANX2|A0A8V0XA00,cur|Dryodora_glandiformis|JAUELJ010305675.1_629_1771|p4,26.1,100,4.545e-05,39.0
panx|Gallus_gallus|PANX3|A0A8V1A6C8,cur|Brachionus_calyciflorus|NTPY01000970.1_33584_34756|p3,24.9,139,2.893e-08,49.0
panx|Gallus_gallus|PANX3|A0A8V1A6C8,cur|Adineta_ricciae|CAJNOJ010000009.1_407234_409021|p3,29.1,103,8.849e-08,48.0
panx|Gallus_gallus|PANX3|A0A8V1A6C8,cur|Adineta_ricciae|CAJNOJ010000030.1_78572_80153|p4,29.1,103,8.849e-08,48.0
panx|Gallus_gallus|PANX3|A0A8V1A6C8,cur|Adineta_vaga|CP075494.1_12494283_12495859|p4,29.1,103,8.849e-08,48.0
panx|Gallus_gallus|PANX3|A0A8V1A6C8,cur|Adineta_steineri|CAJNOI010000009.1_556245_558144|p4,28.9,103,1.17e-07,47.0
panx|Gallus_gallus|PANX3|A0A8V1A6C8,cur|Rotaria_macrura|OENT01000045.1_119094_122499|p2,29.6,99,1.17e-07,47.0
panx|Gallus_gallus|PANX3|A0A8V1A6C8,cur|Rotaria_macrura|OENT01000325.1_81075_83639|p1,29.1,99,2.705e-07,46.0
panx|Gallus_gallus|PANX3|A0A8V1A6C8,cur|Brachionus_calyciflorus|NTPY01000526.1_2301293_2302390|p4,24.8,127,6.251e-07,45.0
panx|Gallus_gallus|PANX3|A0A8V1A6C8,cur|Brachionus_koreanus|PJRA01000555.1_1340882_1341979|p2,24.2,127,1.909e-06,43.0
panx|Gallus_gallus|PANX3|A0A8V1A6C8,cur|Adineta_vaga|CP075494.1_12488368_12495862|p6,26.7,106,2.524e-06,43.0
panx|Gallus_gallus|PANX3|A0A8V1A6C8,cur|Brachionus_manjavacas|JAHQIY010000020.1_863382_864479|p2,23.3,127,1.346e-05,40.0
panx|Gallus_gallus|PANX3|A0A8V1A6C8,cur|Streblospio_benedicti|CM032660.1_38866392_38867486|p10,25.5,104,3.106e-05,39.0
panx|Gallus_gallus|PANX3|A0A8V1A6C8,cur|Streblospio_benedicti|CM032663.1_51675706_51690919|p8,25.9,101,3.106e-05,39.0
panx|Gallus_gallus|PANX3|A0A8V1A6C8,cur|Brachionus_calyciflorus|NTPY01000330.1_409940_411611|p7,25.9,99,5.424e-05,38.0
panx|Gallus_gallus|PANX3|A0A8V1A6C8,cur|Brachionus_calyciflorus|NTPY01000330.1_409940_411611|p1,25.9,99,5.424e-05,38.0
panx|Gallus_gallus|PANX3|A0A8V1A6C8,cur|Streblospio_benedicti|CM032666.1_530575_537250|p2,25.7,99,7.168e-05,38.0
panx|Gallus_gallus|PANX3|A0A8V1A6C8,cur|Brachionus_manjavacas|JAHQIY010000004.1_8292265_8293444|p4,22.4,128,7.168e-05,38.0
panx|Gallus_gallus|PANX3|A0A8V1A6C8,cur|Acanthochitona_discrepans|CM108789.1_13572118_13573209|p1,25.9,98,7.168e-05,38.0
panx|Gallus_gallus|PANX3|A0A8V1A6C8,cur|Streblospio_benedicti|CM032660.1_38854181_38855281|p9,25.0,104,7.168e-05,38.0
panx|Gallus_gallus|PANX3|A0A8V1A6C8,cur|Streblospio_benedicti|CM032660.1_38859841_38860992|p4,24.9,104,9.471e-05,38.0
panx|Gallus_gallus|PANX3|A0A8V1A6C8,cur|Streblospio_benedicti|CM032661.1_36454555_36461623|p1,24.7,103,0.0001654,37.0
panx|Gallus_gallus|PANX3|A0A8V1A6C8,cur|Streblospio_benedicti|CM032660.1_23991495_23998058|p11,24.9,99,0.0002887,36.0
panx|Anolis_carolinensis|PANX2|G1KAJ7,cur|Streblospio_benedicti|CM032660.1_38859841_38860992|p4,31.9,105,6.744e-10,55.0
panx|Anolis_carolinensis|PANX2|G1KAJ7,cur|Streblospio_benedicti|CM032660.1_38854181_38855281|p9,31.7,105,8.895e-10,55.0
panx|Anolis_carolinensis|PANX2|G1KAJ7,cur|Acanthochitona_discrepans|CM108789.1_13668655_13669749|p2,31.6,100,6.173e-09,52.0
panx|Anolis_carolinensis|PANX2|G1KAJ7,cur|Acanthocardia_echinata|OZ377328.1_21360257_21387081|p2,30.5,102,1.867e-08,51.0
panx|Anolis_carolinensis|PANX2|G1KAJ7,cur|Acanthocardia_echinata|OZ377328.1_21341102_21387057|p11,30.5,102,1.867e-08,51.0
panx|Anolis_carolinensis|PANX2|G1KAJ7,cur|Streblospio_benedicti|CM032660.1_38866392_38867486|p10,29.7,105,3.248e-08,50.0
panx|Anolis_carolinensis|PANX2|G1KAJ7,cur|Acanthocardia_echinata|OZ377328.1_18890103_18896398|p8,30.2,102,3.248e-08,50.0
panx|Anolis_carolinensis|PANX2|G1KAJ7,cur|Brachionus_manjavacas|JAHQIY010000004.1_8292265_8293444|p4,27.5,118,4.283e-08,49.0
panx|Anolis_carolinensis|PANX2|G1KAJ7,cur|Streblospio_benedicti|CM032663.1_21744357_21747197|p5,25.6,132,5.648e-08,49.0
panx|Anolis_carolinensis|PANX2|G1KAJ7,cur|Abra_alba|OZ409525.1_26978116_27031527|p5,29.4,104,7.448e-08,49.0
panx|Anolis_carolinensis|PANX2|G1KAJ7,cur|Streblospio_benedicti|CM032660.1_13839080_13840183|p6,30.3,98,9.821e-08,48.0
panx|Anolis_carolinensis|PANX2|G1KAJ7,cur|Abra_segmentum|OZ251777.1_37626866_37628412|p9,29.4,102,1.295e-07,48.0
panx|Anolis_carolinensis|PANX2|G1KAJ7,Caenorhabditis_elegans,29.9,99,1.295e-07,48.0
panx|Anolis_carolinensis|PANX2|G1KAJ7,cur|Abra_segmentum|OZ251777.1_37619854_37628968|p2,29.4,102,1.295e-07,48.0
panx|Anolis_carolinensis|PANX2|G1KAJ7,cur|Streblospio_benedicti|CM032666.1_530575_537250|p2,29.4,101,1.708e-07,48.0
panx|Anolis_carolinensis|PANX2|G1KAJ7,cur|Streblospio_benedicti|CM032661.1_36454555_36461623|p1,28.9,104,1.708e-07,48.0
panx|Anolis_carolinensis|PANX2|G1KAJ7,cur|Acanthocardia_echinata|OZ377328.1_21312057_21325945|p10,29.2,101,2.252e-07,47.0
panx|Anolis_carolinensis|PANX2|G1KAJ7,Caenorhabditis_elegans,32.4,86,2.252e-07,47.0
panx|Anolis_carolinensis|PANX2|G1KAJ7,cur|Abra_alba|OZ409525.1_27026774_27031521|p3,28.9,102,2.97e-07,47.0
panx|Anolis_carolinensis|PANX2|G1KAJ7,cur|Brachionus_calyciflorus|NTPY01000330.1_409940_411611|p7,29.3,99,3.916e-07,46.0
panx|Anolis_carolinensis|PANX2|G1KAJ7,cur|Brachionus_calyciflorus|NTPY01000330.1_409940_411611|p1,29.3,99,3.916e-07,46.0
panx|Anolis_carolinensis|PANX2|G1KAJ7,cur|Acanthocardia_echinata|OZ377328.1_23337154_23339399|p9,25.2,128,3.916e-07,46.0
panx|Anolis_carolinensis|PANX2|G1KAJ7,cur|Abra_segmentum|OZ251777.1_10571949_10575809|p3,26.0,119,6.809e-07,46.0
panx|Anolis_carolinensis|PANX2|G1KAJ7,cur|Abra_alba|OZ409525.1_26983439_26985168|p1,29.2,95,1.561e-06,44.0
panx|Anolis_carolinensis|PANX2|G1KAJ7,cur|Acanthochitona_discrepans|CM108789.1_13572118_13573209|p1,27.4,104,2.058e-06,44.0
panx|Anolis_carolinensis|PANX2|G1KAJ7,cur|Acanthocardia_echinata|OZ377325.1_14826690_14837377|p14,25.0,122,2.058e-06,44.0
panx|Anolis_carolinensis|PANX2|G1KAJ7,cur|Abra_alba|OZ409525.1_18330358_18348899|p2,27.3,105,2.058e-06,44.0
panx|Anolis_carolinensis|PANX2|G1KAJ7,cur|Abra_segmentum|OZ251777.1_53450550_53469929|p1,27.3,105,2.058e-06,44.0
panx|Anolis_carolinensis|PANX2|G1KAJ7,cur|Streblospio_benedicti|CM032660.1_56259174_56277458|p3,27.6,98,8.203e-06,42.0
panx|Anolis_carolinensis|PANX2|G1KAJ7,Caenorhabditis_elegans,23.0,112,0.0009013,35.0
panx|Anolis_carolinensis|PANX3|H9G3D5,cur|Adineta_ricciae|CAJNOJ010000009.1_407234_409021|p3,30.1,116,2.268e-10,56.0
panx|Anolis_carolinensis|PANX3|H9G3D5,cur|Adineta_steineri|CAJNOI010000009.1_556245_558144|p4,30.1,116,2.268e-10,56.0
panx|Anolis_carolinensis|PANX3|H9G3D5,cur|Adineta_ricciae|CAJNOJ010000030.1_78572_80153|p4,29.9,116,3.003e-10,55.0
panx|Anolis_carolinensis|PANX3|H9G3D5,cur|Adineta_vaga|CP075494.1_12494283_12495859|p4,29.9,116,3.003e-10,55.0
panx|Anolis_carolinensis|PANX3|H9G3D5,cur|Rotaria_macrura|OENT01000045.1_119094_122499|p2,29.9,116,3.003e-10,55.0
panx|Anolis_carolinensis|PANX3|H9G3D5,cur|Rotaria_macrura|OENT01000325.1_81075_83639|p1,33.0,99,3.977e-10,55.0
panx|Anolis_carolinensis|PANX3|H9G3D5,cur|Acanthocardia_echinata|OZ377328.1_2223730_2233660|p6,26.6,137,9.23e-10,54.0
panx|Anolis_carolinensis|PANX3|H9G3D5,cur|Adineta_vaga|CP075494.1_12488368_12495862|p6,28.9,119,9.23e-10,54.0
panx|Anolis_carolinensis|PANX3|H9G3D5,cur|Brachionus_calyciflorus|NTPY01000970.1_33584_34756|p3,25.6,142,2.834e-09,52.0
panx|Anolis_carolinensis|PANX3|H9G3D5,cur|Brachionus_calyciflorus|NTPY01000526.1_2301293_2302390|p4,26.0,137,3.752e-09,52.0
panx|Anolis_carolinensis|PANX3|H9G3D5,cur|Brachionus_koreanus|PJRA01000555.1_1340882_1341979|p2,25.6,137,8.698e-09,51.0
panx|Anolis_carolinensis|PANX3|H9G3D5,cur|Brachionus_manjavacas|JAHQIY010000020.1_863382_864479|p2,30.0,105,8.698e-09,51.0
panx|Anolis_carolinensis|PANX3|H9G3D5,cur|Abra_segmentum|OZ251777.1_14113510_14127320|p6,25.5,137,1.151e-08,50.0
panx|Anolis_carolinensis|PANX3|H9G3D5,cur|Abra_alba|OZ409525.1_53154133_53163052|p4,25.2,137,2.016e-08,49.0
panx|Anolis_carolinensis|PANX3|H9G3D5,cur|Acanthochitona_discrepans|JBLVQD010000009.1_6410532_6411647|p4,27.9,111,6.178e-08,48.0
panx|Anolis_carolinensis|PANX3|H9G3D5,cur|Streblospio_benedicti|CM032666.1_10353645_10358349|p7,29.1,99,2.503e-07,46.0
panx|Anolis_carolinensis|PANX3|H9G3D5,cur|Brachionus_calyciflorus|NTPY01000330.1_409940_411611|p7,28.9,99,3.311e-07,46.0
panx|Anolis_carolinensis|PANX3|H9G3D5,cur|Brachionus_calyciflorus|NTPY01000330.1_409940_411611|p1,28.9,99,3.311e-07,46.0
panx|Anolis_carolinensis|PANX3|H9G3D5,cur|Streblospio_benedicti|CM032660.1_38854181_38855281|p9,27.9,104,4.38e-07,45.0
panx|Anolis_carolinensis|PANX3|H9G3D5,cur|Streblospio_benedicti|CM032660.1_23991495_23998058|p11,28.6,99,5.793e-07,45.0
panx|Anolis_carolinensis|PANX3|H9G3D5,cur|Streblospio_benedicti|CM032663.1_51675706_51690919|p8,28.4,100,5.793e-07,45.0
panx|Anolis_carolinensis|PANX3|H9G3D5,cur|Dryodora_glandiformis|JAUELJ010241728.1_537_1514|p5,26.5,107,2.344e-06,43.0
panx|Anolis_carolinensis|PANX3|H9G3D5,cur|Streblospio_benedicti|CM032666.1_530575_537250|p2,27.6,99,3.099e-06,42.0
panx|Anolis_carolinensis|PANX3|H9G3D5,cur|Brachionus_manjavacas|JAHQIY010000004.1_8292265_8293444|p4,24.4,123,3.099e-06,42.0
panx|Anolis_carolinensis|PANX3|H9G3D5,cur|Streblospio_benedicti|CM032661.1_36454555_36461623|p1,26.9,103,3.099e-06,42.0
panx|Anolis_carolinensis|PANX3|H9G3D5,cur|Brachionus_calyciflorus|NTPY01000529.1_56274_58710|p2,28.1,96,3.099e-06,42.0
panx|Anolis_carolinensis|PANX3|H9G3D5,cur|Abra_alba|OZ409525.1_47319987_47324644|p7,17.4,260,4.098e-06,42.0
panx|Anolis_carolinensis|PANX3|H9G3D5,cur|Acanthochitona_discrepans|CM108789.1_13668655_13669749|p2,20.0,182,5.419e-06,42.0
panx|Anolis_carolinensis|PANX3|H9G3D5,cur|Acanthochitona_discrepans|CM108789.1_13572118_13573209|p1,24.9,111,1.656e-05,40.0
panx|Anolis_carolinensis|PANX3|H9G3D5,cur|Acanthocardia_echinata|OZ377328.1_11291981_11299363|p5,26.4,100,1.656e-05,40.0
panx|Anolis_carolinensis|PANX3|H9G3D5,cur|Abra_segmentum|OZ251777.1_32509668_32513297|p8,17.1,260,2.19e-05,40.0
panx|Anolis_carolinensis|PANX3|H9G3D5,cur|Abra_alba|OZ409525.1_18330358_18348899|p2,21.3,149,2.19e-05,40.0
panx|Anolis_carolinensis|PANX3|H9G3D5,cur|Abra_segmentum|OZ251777.1_53450550_53469929|p1,21.3,149,2.19e-05,40.0
panx|Anolis_carolinensis|PANX3|H9G3D5,cur|Acanthocardia_echinata|OZ377328.1_23300040_23302999|p3,25.9,100,3.827e-05,39.0
panx|Anolis_carolinensis|PANX3|H9G3D5,cur|Acanthocardia_echinata|OZ377328.1_11251456_11255941|p4,20.7,155,3.827e-05,39.0
panx|Anolis_carolinensis|PANX3|H9G3D5,cur|Streblospio_benedicti|CM032660.1_38866392_38867486|p10,23.0,118,0.0001545,37.0
panx|Anolis_carolinensis|PANX3|H9G3D5,cur|Acanthocardia_echinata|OZ377328.1_19071829_19072938|p1,17.2,223,0.0004714,35.0
panx|Homo_sapiens|PANX2|Q96RD6,cur|Streblospio_benedicti|CM032660.1_38859841_38860992|p4,31.4,105,1.523e-09,54.0
panx|Homo_sapiens|PANX2|Q96RD6,cur|Streblospio_benedicti|CM032660.1_38854181_38855281|p9,31.3,105,2.008e-09,54.0
panx|Homo_sapiens|PANX2|Q96RD6,cur|Abra_alba|OZ409525.1_47319987_47324644|p7,30.6,106,4.608e-09,53.0
panx|Homo_sapiens|PANX2|Q96RD6,cur|Adineta_steineri|CAJNOI010000009.1_556245_558144|p4,30.8,104,6.077e-09,52.0
panx|Homo_sapiens|PANX2|Q96RD6,cur|Adineta_ricciae|CAJNOJ010000009.1_407234_409021|p3,30.5,104,1.057e-08,51.0
panx|Homo_sapiens|PANX2|Q96RD6,cur|Adineta_ricciae|CAJNOJ010000030.1_78572_80153|p4,30.5,104,1.057e-08,51.0
panx|Homo_sapiens|PANX2|Q96RD6,cur|Adineta_vaga|CP075494.1_12494283_12495859|p4,30.5,104,1.057e-08,51.0
panx|Homo_sapiens|PANX2|Q96RD6,cur|Acanthochitona_discrepans|CM108789.1_13668655_13669749|p2,30.9,100,1.839e-08,51.0
panx|Homo_sapiens|PANX2|Q96RD6,cur|Abra_segmentum|OZ251777.1_32509668_32513297|p8,29.8,106,1.839e-08,51.0
panx|Homo_sapiens|PANX2|Q96RD6,cur|Brachionus_manjavacas|JAHQIY010000004.1_8292265_8293444|p4,27.8,118,2.425e-08,50.0
panx|Homo_sapiens|PANX2|Q96RD6,cur|Rotaria_macrura|OENT01000045.1_119094_122499|p2,29.8,104,3.198e-08,50.0
panx|Homo_sapiens|PANX2|Q96RD6,cur|Streblospio_benedicti|CM032660.1_38866392_38867486|p10,29.5,105,4.217e-08,49.0
panx|Homo_sapiens|PANX2|Q96RD6,cur|Rotaria_macrura|OENT01000325.1_81075_83639|p1,30.4,100,4.217e-08,49.0
panx|Homo_sapiens|PANX2|Q96RD6,cur|Streblospio_benedicti|CM032666.1_530575_537250|p2,29.7,101,9.672e-08,48.0
panx|Homo_sapiens|PANX2|Q96RD6,cur|Brachionus_koreanus|PJRA01000263.1_5378433_5381126|p5,27.1,118,9.672e-08,48.0
panx|Homo_sapiens|PANX2|Q96RD6,cur|Acanthocardia_echinata|OZ377328.1_11251456_11255941|p4,25.6,130,9.672e-08,48.0
panx|Homo_sapiens|PANX2|Q96RD6,cur|Streblospio_benedicti|CM032660.1_13839080_13840183|p6,30.1,98,1.276e-07,48.0
panx|Homo_sapiens|PANX2|Q96RD6,cur|Adineta_vaga|CP075494.1_12488368_12495862|p6,28.5,107,1.276e-07,48.0
panx|Homo_sapiens|PANX2|Q96RD6,Caenorhabditis_elegans,29.8,99,1.682e-07,48.0
panx|Homo_sapiens|PANX2|Q96RD6,cur|Acanthochitona_discrepans|CM108789.1_17930773_17931897|p3,28.6,105,2.218e-07,47.0
panx|Homo_sapiens|PANX2|Q96RD6,cur|Streblospio_benedicti|CM032663.1_21744357_21747197|p5,25.0,132,2.218e-07,47.0
panx|Homo_sapiens|PANX2|Q96RD6,cur|Acanthocardia_echinata|OZ377328.1_18890103_18896398|p8,28.9,102,2.925e-07,47.0
panx|Homo_sapiens|PANX2|Q96RD6,cur|Acanthocardia_echinata|OZ377328.1_21360257_21387081|p2,28.9,102,2.925e-07,47.0
panx|Homo_sapiens|PANX2|Q96RD6,cur|Acanthocardia_echinata|OZ377328.1_21341102_21387057|p11,28.9,102,2.925e-07,47.0
panx|Homo_sapiens|PANX2|Q96RD6,Caenorhabditis_elegans,32.0,86,3.857e-07,46.0
panx|Homo_sapiens|PANX2|Q96RD6,cur|Abra_alba|OZ409525.1_26978116_27031527|p5,28.1,104,6.708e-07,46.0
panx|Homo_sapiens|PANX2|Q96RD6,cur|Acanthocardia_echinata|OZ377328.1_11291981_11299363|p5,28.1,104,6.708e-07,46.0
panx|Homo_sapiens|PANX2|Q96RD6,cur|Streblospio_benedicti|CM032661.1_36454555_36461623|p1,27.9,104,8.845e-07,45.0
panx|Homo_sapiens|PANX2|Q96RD6,cur|Abra_segmentum|OZ251777.1_37626866_37628412|p9,28.1,102,1.166e-06,45.0
panx|Homo_sapiens|PANX2|Q96RD6,cur|Acanthocardia_echinata|OZ377328.1_21312057_21325945|p10,28.3,101,1.166e-06,45.0
panx|Homo_sapiens|PANX2|Q96RD6,cur|Acanthocardia_echinata|OZ377328.1_23337154_23339399|p9,24.7,128,1.166e-06,45.0
panx|Homo_sapiens|PANX2|Q96RD6,cur|Acanthocardia_echinata|OZ377325.1_14826690_14837377|p14,25.3,122,1.166e-06,45.0
panx|Homo_sapiens|PANX2|Q96RD6,cur|Abra_segmentum|OZ251777.1_37619854_37628968|p2,28.1,102,1.166e-06,45.0
panx|Homo_sapiens|PANX2|Q96RD6,cur|Streblospio_benedicti|CM032663.1_51675706_51690919|p8,28.3,100,1.538e-06,44.0
panx|Homo_sapiens|PANX2|Q96RD6,cur|Abra_alba|OZ409525.1_53154133_53163052|p4,27.6,102,2.674e-06,44.0
panx|Homo_sapiens|PANX2|Q96RD6,cur|Abra_segmentum|OZ251777.1_14113510_14127320|p6,27.6,102,2.674e-06,44.0
panx|Homo_sapiens|PANX2|Q96RD6,cur|Abra_alba|OZ409525.1_18330358_18348899|p2,27.1,105,2.674e-06,44.0
panx|Homo_sapiens|PANX2|Q96RD6,cur|Abra_alba|OZ409525.1_27026774_27031521|p3,27.6,102,2.674e-06,44.0
panx|Homo_sapiens|PANX2|Q96RD6,cur|Abra_segmentum|OZ251777.1_53450550_53469929|p1,27.1,105,2.674e-06,44.0
panx|Homo_sapiens|PANX2|Q96RD6,cur|Abra_segmentum|OZ251777.1_10571949_10575809|p3,25.3,119,2.674e-06,44.0
panx|Homo_sapiens|PANX2|Q96RD6,cur|Brachionus_calyciflorus|NTPY01000330.1_409940_411611|p7,27.9,99,3.526e-06,43.0
panx|Homo_sapiens|PANX2|Q96RD6,cur|Brachionus_calyciflorus|NTPY01000330.1_409940_411611|p1,27.9,99,3.526e-06,43.0
panx|Homo_sapiens|PANX2|Q96RD6,cur|Acanthocardia_echinata|OZ377328.1_23300040_23302999|p3,26.8,104,6.131e-06,42.0
panx|Homo_sapiens|PANX2|Q96RD6,cur|Acanthochitona_discrepans|CM108789.1_13572118_13573209|p1,26.5,104,1.066e-05,42.0
panx|Homo_sapiens|PANX2|Q96RD6,cur|Acanthochitona_discrepans|JBLVQD010000009.1_6410532_6411647|p4,22.6,139,1.066e-05,42.0
panx|Homo_sapiens|PANX2|Q96RD6,cur|Streblospio_benedicti|CM032660.1_56259174_56277458|p3,27.2,98,1.406e-05,41.0
panx|Homo_sapiens|PANX2|Q96RD6,Caenorhabditis_elegans,30.1,83,1.406e-05,41.0
panx|Homo_sapiens|PANX2|Q96RD6,cur|Acanthocardia_echinata|OZ377328.1_2223730_2233660|p6,26.4,102,1.853e-05,41.0
panx|Homo_sapiens|PANX2|Q96RD6,cur|Abra_alba|OZ409525.1_26983439_26985168|p1,27.4,95,2.444e-05,40.0
panx|Homo_sapiens|PANX2|Q96RD6,cur|Streblospio_benedicti|CM032666.1_10353645_10358349|p7,28.7,88,2.444e-05,40.0
panx|Homo_sapiens|PANX3|Q96QZ0,cur|Brachionus_calyciflorus|NTPY01000526.1_2301293_2302390|p4,24.9,126,5.444e-07,45.0
panx|Homo_sapiens|PANX3|Q96QZ0,cur|Streblospio_benedicti|CM032660.1_38866392_38867486|p10,28.1,98,1.668e-06,43.0
panx|Homo_sapiens|PANX3|Q96QZ0,cur|Acanthocardia_echinata|OZ377328.1_2223730_2233660|p6,27.8,100,1.668e-06,43.0
panx|Homo_sapiens|PANX3|Q96QZ0,cur|Brachionus_calyciflorus|NTPY01000330.1_409940_411611|p7,27.4,100,2.919e-06,42.0
panx|Homo_sapiens|PANX3|Q96QZ0,cur|Brachionus_calyciflorus|NTPY01000330.1_409940_411611|p1,27.4,100,2.919e-06,42.0
panx|Homo_sapiens|PANX3|Q96QZ0,cur|Adineta_ricciae|CAJNOJ010000009.1_407234_409021|p3,29.0,91,2.919e-06,42.0
panx|Homo_sapiens|PANX3|Q96QZ0,cur|Adineta_ricciae|CAJNOJ010000030.1_78572_80153|p4,29.0,91,2.919e-06,42.0
panx|Homo_sapiens|PANX3|Q96QZ0,cur|Adineta_vaga|CP075494.1_12494283_12495859|p4,29.0,91,2.919e-06,42.0
panx|Homo_sapiens|PANX3|Q96QZ0,cur|Brachionus_koreanus|PJRA01000555.1_1340882_1341979|p2,24.1,126,2.919e-06,42.0
panx|Homo_sapiens|PANX3|Q96QZ0,cur|Adineta_steineri|CAJNOI010000009.1_556245_558144|p4,28.8,91,3.861e-06,42.0
panx|Homo_sapiens|PANX3|Q96QZ0,cur|Rotaria_macrura|OENT01000045.1_119094_122499|p2,29.4,88,3.861e-06,42.0
panx|Homo_sapiens|PANX3|Q96QZ0,cur|Brachionus_manjavacas|JAHQIY010000004.1_8292265_8293444|p4,27.6,97,5.108e-06,42.0
panx|Homo_sapiens|PANX3|Q96QZ0,cur|Brachionus_calyciflorus|NTPY01000970.1_33584_34756|p3,24.2,122,5.108e-06,42.0
panx|Homo_sapiens|PANX3|Q96QZ0,cur|Rotaria_macrura|OENT01000325.1_81075_83639|p1,29.1,88,6.756e-06,41.0
panx|Homo_sapiens|PANX3|Q96QZ0,cur|Streblospio_benedicti|CM032660.1_38854181_38855281|p9,26.2,104,8.936e-06,41.0
panx|Homo_sapiens|PANX3|Q96QZ0,cur|Brachionus_manjavacas|JAHQIY010000020.1_863382_864479|p2,23.4,126,1.182e-05,40.0
panx|Homo_sapiens|PANX3|Q96QZ0,cur|Abra_alba|OZ409525.1_53154133_53163052|p4,26.4,100,1.563e-05,40.0
panx|Homo_sapiens|PANX3|Q96QZ0,cur|Abra_segmentum|OZ251777.1_14113510_14127320|p6,26.4,100,1.563e-05,40.0
panx|Homo_sapiens|PANX3|Q96QZ0,cur|Streblospio_benedicti|CM032660.1_38859841_38860992|p4,25.8,104,1.563e-05,40.0
panx|Homo_sapiens|PANX3|Q96QZ0,cur|Acanthocardia_echinata|OZ377328.1_11291981_11299363|p5,27.7,89,3.615e-05,39.0
panx|Homo_sapiens|PANX3|Q96QZ0,cur|Adineta_vaga|CP075494.1_12488368_12495862|p6,26.7,94,4.781e-05,38.0
panx|Homo_sapiens|PANX3|Q96QZ0,cur|Acanthochitona_discrepans|JBLVQD010000009.1_6410532_6411647|p4,25.6,100,6.322e-05,38.0
panx|Homo_sapiens|PANX3|Q96QZ0,cur|Abra_alba|OZ409525.1_18330358_18348899|p2,28.5,81,0.0001105,37.0
panx|Homo_sapiens|PANX3|Q96QZ0,cur|Abra_segmentum|OZ251777.1_53450550_53469929|p1,28.5,81,0.0001105,37.0
panx|Homo_sapiens|PANX3|Q96QZ0,cur|Acanthocardia_echinata|OZ377328.1_11251456_11255941|p4,26.8,89,0.0001461,37.0
panx|Homo_sapiens|PANX3|Q96QZ0,Caenorhabditis_elegans,19.9,149,0.0007804,34.0
panx|Mus_musculus|Panx1|Q9JIP4,cur|Adineta_steineri|CAJNOI010000009.1_556245_558144|p4,23.4,146,2.676e-07,46.0
panx|Mus_musculus|Panx1|Q9JIP4,cur|Adineta_ricciae|CAJNOJ010000009.1_407234_409021|p3,25.4,121,6.186e-07,45.0
panx|Mus_musculus|Panx1|Q9JIP4,cur|Adineta_vaga|CP075494.1_12494283_12495859|p4,22.9,146,8.178e-07,44.0
panx|Mus_musculus|Panx1|Q9JIP4,cur|Rotaria_macrura|OENT01000045.1_119094_122499|p2,25.2,121,1.081e-06,44.0
panx|Mus_musculus|Panx1|Q9JIP4,cur|Adineta_ricciae|CAJNOJ010000030.1_78572_80153|p4,25.0,121,1.429e-06,44.0
panx|Mus_musculus|Panx1|Q9JIP4,cur|Rotaria_macrura|OENT01000325.1_81075_83639|p1,25.0,121,1.429e-06,44.0
panx|Mus_musculus|Panx1|Q9JIP4,cur|Adineta_vaga|CP075494.1_12488368_12495862|p6,22.3,149,1.89e-06,43.0
panx|Mus_musculus|Panx2|Q6IMP4,cur|Streblospio_benedicti|CM032660.1_38859841_38860992|p4,31.4,105,1.523e-09,54.0
panx|Mus_musculus|Panx2|Q6IMP4,cur|Streblospio_benedicti|CM032660.1_38854181_38855281|p9,31.3,105,2.008e-09,54.0
panx|Mus_musculus|Panx2|Q6IMP4,cur|Abra_alba|OZ409525.1_47319987_47324644|p7,30.6,106,4.608e-09,53.0
panx|Mus_musculus|Panx2|Q6IMP4,cur|Adineta_steineri|CAJNOI010000009.1_556245_558144|p4,30.8,104,6.077e-09,52.0
panx|Mus_musculus|Panx2|Q6IMP4,cur|Adineta_ricciae|CAJNOJ010000009.1_407234_409021|p3,30.5,104,1.057e-08,51.0
panx|Mus_musculus|Panx2|Q6IMP4,cur|Adineta_ricciae|CAJNOJ010000030.1_78572_80153|p4,30.5,104,1.057e-08,51.0
panx|Mus_musculus|Panx2|Q6IMP4,cur|Adineta_vaga|CP075494.1_12494283_12495859|p4,30.5,104,1.057e-08,51.0
panx|Mus_musculus|Panx2|Q6IMP4,cur|Acanthochitona_discrepans|CM108789.1_13668655_13669749|p2,30.9,100,1.839e-08,51.0
panx|Mus_musculus|Panx2|Q6IMP4,cur|Abra_segmentum|OZ251777.1_32509668_32513297|p8,29.8,106,1.839e-08,51.0
panx|Mus_musculus|Panx2|Q6IMP4,cur|Brachionus_manjavacas|JAHQIY010000004.1_8292265_8293444|p4,27.8,118,2.425e-08,50.0
panx|Mus_musculus|Panx2|Q6IMP4,cur|Rotaria_macrura|OENT01000045.1_119094_122499|p2,29.8,104,3.198e-08,50.0
panx|Mus_musculus|Panx2|Q6IMP4,cur|Streblospio_benedicti|CM032660.1_38866392_38867486|p10,29.5,105,4.217e-08,49.0
panx|Mus_musculus|Panx2|Q6IMP4,cur|Rotaria_macrura|OENT01000325.1_81075_83639|p1,30.4,100,4.217e-08,49.0
panx|Mus_musculus|Panx2|Q6IMP4,cur|Streblospio_benedicti|CM032666.1_530575_537250|p2,29.7,101,9.672e-08,48.0
panx|Mus_musculus|Panx2|Q6IMP4,cur|Brachionus_koreanus|PJRA01000263.1_5378433_5381126|p5,27.1,118,9.672e-08,48.0
panx|Mus_musculus|Panx2|Q6IMP4,cur|Acanthocardia_echinata|OZ377328.1_11251456_11255941|p4,25.6,130,9.672e-08,48.0
panx|Mus_musculus|Panx2|Q6IMP4,cur|Streblospio_benedicti|CM032660.1_13839080_13840183|p6,30.1,98,1.276e-07,48.0
panx|Mus_musculus|Panx2|Q6IMP4,cur|Adineta_vaga|CP075494.1_12488368_12495862|p6,28.5,107,1.276e-07,48.0
panx|Mus_musculus|Panx2|Q6IMP4,Caenorhabditis_elegans,29.8,99,1.682e-07,48.0
panx|Mus_musculus|Panx2|Q6IMP4,cur|Acanthochitona_discrepans|CM108789.1_17930773_17931897|p3,28.6,105,2.218e-07,47.0
panx|Mus_musculus|Panx2|Q6IMP4,cur|Streblospio_benedicti|CM032663.1_21744357_21747197|p5,25.0,132,2.218e-07,47.0
panx|Mus_musculus|Panx2|Q6IMP4,cur|Acanthocardia_echinata|OZ377328.1_18890103_18896398|p8,28.9,102,2.925e-07,47.0
panx|Mus_musculus|Panx2|Q6IMP4,cur|Acanthocardia_echinata|OZ377328.1_21360257_21387081|p2,28.9,102,2.925e-07,47.0
panx|Mus_musculus|Panx2|Q6IMP4,cur|Acanthocardia_echinata|OZ377328.1_21341102_21387057|p11,28.9,102,2.925e-07,47.0
panx|Mus_musculus|Panx2|Q6IMP4,Caenorhabditis_elegans,32.0,86,3.857e-07,46.0
panx|Mus_musculus|Panx2|Q6IMP4,cur|Abra_alba|OZ409525.1_26978116_27031527|p5,28.1,104,6.708e-07,46.0
panx|Mus_musculus|Panx2|Q6IMP4,cur|Acanthocardia_echinata|OZ377328.1_11291981_11299363|p5,28.1,104,6.708e-07,46.0
panx|Mus_musculus|Panx2|Q6IMP4,cur|Streblospio_benedicti|CM032661.1_36454555_36461623|p1,27.9,104,8.845e-07,45.0
panx|Mus_musculus|Panx2|Q6IMP4,cur|Abra_segmentum|OZ251777.1_37626866_37628412|p9,28.1,102,1.166e-06,45.0
panx|Mus_musculus|Panx2|Q6IMP4,cur|Acanthocardia_echinata|OZ377328.1_21312057_21325945|p10,28.3,101,1.166e-06,45.0
panx|Mus_musculus|Panx2|Q6IMP4,cur|Acanthocardia_echinata|OZ377328.1_23337154_23339399|p9,24.7,128,1.166e-06,45.0
panx|Mus_musculus|Panx2|Q6IMP4,cur|Acanthocardia_echinata|OZ377325.1_14826690_14837377|p14,25.3,122,1.166e-06,45.0
panx|Mus_musculus|Panx2|Q6IMP4,cur|Abra_segmentum|OZ251777.1_37619854_37628968|p2,28.1,102,1.166e-06,45.0
panx|Mus_musculus|Panx2|Q6IMP4,cur|Streblospio_benedicti|CM032663.1_51675706_51690919|p8,28.3,100,1.538e-06,44.0
panx|Mus_musculus|Panx2|Q6IMP4,cur|Abra_alba|OZ409525.1_53154133_53163052|p4,27.6,102,2.674e-06,44.0
panx|Mus_musculus|Panx2|Q6IMP4,cur|Abra_segmentum|OZ251777.1_14113510_14127320|p6,27.6,102,2.674e-06,44.0
panx|Mus_musculus|Panx2|Q6IMP4,cur|Abra_alba|OZ409525.1_18330358_18348899|p2,27.1,105,2.674e-06,44.0
panx|Mus_musculus|Panx2|Q6IMP4,cur|Abra_alba|OZ409525.1_27026774_27031521|p3,27.6,102,2.674e-06,44.0
panx|Mus_musculus|Panx2|Q6IMP4,cur|Abra_segmentum|OZ251777.1_53450550_53469929|p1,27.1,105,2.674e-06,44.0
panx|Mus_musculus|Panx2|Q6IMP4,cur|Abra_segmentum|OZ251777.1_10571949_10575809|p3,25.3,119,2.674e-06,44.0
panx|Mus_musculus|Panx2|Q6IMP4,cur|Brachionus_calyciflorus|NTPY01000330.1_409940_411611|p7,27.9,99,3.526e-06,43.0
panx|Mus_musculus|Panx2|Q6IMP4,cur|Brachionus_calyciflorus|NTPY01000330.1_409940_411611|p1,27.9,99,3.526e-06,43.0
panx|Mus_musculus|Panx2|Q6IMP4,cur|Acanthocardia_echinata|OZ377328.1_23300040_23302999|p3,26.8,104,6.131e-06,42.0
panx|Mus_musculus|Panx2|Q6IMP4,cur|Acanthochitona_discrepans|CM108789.1_13572118_13573209|p1,26.5,104,1.066e-05,42.0
panx|Mus_musculus|Panx2|Q6IMP4,cur|Acanthochitona_discrepans|JBLVQD010000009.1_6410532_6411647|p4,22.6,139,1.066e-05,42.0
panx|Mus_musculus|Panx2|Q6IMP4,cur|Streblospio_benedicti|CM032660.1_56259174_56277458|p3,27.2,98,1.406e-05,41.0
panx|Mus_musculus|Panx2|Q6IMP4,Caenorhabditis_elegans,30.1,83,1.406e-05,41.0
panx|Mus_musculus|Panx2|Q6IMP4,cur|Acanthocardia_echinata|OZ377328.1_2223730_2233660|p6,26.4,102,1.853e-05,41.0
panx|Mus_musculus|Panx2|Q6IMP4,cur|Abra_alba|OZ409525.1_26983439_26985168|p1,27.4,95,2.444e-05,40.0
panx|Mus_musculus|Panx2|Q6IMP4,cur|Streblospio_benedicti|CM032666.1_10353645_10358349|p7,28.7,88,2.444e-05,40.0
panx|Mus_musculus|Panx3|Q8CEG0,cur|Brachionus_calyciflorus|NTPY01000526.1_2301293_2302390|p4,26.2,126,3.303e-08,49.0
panx|Mus_musculus|Panx3|Q8CEG0,cur|Brachionus_koreanus|PJRA01000555.1_1340882_1341979|p2,25.4,126,1.776e-07,46.0
panx|Mus_musculus|Panx3|Q8CEG0,cur|Brachionus_manjavacas|JAHQIY010000020.1_863382_864479|p2,24.7,126,7.203e-07,44.0
panx|Mus_musculus|Panx3|Q8CEG0,cur|Streblospio_benedicti|CM032660.1_38866392_38867486|p10,26.7,109,9.53e-07,44.0
panx|Mus_musculus|Panx3|Q8CEG0,cur|Adineta_ricciae|CAJNOJ010000009.1_407234_409021|p3,29.6,91,1.261e-06,44.0
panx|Mus_musculus|Panx3|Q8CEG0,cur|Adineta_ricciae|CAJNOJ010000030.1_78572_80153|p4,29.6,91,1.261e-06,44.0
panx|Mus_musculus|Panx3|Q8CEG0,cur|Adineta_vaga|CP075494.1_12494283_12495859|p4,29.6,91,1.261e-06,44.0
panx|Mus_musculus|Panx3|Q8CEG0,cur|Adineta_steineri|CAJNOI010000009.1_556245_558144|p4,29.4,91,1.668e-06,43.0
panx|Mus_musculus|Panx3|Q8CEG0,cur|Rotaria_macrura|OENT01000045.1_119094_122499|p2,29.8,88,2.207e-06,43.0
panx|Mus_musculus|Panx3|Q8CEG0,cur|Brachionus_calyciflorus|NTPY01000970.1_33584_34756|p3,24.6,122,2.207e-06,43.0
panx|Mus_musculus|Panx3|Q8CEG0,cur|Abra_segmentum|OZ251777.1_14113510_14127320|p6,27.4,100,2.919e-06,42.0
panx|Mus_musculus|Panx3|Q8CEG0,cur|Rotaria_macrura|OENT01000325.1_81075_83639|p1,29.4,88,3.861e-06,42.0
panx|Mus_musculus|Panx3|Q8CEG0,cur|Streblospio_benedicti|CM032660.1_38859841_38860992|p4,26.5,104,5.108e-06,42.0
panx|Mus_musculus|Panx3|Q8CEG0,cur|Streblospio_benedicti|CM032660.1_38854181_38855281|p9,26.2,104,8.936e-06,41.0
panx|Mus_musculus|Panx3|Q8CEG0,cur|Acanthocardia_echinata|OZ377328.1_11291981_11299363|p5,27.9,92,1.182e-05,40.0
panx|Mus_musculus|Panx3|Q8CEG0,cur|Abra_alba|OZ409525.1_53154133_53163052|p4,26.1,100,2.734e-05,39.0
panx|Mus_musculus|Panx3|Q8CEG0,cur|Acanthocardia_echinata|OZ377328.1_2223730_2233660|p6,26.1,100,2.734e-05,39.0
panx|Mus_musculus|Panx3|Q8CEG0,cur|Adineta_vaga|CP075494.1_12488368_12495862|p6,27.0,94,2.734e-05,39.0
panx|Mus_musculus|Panx3|Q8CEG0,cur|Acanthochitona_discrepans|JBLVQD010000009.1_6410532_6411647|p4,25.6,100,6.322e-05,38.0
panx|Mus_musculus|Panx3|Q8CEG0,cur|Acanthocardia_echinata|OZ377328.1_11251456_11255941|p4,26.1,92,0.0001932,36.0
panx|Mus_musculus|Panx3|Q8CEG0,cur|Acanthochitona_discrepans|CM108789.1_17930773_17931897|p3,22.3,118,0.0005903,35.0
panx|Mus_musculus|Panx3|Q8CEG0,cur|Brachionus_manjavacas|JAHQIY010000004.1_8292265_8293444|p4,24.5,97,0.0007804,34.0
panx|Rattus_norvegicus|Panx1|P60570,cur|Adineta_steineri|CAJNOI010000009.1_556245_558144|p4,23.2,146,3.538e-07,46.0
panx|Rattus_norvegicus|Panx1|P60570,cur|Adineta_ricciae|CAJNOJ010000009.1_407234_409021|p3,25.3,121,8.178e-07,44.0
panx|Rattus_norvegicus|Panx1|P60570,cur|Adineta_vaga|CP075494.1_12494283_12495859|p4,22.8,146,1.081e-06,44.0
panx|Rattus_norvegicus|Panx1|P60570,cur|Adineta_ricciae|CAJNOJ010000030.1_78572_80153|p4,24.9,121,1.89e-06,43.0
panx|Rattus_norvegicus|Panx1|P60570,cur|Rotaria_macrura|OENT01000045.1_119094_122499|p2,24.9,121,1.89e-06,43.0
panx|Rattus_norvegicus|Panx1|P60570,cur|Adineta_vaga|CP075494.1_12488368_12495862|p6,22.2,149,2.498e-06,43.0
panx|Rattus_norvegicus|Panx1|P60570,cur|Rotaria_macrura|OENT01000325.1_81075_83639|p1,29.6,88,3.302e-06,42.0
panx|Rattus_norvegicus|Panx2|P60571,cur|Streblospio_benedicti|CM032660.1_38859841_38860992|p4,31.4,105,1.513e-09,54.0
panx|Rattus_norvegicus|Panx2|P60571,cur|Streblospio_benedicti|CM032660.1_38854181_38855281|p9,31.3,105,1.996e-09,54.0
panx|Rattus_norvegicus|Panx2|P60571,cur|Abra_alba|OZ409525.1_47319987_47324644|p7,30.6,106,4.58e-09,53.0
panx|Rattus_norvegicus|Panx2|P60571,cur|Adineta_steineri|CAJNOI010000009.1_556245_558144|p4,30.8,104,6.041e-09,52.0
panx|Rattus_norvegicus|Panx2|P60571,cur|Adineta_ricciae|CAJNOJ010000009.1_407234_409021|p3,30.5,104,1.051e-08,51.0
panx|Rattus_norvegicus|Panx2|P60571,cur|Adineta_ricciae|CAJNOJ010000030.1_78572_80153|p4,30.5,104,1.051e-08,51.0
panx|Rattus_norvegicus|Panx2|P60571,cur|Adineta_vaga|CP075494.1_12494283_12495859|p4,30.5,104,1.051e-08,51.0
panx|Rattus_norvegicus|Panx2|P60571,cur|Acanthochitona_discrepans|CM108789.1_13668655_13669749|p2,30.9,100,1.828e-08,51.0
panx|Rattus_norvegicus|Panx2|P60571,cur|Abra_segmentum|OZ251777.1_32509668_32513297|p8,29.8,106,1.828e-08,51.0
panx|Rattus_norvegicus|Panx2|P60571,cur|Brachionus_manjavacas|JAHQIY010000004.1_8292265_8293444|p4,27.8,118,2.411e-08,50.0
panx|Rattus_norvegicus|Panx2|P60571,cur|Rotaria_macrura|OENT01000045.1_119094_122499|p2,29.8,104,3.179e-08,50.0
panx|Rattus_norvegicus|Panx2|P60571,cur|Streblospio_benedicti|CM032660.1_38866392_38867486|p10,29.5,105,4.193e-08,49.0
panx|Rattus_norvegicus|Panx2|P60571,cur|Rotaria_macrura|OENT01000325.1_81075_83639|p1,30.4,100,4.193e-08,49.0
panx|Rattus_norvegicus|Panx2|P60571,cur|Streblospio_benedicti|CM032666.1_530575_537250|p2,29.7,101,9.617e-08,48.0
panx|Rattus_norvegicus|Panx2|P60571,cur|Brachionus_koreanus|PJRA01000263.1_5378433_5381126|p5,27.1,118,9.617e-08,48.0
panx|Rattus_norvegicus|Panx2|P60571,cur|Acanthocardia_echinata|OZ377328.1_11251456_11255941|p4,25.6,130,9.617e-08,48.0
panx|Rattus_norvegicus|Panx2|P60571,cur|Streblospio_benedicti|CM032660.1_13839080_13840183|p6,30.1,98,1.268e-07,48.0
panx|Rattus_norvegicus|Panx2|P60571,cur|Adineta_vaga|CP075494.1_12488368_12495862|p6,28.5,107,1.268e-07,48.0
panx|Rattus_norvegicus|Panx2|P60571,Caenorhabditis_elegans,29.8,99,1.672e-07,48.0
panx|Rattus_norvegicus|Panx2|P60571,cur|Acanthochitona_discrepans|CM108789.1_17930773_17931897|p3,28.6,105,2.206e-07,47.0
panx|Rattus_norvegicus|Panx2|P60571,cur|Streblospio_benedicti|CM032663.1_21744357_21747197|p5,25.0,132,2.206e-07,47.0
panx|Rattus_norvegicus|Panx2|P60571,cur|Acanthocardia_echinata|OZ377328.1_18890103_18896398|p8,28.9,102,2.909e-07,47.0
panx|Rattus_norvegicus|Panx2|P60571,cur|Acanthocardia_echinata|OZ377328.1_21360257_21387081|p2,28.9,102,2.909e-07,47.0
panx|Rattus_norvegicus|Panx2|P60571,cur|Acanthocardia_echinata|OZ377328.1_21341102_21387057|p11,28.9,102,2.909e-07,47.0
panx|Rattus_norvegicus|Panx2|P60571,Caenorhabditis_elegans,32.0,86,3.836e-07,46.0
panx|Rattus_norvegicus|Panx2|P60571,cur|Abra_alba|OZ409525.1_26978116_27031527|p5,28.1,104,6.67e-07,46.0
panx|Rattus_norvegicus|Panx2|P60571,cur|Acanthocardia_echinata|OZ377328.1_11291981_11299363|p5,28.1,104,6.67e-07,46.0
panx|Rattus_norvegicus|Panx2|P60571,cur|Streblospio_benedicti|CM032661.1_36454555_36461623|p1,27.9,104,8.796e-07,45.0
panx|Rattus_norvegicus|Panx2|P60571,cur|Abra_segmentum|OZ251777.1_37626866_37628412|p9,28.1,102,1.16e-06,45.0
panx|Rattus_norvegicus|Panx2|P60571,cur|Acanthocardia_echinata|OZ377328.1_21312057_21325945|p10,28.3,101,1.16e-06,45.0
panx|Rattus_norvegicus|Panx2|P60571,cur|Acanthocardia_echinata|OZ377328.1_23337154_23339399|p9,24.7,128,1.16e-06,45.0
panx|Rattus_norvegicus|Panx2|P60571,cur|Acanthocardia_echinata|OZ377325.1_14826690_14837377|p14,25.3,122,1.16e-06,45.0
panx|Rattus_norvegicus|Panx2|P60571,cur|Abra_segmentum|OZ251777.1_37619854_37628968|p2,28.1,102,1.16e-06,45.0
panx|Rattus_norvegicus|Panx2|P60571,cur|Streblospio_benedicti|CM032663.1_51675706_51690919|p8,28.3,100,1.529e-06,44.0
panx|Rattus_norvegicus|Panx2|P60571,cur|Abra_alba|OZ409525.1_53154133_53163052|p4,27.6,102,2.659e-06,44.0
panx|Rattus_norvegicus|Panx2|P60571,cur|Abra_segmentum|OZ251777.1_14113510_14127320|p6,27.6,102,2.659e-06,44.0
panx|Rattus_norvegicus|Panx2|P60571,cur|Abra_alba|OZ409525.1_18330358_18348899|p2,27.1,105,2.659e-06,44.0
panx|Rattus_norvegicus|Panx2|P60571,cur|Abra_alba|OZ409525.1_27026774_27031521|p3,27.6,102,2.659e-06,44.0
panx|Rattus_norvegicus|Panx2|P60571,cur|Abra_segmentum|OZ251777.1_53450550_53469929|p1,27.1,105,2.659e-06,44.0
panx|Rattus_norvegicus|Panx2|P60571,cur|Abra_segmentum|OZ251777.1_10571949_10575809|p3,25.3,119,2.659e-06,44.0
panx|Rattus_norvegicus|Panx2|P60571,cur|Brachionus_calyciflorus|NTPY01000330.1_409940_411611|p7,27.9,99,3.507e-06,43.0
panx|Rattus_norvegicus|Panx2|P60571,cur|Brachionus_calyciflorus|NTPY01000330.1_409940_411611|p1,27.9,99,3.507e-06,43.0
panx|Rattus_norvegicus|Panx2|P60571,cur|Acanthocardia_echinata|OZ377328.1_23300040_23302999|p3,26.8,104,6.097e-06,42.0
panx|Rattus_norvegicus|Panx2|P60571,cur|Acanthochitona_discrepans|CM108789.1_13572118_13573209|p1,26.5,104,1.06e-05,42.0
panx|Rattus_norvegicus|Panx2|P60571,cur|Acanthochitona_discrepans|JBLVQD010000009.1_6410532_6411647|p4,22.6,139,1.06e-05,42.0
panx|Rattus_norvegicus|Panx2|P60571,cur|Streblospio_benedicti|CM032660.1_56259174_56277458|p3,27.2,98,1.398e-05,41.0
panx|Rattus_norvegicus|Panx2|P60571,Caenorhabditis_elegans,30.1,83,1.398e-05,41.0
panx|Rattus_norvegicus|Panx2|P60571,cur|Acanthocardia_echinata|OZ377328.1_2223730_2233660|p6,26.4,102,1.843e-05,41.0
panx|Rattus_norvegicus|Panx2|P60571,cur|Abra_alba|OZ409525.1_26983439_26985168|p1,27.4,95,2.43e-05,40.0
panx|Rattus_norvegicus|Panx2|P60571,cur|Streblospio_benedicti|CM032666.1_10353645_10358349|p7,28.7,88,2.43e-05,40.0
panx|Rattus_norvegicus|Panx3|P60572,cur|Adineta_ricciae|CAJNOJ010000009.1_407234_409021|p3,30.5,91,3.109e-07,46.0
panx|Rattus_norvegicus|Panx3|P60572,cur|Adineta_ricciae|CAJNOJ010000030.1_78572_80153|p4,30.5,91,3.109e-07,46.0
panx|Rattus_norvegicus|Panx3|P60572,cur|Adineta_vaga|CP075494.1_12494283_12495859|p4,30.5,91,3.109e-07,46.0
panx|Rattus_norvegicus|Panx3|P60572,cur|Brachionus_koreanus|PJRA01000555.1_1340882_1341979|p2,23.3,145,3.109e-07,46.0
panx|Rattus_norvegicus|Panx3|P60572,cur|Adineta_steineri|CAJNOI010000009.1_556245_558144|p4,30.3,91,4.114e-07,45.0
panx|Rattus_norvegicus|Panx3|P60572,cur|Rotaria_macrura|OENT01000045.1_119094_122499|p2,31.0,88,4.114e-07,45.0
panx|Rattus_norvegicus|Panx3|P60572,cur|Brachionus_calyciflorus|NTPY01000526.1_2301293_2302390|p4,23.0,145,7.203e-07,44.0
panx|Rattus_norvegicus|Panx3|P60572,cur|Rotaria_macrura|OENT01000325.1_81075_83639|p1,30.6,88,7.203e-07,44.0
panx|Rattus_norvegicus|Panx3|P60572,cur|Streblospio_benedicti|CM032660.1_38866392_38867486|p10,27.0,107,9.53e-07,44.0
panx|Rattus_norvegicus|Panx3|P60572,cur|Brachionus_manjavacas|JAHQIY010000020.1_863382_864479|p2,22.7,145,1.261e-06,44.0
panx|Rattus_norvegicus|Panx3|P60572,cur|Streblospio_benedicti|CM032660.1_38859841_38860992|p4,27.1,104,1.668e-06,43.0
panx|Rattus_norvegicus|Panx3|P60572,cur|Adineta_vaga|CP075494.1_12488368_12495862|p6,28.3,94,3.861e-06,42.0
panx|Rattus_norvegicus|Panx3|P60572,cur|Abra_segmentum|OZ251777.1_14113510_14127320|p6,26.9,100,6.756e-06,41.0
panx|Rattus_norvegicus|Panx3|P60572,cur|Abra_alba|OZ409525.1_53154133_53163052|p4,26.6,100,1.182e-05,40.0
panx|Rattus_norvegicus|Panx3|P60572,cur|Brachionus_calyciflorus|NTPY01000970.1_33584_34756|p3,23.8,122,1.182e-05,40.0
panx|Rattus_norvegicus|Panx3|P60572,cur|Acanthocardia_echinata|OZ377328.1_2223730_2233660|p6,26.2,100,2.067e-05,40.0
panx|Rattus_norvegicus|Panx3|P60572,Caenorhabditis_elegans,20.8,157,2.067e-05,40.0
panx|Rattus_norvegicus|Panx3|P60572,cur|Streblospio_benedicti|CM032660.1_38854181_38855281|p9,25.5,104,2.734e-05,39.0
panx|Rattus_norvegicus|Panx3|P60572,cur|Acanthocardia_echinata|OZ377328.1_11291981_11299363|p5,27.7,89,3.615e-05,39.0
panx|Rattus_norvegicus|Panx3|P60572,cur|Acanthocardia_echinata|OZ377328.1_11251456_11255941|p4,26.4,89,0.0002555,36.0
panx|Rattus_norvegicus|Panx3|P60572,cur|Acanthochitona_discrepans|JBLVQD010000009.1_6410532_6411647|p4,24.6,100,0.0003378,36.0
panx|Rattus_norvegicus|Panx3|P60572,cur|Acanthochitona_discrepans|CM108789.1_13705717_13706817|p5,24.3,101,0.0004465,35.0
panx|Rattus_norvegicus|Panx3|P60572,cur|Streblospio_benedicti|CM032666.1_10353645_10358349|p7,24.4,99,0.0005903,35.0
panx|Rattus_norvegicus|Panx3|P60572,cur|Streblospio_benedicti|CM032661.1_36454555_36461623|p1,23.9,103,0.0005903,35.0
panx|Sus_scrofa|PANX1|A0A287B8K3,cur|Adineta_steineri|CAJNOI010000009.1_556245_558144|p4,27.9,121,4.021e-09,52.0
panx|Sus_scrofa|PANX1|A0A287B8K3,cur|Adineta_ricciae|CAJNOJ010000009.1_407234_409021|p3,27.8,121,5.32e-09,51.0
panx|Sus_scrofa|PANX1|A0A287B8K3,cur|Adineta_ricciae|CAJNOJ010000030.1_78572_80153|p4,33.8,88,7.038e-09,51.0
panx|Sus_scrofa|PANX1|A0A287B8K3,cur|Adineta_vaga|CP075494.1_12494283_12495859|p4,33.8,88,7.038e-09,51.0
panx|Sus_scrofa|PANX1|A0A287B8K3,cur|Rotaria_macrura|OENT01000045.1_119094_122499|p2,33.8,88,7.038e-09,51.0
panx|Sus_scrofa|PANX1|A0A287B8K3,cur|Rotaria_macrura|OENT01000325.1_81075_83639|p1,33.8,88,7.038e-09,51.0
panx|Sus_scrofa|PANX1|A0A287B8K3,cur|Adineta_vaga|CP075494.1_12488368_12495862|p6,31.4,91,8.72e-08,48.0
panx|Sus_scrofa|PANX1|A0A287B8K3,cur|Streblospio_benedicti|CM032660.1_13839080_13840183|p6,21.6,160,1.883e-06,43.0
panx|Xenopus_laevis|panx1.L|A0A1L8HJE1,cur|Adineta_steineri|CAJNOI010000009.1_556245_558144|p4,30.6,92,2.038e-07,46.0
panx|Xenopus_laevis|panx1.L|A0A1L8HJE1,cur|Adineta_ricciae|CAJNOJ010000009.1_407234_409021|p3,30.5,92,2.695e-07,46.0
panx|Xenopus_laevis|panx1.L|A0A1L8HJE1,cur|Adineta_ricciae|CAJNOJ010000030.1_78572_80153|p4,30.5,92,2.695e-07,46.0
panx|Xenopus_laevis|panx1.L|A0A1L8HJE1,cur|Adineta_vaga|CP075494.1_12494283_12495859|p4,30.5,92,2.695e-07,46.0
panx|Xenopus_laevis|panx1.L|A0A1L8HJE1,cur|Rotaria_macrura|OENT01000045.1_119094_122499|p2,31.2,88,3.564e-07,46.0
panx|Xenopus_laevis|panx1.L|A0A1L8HJE1,cur|Rotaria_macrura|OENT01000325.1_81075_83639|p1,31.2,88,3.564e-07,46.0
panx|Xenopus_laevis|panx1.L|A0A1L8HJE1,cur|Streblospio_benedicti|CM032663.1_51675706_51690919|p8,30.6,88,8.236e-07,44.0
panx|Xenopus_laevis|panx1.L|A0A1L8HJE1,cur|Adineta_vaga|CP075494.1_12488368_12495862|p6,29.0,95,1.089e-06,44.0
panx|Xenopus_laevis|panx1.L|A0A1L8HJE1,cur|Acanthochitona_discrepans|JBLVQD010000009.1_6410532_6411647|p4,22.4,143,4.395e-06,42.0
panx|Xenopus_laevis|panx1.L|A0A1L8HJE1,cur|Brachionus_calyciflorus|NTPY01000330.1_409940_411611|p7,27.9,93,1.015e-05,41.0
panx|Xenopus_laevis|panx1.L|A0A1L8HJE1,cur|Brachionus_calyciflorus|NTPY01000330.1_409940_411611|p1,27.1,98,1.015e-05,41.0
panx|Xenopus_laevis|panx1.L|A0A1L8HJE1,cur|Acanthocardia_echinata|OZ377328.1_2223730_2233660|p6,21.9,143,1.773e-05,40.0
panx|Xenopus_laevis|panx1.L|A0A1L8HJE1,cur|Brachionus_manjavacas|JAHQIY010000004.1_8292265_8293444|p4,28.3,87,3.096e-05,39.0
panx|Xenopus_laevis|panx1.L|A0A1L8HJE1,cur|Abra_alba|OZ409525.1_53154133_53163052|p4,21.6,143,3.096e-05,39.0
panx|Xenopus_laevis|panx1.L|A0A1L8HJE1,cur|Abra_segmentum|OZ251777.1_14113510_14127320|p6,21.0,143,0.0001248,37.0
panx|Xenopus_laevis|panx1.L|A0A1L8HJE1,cur|Acanthocardia_echinata|OZ377328.1_11291981_11299363|p5,26.1,93,0.0001648,37.0
panx|Xenopus_laevis|panx1.L|A0A1L8HJE1,cur|Acanthocardia_echinata|OZ377328.1_11251456_11255941|p4,25.9,93,0.0002178,36.0
panx|Xenopus_laevis|panx1.L|A0A1L8HJE1,cur|Abra_segmentum|OZ251784.1_30028846_30031445|p4,27.9,81,0.0002878,36.0
panx|Xenopus_laevis|panx1.L|A0A1L8HJE1,cur|Abra_segmentum|OZ251786.1_2258616_2261215|p5,27.9,81,0.0002878,36.0
panx|Sus_scrofa|PANX2|F1RXR8,cur|Streblospio_benedicti|CM032660.1_38859841_38860992|p4,30.3,105,1.04e-08,51.0
panx|Sus_scrofa|PANX2|F1RXR8,cur|Streblospio_benedicti|CM032660.1_38854181_38855281|p9,30.1,105,1.372e-08,51.0
panx|Sus_scrofa|PANX2|F1RXR8,cur|Abra_alba|OZ409525.1_47319987_47324644|p7,29.5,106,3.148e-08,50.0
panx|Sus_scrofa|PANX2|F1RXR8,cur|Adineta_steineri|CAJNOI010000009.1_556245_558144|p4,29.7,104,4.152e-08,49.0
panx|Sus_scrofa|PANX2|F1RXR8,cur|Adineta_ricciae|CAJNOJ010000009.1_407234_409021|p3,29.4,104,7.221e-08,49.0
panx|Sus_scrofa|PANX2|F1RXR8,cur|Adineta_ricciae|CAJNOJ010000030.1_78572_80153|p4,29.4,104,7.221e-08,49.0
panx|Sus_scrofa|PANX2|F1RXR8,cur|Adineta_vaga|CP075494.1_12494283_12495859|p4,29.4,104,7.221e-08,49.0
panx|Sus_scrofa|PANX2|F1RXR8,cur|Acanthochitona_discrepans|CM108789.1_13668655_13669749|p2,29.9,99,1.256e-07,48.0
panx|Sus_scrofa|PANX2|F1RXR8,cur|Abra_segmentum|OZ251777.1_32509668_32513297|p8,28.7,106,1.256e-07,48.0
panx|Sus_scrofa|PANX2|F1RXR8,cur|Brachionus_manjavacas|JAHQIY010000004.1_8292265_8293444|p4,26.8,118,1.656e-07,48.0
panx|Sus_scrofa|PANX2|F1RXR8,cur|Streblospio_benedicti|CM032666.1_530575_537250|p2,29.2,101,2.184e-07,47.0
panx|Sus_scrofa|PANX2|F1RXR8,cur|Rotaria_macrura|OENT01000045.1_119094_122499|p2,28.7,104,2.184e-07,47.0
panx|Sus_scrofa|PANX2|F1RXR8,cur|Streblospio_benedicti|CM032660.1_38866392_38867486|p10,28.4,105,2.881e-07,47.0
panx|Sus_scrofa|PANX2|F1RXR8,cur|Rotaria_macrura|OENT01000325.1_81075_83639|p1,29.4,99,2.881e-07,47.0
panx|Sus_scrofa|PANX2|F1RXR8,cur|Brachionus_koreanus|PJRA01000263.1_5378433_5381126|p5,26.1,118,6.607e-07,46.0
panx|Sus_scrofa|PANX2|F1RXR8,cur|Acanthocardia_echinata|OZ377328.1_11251456_11255941|p4,24.7,130,6.607e-07,46.0
panx|Sus_scrofa|PANX2|F1RXR8,Caenorhabditis_elegans,28.8,99,8.713e-07,45.0
panx|Sus_scrofa|PANX2|F1RXR8,cur|Adineta_vaga|CP075494.1_12488368_12495862|p6,27.5,107,8.713e-07,45.0
panx|Sus_scrofa|PANX2|F1RXR8,cur|Streblospio_benedicti|CM032660.1_13839080_13840183|p6,29.0,97,1.149e-06,45.0
panx|Sus_scrofa|PANX2|F1RXR8,cur|Acanthochitona_discrepans|CM108789.1_17930773_17931897|p3,27.4,105,1.515e-06,44.0
panx|Sus_scrofa|PANX2|F1RXR8,cur|Streblospio_benedicti|CM032663.1_21744357_21747197|p5,24.1,132,1.515e-06,44.0
panx|Sus_scrofa|PANX2|F1RXR8,cur|Acanthocardia_echinata|OZ377328.1_18890103_18896398|p8,27.8,102,1.998e-06,44.0
panx|Sus_scrofa|PANX2|F1RXR8,cur|Acanthocardia_echinata|OZ377328.1_21360257_21387081|p2,27.8,102,1.998e-06,44.0
panx|Sus_scrofa|PANX2|F1RXR8,cur|Acanthocardia_echinata|OZ377328.1_21341102_21387057|p11,27.8,102,1.998e-06,44.0
panx|Sus_scrofa|PANX2|F1RXR8,cur|Streblospio_benedicti|CM032661.1_36454555_36461623|p1,27.1,104,3.474e-06,43.0
panx|Sus_scrofa|PANX2|F1RXR8,Caenorhabditis_elegans,30.5,86,3.474e-06,43.0
panx|Sus_scrofa|PANX2|F1RXR8,cur|Abra_alba|OZ409525.1_26978116_27031527|p5,27.0,104,4.581e-06,43.0
panx|Sus_scrofa|PANX2|F1RXR8,cur|Acanthocardia_echinata|OZ377328.1_23337154_23339399|p9,24.0,128,4.581e-06,43.0
panx|Sus_scrofa|PANX2|F1RXR8,cur|Acanthocardia_echinata|OZ377328.1_11291981_11299363|p5,27.0,104,4.581e-06,43.0
panx|Sus_scrofa|PANX2|F1RXR8,cur|Acanthocardia_echinata|OZ377328.1_21312057_21325945|p10,27.1,101,7.966e-06,42.0
panx|Sus_scrofa|PANX2|F1RXR8,cur|Acanthocardia_echinata|OZ377325.1_14826690_14837377|p14,24.4,122,7.966e-06,42.0
panx|Sus_scrofa|PANX2|F1RXR8,cur|Streblospio_benedicti|CM032663.1_51675706_51690919|p8,27.2,99,1.05e-05,42.0
panx|Sus_scrofa|PANX2|F1RXR8,cur|Abra_alba|OZ409525.1_53154133_53163052|p4,26.6,102,1.385e-05,41.0
panx|Sus_scrofa|PANX2|F1RXR8,cur|Abra_segmentum|OZ251777.1_14113510_14127320|p6,26.6,102,1.385e-05,41.0
panx|Sus_scrofa|PANX2|F1RXR8,cur|Abra_alba|OZ409525.1_18330358_18348899|p2,26.0,105,1.826e-05,41.0
panx|Sus_scrofa|PANX2|F1RXR8,cur|Abra_segmentum|OZ251777.1_53450550_53469929|p1,26.0,105,1.826e-05,41.0
panx|Sus_scrofa|PANX2|F1RXR8,cur|Abra_segmentum|OZ251777.1_10571949_10575809|p3,24.3,119,1.826e-05,41.0
panx|Sus_scrofa|PANX2|F1RXR8,cur|Brachionus_calyciflorus|NTPY01000330.1_409940_411611|p7,26.9,98,2.408e-05,40.0
panx|Sus_scrofa|PANX2|F1RXR8,cur|Brachionus_calyciflorus|NTPY01000330.1_409940_411611|p1,26.9,98,2.408e-05,40.0
panx|Sus_scrofa|PANX2|F1RXR8,cur|Acanthocardia_echinata|OZ377328.1_23300040_23302999|p3,25.7,104,4.187e-05,40.0
panx|Sus_scrofa|PANX2|F1RXR8,cur|Acanthochitona_discrepans|JBLVQD010000009.1_6410532_6411647|p4,22.0,139,4.187e-05,40.0
panx|Sus_scrofa|PANX2|F1RXR8,cur|Acanthochitona_discrepans|CM108789.1_13572118_13573209|p1,25.3,104,7.279e-05,39.0
panx|Sus_scrofa|PANX2|F1RXR8,cur|Streblospio_benedicti|CM032660.1_56259174_56277458|p3,26.0,98,9.598e-05,38.0
panx|Sus_scrofa|PANX2|F1RXR8,cur|Acanthocardia_echinata|OZ377328.1_2223730_2233660|p6,25.5,102,9.598e-05,38.0
panx|Sus_scrofa|PANX2|F1RXR8,cur|Abra_alba|OZ409525.1_26983439_26985168|p1,26.2,95,0.0001669,38.0
panx|Sus_scrofa|PANX2|F1RXR8,cur|Streblospio_benedicti|CM032666.1_10353645_10358349|p7,27.3,88,0.0001669,38.0
panx|Xenopus_laevis|panx2.L|A0A8J0UPJ5,cur|Streblospio_benedicti|CM032660.1_38859841_38860992|p4,31.1,105,2.707e-09,53.0
panx|Xenopus_laevis|panx2.L|A0A8J0UPJ5,cur|Acanthochitona_discrepans|CM108789.1_13668655_13669749|p2,31.6,100,6.21e-09,52.0
panx|Xenopus_laevis|panx2.L|A0A8J0UPJ5,cur|Streblospio_benedicti|CM032660.1_38854181_38855281|p9,30.6,105,6.21e-09,52.0
panx|Xenopus_laevis|panx2.L|A0A8J0UPJ5,cur|Adineta_steineri|CAJNOI010000009.1_556245_558144|p4,30.8,104,6.21e-09,52.0
panx|Xenopus_laevis|panx2.L|A0A8J0UPJ5,cur|Adineta_ricciae|CAJNOJ010000009.1_407234_409021|p3,30.5,104,1.08e-08,51.0
panx|Xenopus_laevis|panx2.L|A0A8J0UPJ5,cur|Adineta_ricciae|CAJNOJ010000030.1_78572_80153|p4,30.5,104,1.08e-08,51.0
panx|Xenopus_laevis|panx2.L|A0A8J0UPJ5,cur|Adineta_vaga|CP075494.1_12494283_12495859|p4,30.5,104,1.08e-08,51.0
panx|Xenopus_laevis|panx2.L|A0A8J0UPJ5,cur|Abra_alba|OZ409525.1_47319987_47324644|p7,30.0,106,1.424e-08,51.0
panx|Xenopus_laevis|panx2.L|A0A8J0UPJ5,cur|Acanthocardia_echinata|OZ377328.1_18890103_18896398|p8,30.5,102,1.878e-08,51.0
panx|Xenopus_laevis|panx2.L|A0A8J0UPJ5,cur|Abra_segmentum|OZ251777.1_32509668_32513297|p8,29.8,106,1.878e-08,51.0
panx|Xenopus_laevis|panx2.L|A0A8J0UPJ5,cur|Acanthocardia_echinata|OZ377328.1_11251456_11255941|p4,26.1,130,3.266e-08,50.0
panx|Xenopus_laevis|panx2.L|A0A8J0UPJ5,cur|Rotaria_macrura|OENT01000045.1_119094_122499|p2,29.8,104,3.266e-08,50.0
panx|Xenopus_laevis|panx2.L|A0A8J0UPJ5,cur|Abra_alba|OZ409525.1_26978116_27031527|p5,29.7,104,4.307e-08,49.0
panx|Xenopus_laevis|panx2.L|A0A8J0UPJ5,cur|Rotaria_macrura|OENT01000325.1_81075_83639|p1,30.4,100,4.307e-08,49.0
panx|Xenopus_laevis|panx2.L|A0A8J0UPJ5,cur|Acanthocardia_echinata|OZ377328.1_21360257_21387081|p2,29.9,102,5.68e-08,49.0
panx|Xenopus_laevis|panx2.L|A0A8J0UPJ5,cur|Acanthocardia_echinata|OZ377328.1_21341102_21387057|p11,29.9,102,5.68e-08,49.0
panx|Xenopus_laevis|panx2.L|A0A8J0UPJ5,cur|Abra_segmentum|OZ251777.1_37626866_37628412|p9,29.7,102,7.49e-08,49.0
panx|Xenopus_laevis|panx2.L|A0A8J0UPJ5,cur|Abra_segmentum|OZ251777.1_37619854_37628968|p2,29.7,102,7.49e-08,49.0
panx|Xenopus_laevis|panx2.L|A0A8J0UPJ5,cur|Brachionus_koreanus|PJRA01000263.1_5378433_5381126|p5,27.1,118,9.877e-08,48.0
panx|Xenopus_laevis|panx2.L|A0A8J0UPJ5,cur|Brachionus_manjavacas|JAHQIY010000004.1_8292265_8293444|p4,26.9,118,1.302e-07,48.0
panx|Xenopus_laevis|panx2.L|A0A8J0UPJ5,cur|Streblospio_benedicti|CM032660.1_38866392_38867486|p10,28.9,105,1.302e-07,48.0
panx|Xenopus_laevis|panx2.L|A0A8J0UPJ5,cur|Abra_alba|OZ409525.1_27026774_27031521|p3,29.2,102,1.717e-07,48.0
panx|Xenopus_laevis|panx2.L|A0A8J0UPJ5,cur|Brachionus_calyciflorus|NTPY01000483.1_809096_811261|p5,28.9,103,2.265e-07,47.0
panx|Xenopus_laevis|panx2.L|A0A8J0UPJ5,cur|Acanthocardia_echinata|OZ377328.1_21312057_21325945|p10,29.1,101,2.986e-07,47.0
panx|Xenopus_laevis|panx2.L|A0A8J0UPJ5,Caenorhabditis_elegans,29.4,99,2.986e-07,47.0
panx|Xenopus_laevis|panx2.L|A0A8J0UPJ5,cur|Acanthocardia_echinata|OZ377328.1_23337154_23339399|p9,26.0,121,3.938e-07,46.0
panx|Xenopus_laevis|panx2.L|A0A8J0UPJ5,cur|Adineta_vaga|CP075494.1_12488368_12495862|p6,27.9,107,3.938e-07,46.0
panx|Xenopus_laevis|panx2.L|A0A8J0UPJ5,cur|Streblospio_benedicti|CM032660.1_13839080_13840183|p6,29.3,98,5.192e-07,46.0
panx|Xenopus_laevis|panx2.L|A0A8J0UPJ5,cur|Acanthocardia_echinata|OZ377328.1_11291981_11299363|p5,28.2,104,5.192e-07,46.0
panx|Xenopus_laevis|panx2.L|A0A8J0UPJ5,cur|Streblospio_benedicti|CM032666.1_530575_537250|p2,28.6,101,6.847e-07,46.0
panx|Xenopus_laevis|panx2.L|A0A8J0UPJ5,cur|Streblospio_benedicti|CM032663.1_21744357_21747197|p5,24.5,132,6.847e-07,46.0
panx|Xenopus_laevis|panx2.L|A0A8J0UPJ5,cur|Acanthochitona_discrepans|CM108789.1_17930773_17931897|p3,27.8,105,9.028e-07,45.0
panx|Xenopus_laevis|panx2.L|A0A8J0UPJ5,cur|Abra_alba|OZ409525.1_53154133_53163052|p4,27.9,102,1.57e-06,44.0
panx|Xenopus_laevis|panx2.L|A0A8J0UPJ5,cur|Abra_segmentum|OZ251777.1_14113510_14127320|p6,27.9,102,1.57e-06,44.0
panx|Xenopus_laevis|panx2.L|A0A8J0UPJ5,cur|Streblospio_benedicti|CM032663.1_51675706_51690919|p8,28.3,100,1.57e-06,44.0
panx|Xenopus_laevis|panx2.L|A0A8J0UPJ5,cur|Abra_segmentum|OZ251777.1_10571949_10575809|p3,25.5,119,1.57e-06,44.0
panx|Xenopus_laevis|panx2.L|A0A8J0UPJ5,Caenorhabditis_elegans,27.6,104,1.57e-06,44.0
panx|Xenopus_laevis|panx2.L|A0A8J0UPJ5,Caenorhabditis_elegans,30.8,86,2.07e-06,44.0
panx|Xenopus_laevis|panx2.L|A0A8J0UPJ5,cur|Abra_alba|OZ409525.1_26983439_26985168|p1,28.8,95,2.729e-06,44.0
panx|Xenopus_laevis|panx2.L|A0A8J0UPJ5,cur|Brachionus_calyciflorus|NTPY01000330.1_409940_411611|p7,28.1,99,2.729e-06,44.0
panx|Xenopus_laevis|panx2.L|A0A8J0UPJ5,cur|Brachionus_calyciflorus|NTPY01000330.1_409940_411611|p1,28.1,99,2.729e-06,44.0
panx|Xenopus_laevis|panx2.L|A0A8J0UPJ5,cur|Acanthocardia_echinata|OZ377328.1_23300040_23302999|p3,27.1,104,3.598e-06,43.0
panx|Xenopus_laevis|panx2.L|A0A8J0UPJ5,cur|Abra_alba|OZ409525.1_18330358_18348899|p2,27.0,105,3.598e-06,43.0
panx|Xenopus_laevis|panx2.L|A0A8J0UPJ5,cur|Abra_segmentum|OZ251777.1_53450550_53469929|p1,27.0,105,3.598e-06,43.0
panx|Xenopus_laevis|panx2.L|A0A8J0UPJ5,cur|Acanthocardia_echinata|OZ377325.1_14826690_14837377|p14,26.5,106,6.255e-06,42.0
panx|Xenopus_laevis|panx2.L|A0A8J0UPJ5,cur|Acanthochitona_discrepans|JBLVQD010000009.1_6410532_6411647|p4,21.8,151,8.247e-06,42.0
panx|Xenopus_laevis|panx2.L|A0A8J0UPJ5,cur|Streblospio_benedicti|CM032661.1_36454555_36461623|p1,26.6,104,8.247e-06,42.0
panx|Xenopus_laevis|panx2.L|A0A8J0UPJ5,cur|Acanthochitona_discrepans|CM108789.1_13572118_13573209|p1,26.5,104,1.087e-05,42.0
panx|Xenopus_laevis|panx2.L|A0A8J0UPJ5,cur|Acanthocardia_echinata|OZ377328.1_2223730_2233660|p6,26.8,102,1.087e-05,42.0
panx|Xenopus_laevis|panx2.L|A0A8J0UPJ5,cur|Streblospio_benedicti|CM032660.1_56259174_56277458|p3,27.2,98,1.434e-05,41.0
panx|Xenopus_laevis|panx2.L|A0A8J0UPJ5,cur|Streblospio_benedicti|CM032666.1_10353645_10358349|p7,28.9,88,1.89e-05,41.0
panx|Xenopus_laevis|panx2.L|A0A8J0UPJ5,cur|Acanthochitona_discrepans|CM108789.1_13705717_13706817|p5,26.4,100,3.286e-05,40.0
panx|Xenopus_laevis|panx2.L|A0A8J0UPJ5,Caenorhabditis_elegans,29.1,83,5.712e-05,39.0
panx|Xenopus_laevis|panx2.L|A0A8J0UPJ5,cur|Dryodora_glandiformis|JAUELJ010305675.1_629_1771|p4,25.1,100,0.0002999,37.0
panx|Sus_scrofa|PANX3|A0A4X1VH71,cur|Adineta_ricciae|CAJNOJ010000009.1_407234_409021|p3,28.4,102,3.109e-07,46.0
panx|Sus_scrofa|PANX3|A0A4X1VH71,cur|Adineta_ricciae|CAJNOJ010000030.1_78572_80153|p4,28.4,102,3.109e-07,46.0
panx|Sus_scrofa|PANX3|A0A4X1VH71,cur|Adineta_vaga|CP075494.1_12494283_12495859|p4,28.4,102,3.109e-07,46.0
panx|Sus_scrofa|PANX3|A0A4X1VH71,cur|Brachionus_calyciflorus|NTPY01000526.1_2301293_2302390|p4,23.5,142,4.114e-07,45.0
panx|Sus_scrofa|PANX3|A0A4X1VH71,cur|Adineta_steineri|CAJNOI010000009.1_556245_558144|p4,28.2,102,4.114e-07,45.0
panx|Sus_scrofa|PANX3|A0A4X1VH71,cur|Rotaria_macrura|OENT01000045.1_119094_122499|p2,28.8,99,4.114e-07,45.0
panx|Sus_scrofa|PANX3|A0A4X1VH71,cur|Brachionus_koreanus|PJRA01000555.1_1340882_1341979|p2,23.1,145,5.444e-07,45.0
panx|Sus_scrofa|PANX3|A0A4X1VH71,cur|Rotaria_macrura|OENT01000325.1_81075_83639|p1,28.4,99,7.203e-07,44.0
panx|Sus_scrofa|PANX3|A0A4X1VH71,cur|Brachionus_manjavacas|JAHQIY010000020.1_863382_864479|p2,23.1,142,9.53e-07,44.0
panx|Sus_scrofa|PANX3|A0A4X1VH71,cur|Acanthocardia_echinata|OZ377328.1_2223730_2233660|p6,27.9,100,1.261e-06,44.0
panx|Sus_scrofa|PANX3|A0A4X1VH71,cur|Streblospio_benedicti|CM032660.1_38866392_38867486|p10,26.7,107,1.668e-06,43.0
panx|Sus_scrofa|PANX3|A0A4X1VH71,cur|Abra_segmentum|OZ251777.1_14113510_14127320|p6,27.6,100,2.207e-06,43.0
panx|Sus_scrofa|PANX3|A0A4X1VH71,cur|Streblospio_benedicti|CM032660.1_38854181_38855281|p9,26.8,104,2.919e-06,42.0
panx|Sus_scrofa|PANX3|A0A4X1VH71,cur|Adineta_vaga|CP075494.1_12488368_12495862|p6,26.5,105,3.861e-06,42.0
panx|Sus_scrofa|PANX3|A0A4X1VH71,cur|Acanthochitona_discrepans|JBLVQD010000009.1_6410532_6411647|p4,26.6,100,1.182e-05,40.0
panx|Sus_scrofa|PANX3|A0A4X1VH71,cur|Abra_alba|OZ409525.1_53154133_53163052|p4,26.4,100,1.563e-05,40.0
panx|Sus_scrofa|PANX3|A0A4X1VH71,cur|Streblospio_benedicti|CM032660.1_38859841_38860992|p4,25.8,104,1.563e-05,40.0
panx|Sus_scrofa|PANX3|A0A4X1VH71,cur|Acanthocardia_echinata|OZ377328.1_11291981_11299363|p5,28.1,89,2.067e-05,40.0
panx|Sus_scrofa|PANX3|A0A4X1VH71,cur|Brachionus_calyciflorus|NTPY01000970.1_33584_34756|p3,21.6,145,2.067e-05,40.0
panx|Sus_scrofa|PANX3|A0A4X1VH71,cur|Streblospio_benedicti|CM032666.1_530575_537250|p2,26.1,100,2.734e-05,39.0
panx|Sus_scrofa|PANX3|A0A4X1VH71,cur|Brachionus_calyciflorus|NTPY01000330.1_409940_411611|p7,25.7,100,4.781e-05,38.0
panx|Sus_scrofa|PANX3|A0A4X1VH71,cur|Brachionus_calyciflorus|NTPY01000330.1_409940_411611|p1,25.7,100,4.781e-05,38.0
panx|Sus_scrofa|PANX3|A0A4X1VH71,cur|Acanthochitona_discrepans|CM108789.1_17930773_17931897|p3,24.0,111,8.359e-05,38.0
panx|Sus_scrofa|PANX3|A0A4X1VH71,cur|Acanthocardia_echinata|OZ377328.1_11251456_11255941|p4,27.2,89,8.359e-05,38.0
panx|Sus_scrofa|PANX3|A0A4X1VH71,cur|Abra_alba|OZ409525.1_18330358_18348899|p2,27.9,81,0.0002555,36.0
panx|Sus_scrofa|PANX3|A0A4X1VH71,cur|Abra_segmentum|OZ251777.1_53450550_53469929|p1,27.9,81,0.0002555,36.0
panx|Sus_scrofa|PANX3|A0A4X1VH71,Caenorhabditis_elegans,19.9,157,0.0002555,36.0
panx|Sus_scrofa|PANX3|A0A4X1VH71,cur|Brachionus_manjavacas|JAHQIY010000004.1_8292265_8293444|p4,21.9,124,0.0004465,35.0
panx|Sus_scrofa|PANX3|A0A4X1VH71,cur|Acanthochitona_discrepans|CM108789.1_13705717_13706817|p5,24.1,101,0.0005903,35.0
panx|Sus_scrofa|PANX3|A0A4X1VH71,cur|Abra_segmentum|OZ251777.1_10571949_10575809|p3,24.1,101,0.0005903,35.0
panx|Sus_scrofa|PANX3|A0A4X1VH71,cur|Acanthocardia_echinata|OZ377328.1_21360257_21387081|p2,23.9,101,0.0007804,34.0
panx|Sus_scrofa|PANX3|A0A4X1VH71,cur|Acanthocardia_echinata|OZ377328.1_21341102_21387057|p11,23.9,101,0.0007804,34.0
panx|Xenopus_laevis|panx2.S|A0A1L8GU32,cur|Streblospio_benedicti|CM032660.1_38859841_38860992|p4,31.7,105,8.717e-10,55.0
panx|Xenopus_laevis|panx2.S|A0A1L8GU32,cur|Acanthochitona_discrepans|CM108789.1_13668655_13669749|p2,32.3,100,2e-09,54.0
panx|Xenopus_laevis|panx2.S|A0A1L8GU32,cur|Streblospio_benedicti|CM032660.1_38854181_38855281|p9,31.3,105,2e-09,54.0
panx|Xenopus_laevis|panx2.S|A0A1L8GU32,cur|Adineta_steineri|CAJNOI010000009.1_556245_558144|p4,30.8,104,6.053e-09,52.0
panx|Xenopus_laevis|panx2.S|A0A1L8GU32,cur|Abra_alba|OZ409525.1_47319987_47324644|p7,30.4,106,6.053e-09,52.0
panx|Xenopus_laevis|panx2.S|A0A1L8GU32,cur|Abra_segmentum|OZ251777.1_32509668_32513297|p8,30.3,106,7.983e-09,52.0
panx|Xenopus_laevis|panx2.S|A0A1L8GU32,cur|Adineta_ricciae|CAJNOJ010000009.1_407234_409021|p3,30.5,104,1.053e-08,51.0
panx|Xenopus_laevis|panx2.S|A0A1L8GU32,cur|Adineta_ricciae|CAJNOJ010000030.1_78572_80153|p4,30.5,104,1.053e-08,51.0
panx|Xenopus_laevis|panx2.S|A0A1L8GU32,cur|Adineta_vaga|CP075494.1_12494283_12495859|p4,30.5,104,1.053e-08,51.0
panx|Xenopus_laevis|panx2.S|A0A1L8GU32,cur|Acanthocardia_echinata|OZ377328.1_18890103_18896398|p8,30.4,102,2.415e-08,50.0
panx|Xenopus_laevis|panx2.S|A0A1L8GU32,cur|Brachionus_koreanus|PJRA01000263.1_5378433_5381126|p5,27.6,118,3.185e-08,50.0
panx|Xenopus_laevis|panx2.S|A0A1L8GU32,cur|Rotaria_macrura|OENT01000045.1_119094_122499|p2,29.8,104,3.185e-08,50.0
panx|Xenopus_laevis|panx2.S|A0A1L8GU32,cur|Brachionus_manjavacas|JAHQIY010000004.1_8292265_8293444|p4,27.5,118,4.201e-08,49.0
panx|Xenopus_laevis|panx2.S|A0A1L8GU32,cur|Streblospio_benedicti|CM032660.1_38866392_38867486|p10,29.5,105,4.201e-08,49.0
panx|Xenopus_laevis|panx2.S|A0A1L8GU32,cur|Acanthocardia_echinata|OZ377328.1_21360257_21387081|p2,30.1,102,4.201e-08,49.0
panx|Xenopus_laevis|panx2.S|A0A1L8GU32,cur|Acanthocardia_echinata|OZ377328.1_21341102_21387057|p11,30.1,102,4.201e-08,49.0
panx|Xenopus_laevis|panx2.S|A0A1L8GU32,cur|Acanthocardia_echinata|OZ377328.1_11251456_11255941|p4,26.0,130,4.201e-08,49.0
panx|Xenopus_laevis|panx2.S|A0A1L8GU32,cur|Rotaria_macrura|OENT01000325.1_81075_83639|p1,30.4,100,4.201e-08,49.0
panx|Xenopus_laevis|panx2.S|A0A1L8GU32,cur|Abra_alba|OZ409525.1_26978116_27031527|p5,29.5,104,5.54e-08,49.0
panx|Xenopus_laevis|panx2.S|A0A1L8GU32,cur|Abra_segmentum|OZ251777.1_37626866_37628412|p9,29.6,102,9.635e-08,48.0
panx|Xenopus_laevis|panx2.S|A0A1L8GU32,cur|Abra_segmentum|OZ251777.1_37619854_37628968|p2,29.6,102,9.635e-08,48.0
panx|Xenopus_laevis|panx2.S|A0A1L8GU32,cur|Brachionus_calyciflorus|NTPY01000483.1_809096_811261|p5,29.2,103,1.271e-07,48.0
panx|Xenopus_laevis|panx2.S|A0A1L8GU32,cur|Streblospio_benedicti|CM032660.1_13839080_13840183|p6,30.0,98,1.676e-07,48.0
panx|Xenopus_laevis|panx2.S|A0A1L8GU32,cur|Abra_alba|OZ409525.1_27026774_27031521|p3,29.1,102,2.21e-07,47.0
panx|Xenopus_laevis|panx2.S|A0A1L8GU32,cur|Streblospio_benedicti|CM032666.1_530575_537250|p2,29.1,101,2.914e-07,47.0
panx|Xenopus_laevis|panx2.S|A0A1L8GU32,cur|Acanthochitona_discrepans|CM108789.1_17930773_17931897|p3,28.2,105,3.843e-07,46.0
panx|Xenopus_laevis|panx2.S|A0A1L8GU32,cur|Adineta_vaga|CP075494.1_12488368_12495862|p6,27.9,107,3.843e-07,46.0
panx|Xenopus_laevis|panx2.S|A0A1L8GU32,cur|Acanthocardia_echinata|OZ377328.1_23337154_23339399|p9,25.9,121,5.068e-07,46.0
panx|Xenopus_laevis|panx2.S|A0A1L8GU32,cur|Acanthocardia_echinata|OZ377328.1_11291981_11299363|p5,28.1,104,6.683e-07,46.0
panx|Xenopus_laevis|panx2.S|A0A1L8GU32,cur|Brachionus_calyciflorus|NTPY01000330.1_409940_411611|p7,28.8,99,8.812e-07,45.0
panx|Xenopus_laevis|panx2.S|A0A1L8GU32,cur|Brachionus_calyciflorus|NTPY01000330.1_409940_411611|p1,28.8,99,8.812e-07,45.0
panx|Xenopus_laevis|panx2.S|A0A1L8GU32,cur|Acanthocardia_echinata|OZ377328.1_21312057_21325945|p10,28.3,101,1.162e-06,45.0
panx|Xenopus_laevis|panx2.S|A0A1L8GU32,Caenorhabditis_elegans,28.6,99,1.162e-06,45.0
panx|Xenopus_laevis|panx2.S|A0A1L8GU32,cur|Abra_alba|OZ409525.1_53154133_53163052|p4,27.9,102,1.532e-06,44.0
panx|Xenopus_laevis|panx2.S|A0A1L8GU32,cur|Abra_segmentum|OZ251777.1_14113510_14127320|p6,27.9,102,1.532e-06,44.0
panx|Xenopus_laevis|panx2.S|A0A1L8GU32,cur|Abra_alba|OZ409525.1_18330358_18348899|p2,27.4,105,1.532e-06,44.0
panx|Xenopus_laevis|panx2.S|A0A1L8GU32,cur|Abra_segmentum|OZ251777.1_53450550_53469929|p1,27.4,105,1.532e-06,44.0
panx|Xenopus_laevis|panx2.S|A0A1L8GU32,cur|Streblospio_benedicti|CM032663.1_21744357_21747197|p5,24.0,132,2.021e-06,44.0
panx|Xenopus_laevis|panx2.S|A0A1L8GU32,cur|Abra_segmentum|OZ251777.1_10571949_10575809|p3,25.4,119,2.021e-06,44.0
panx|Xenopus_laevis|panx2.S|A0A1L8GU32,cur|Acanthochitona_discrepans|JBLVQD010000009.1_6410532_6411647|p4,22.3,151,2.664e-06,44.0
panx|Xenopus_laevis|panx2.S|A0A1L8GU32,cur|Streblospio_benedicti|CM032661.1_36454555_36461623|p1,27.3,104,2.664e-06,44.0
panx|Xenopus_laevis|panx2.S|A0A1L8GU32,Caenorhabditis_elegans,30.6,86,2.664e-06,44.0
panx|Xenopus_laevis|panx2.S|A0A1L8GU32,cur|Abra_alba|OZ409525.1_26983439_26985168|p1,28.6,95,3.513e-06,43.0
panx|Xenopus_laevis|panx2.S|A0A1L8GU32,cur|Acanthochitona_discrepans|CM108789.1_13572118_13573209|p1,27.1,104,3.513e-06,43.0
panx|Xenopus_laevis|panx2.S|A0A1L8GU32,cur|Acanthocardia_echinata|OZ377328.1_23300040_23302999|p3,27.0,104,4.633e-06,43.0
panx|Xenopus_laevis|panx2.S|A0A1L8GU32,cur|Streblospio_benedicti|CM032663.1_51675706_51690919|p8,27.4,100,6.109e-06,42.0
panx|Xenopus_laevis|panx2.S|A0A1L8GU32,Caenorhabditis_elegans,26.8,104,6.109e-06,42.0
panx|Xenopus_laevis|panx2.S|A0A1L8GU32,cur|Streblospio_benedicti|CM032666.1_10353645_10358349|p7,29.4,88,8.055e-06,42.0
panx|Xenopus_laevis|panx2.S|A0A1L8GU32,cur|Acanthocardia_echinata|OZ377325.1_14826690_14837377|p14,26.3,106,8.055e-06,42.0
panx|Xenopus_laevis|panx2.S|A0A1L8GU32,cur|Acanthochitona_discrepans|CM108789.1_13705717_13706817|p5,27.1,100,1.062e-05,42.0
panx|Xenopus_laevis|panx2.S|A0A1L8GU32,cur|Acanthocardia_echinata|OZ377328.1_2223730_2233660|p6,26.8,102,1.062e-05,42.0
panx|Xenopus_laevis|panx2.S|A0A1L8GU32,cur|Streblospio_benedicti|CM032660.1_56259174_56277458|p3,27.1,98,1.847e-05,41.0
panx|Xenopus_laevis|panx2.S|A0A1L8GU32,cur|Dryodora_glandiformis|JAUELJ010305675.1_629_1771|p4,26.1,100,5.581e-05,39.0
panx|Xenopus_laevis|panx2.S|A0A1L8GU32,Caenorhabditis_elegans,28.9,83,7.358e-05,39.0
panx|Danio_rerio|panx1a|A0A8M1PG01,cur|Adineta_steineri|CAJNOI010000009.1_556245_558144|p4,30.0,88,1.831e-06,43.0
panx|Danio_rerio|panx1a|A0A8M1PG01,cur|Adineta_ricciae|CAJNOJ010000009.1_407234_409021|p3,29.8,88,2.421e-06,43.0
panx|Danio_rerio|panx1a|A0A8M1PG01,cur|Adineta_ricciae|CAJNOJ010000030.1_78572_80153|p4,29.8,88,2.421e-06,43.0
panx|Danio_rerio|panx1a|A0A8M1PG01,cur|Adineta_vaga|CP075494.1_12494283_12495859|p4,29.8,88,2.421e-06,43.0
panx|Danio_rerio|panx1a|A0A8M1PG01,cur|Rotaria_macrura|OENT01000045.1_119094_122499|p2,29.8,88,2.421e-06,43.0
panx|Danio_rerio|panx1a|A0A8M1PG01,cur|Rotaria_macrura|OENT01000325.1_81075_83639|p1,29.8,88,2.421e-06,43.0
panx|Danio_rerio|panx1a|A0A8M1PG01,cur|Adineta_vaga|CP075494.1_12488368_12495862|p6,28.3,91,9.777e-06,41.0
panx|Danio_rerio|panx1a|A0A8M1PG01,cur|Streblospio_benedicti|CM032666.1_530575_537250|p2,27.9,85,9.111e-05,38.0
panx|Danio_rerio|panx1a|A0A8M1PG01,cur|Brachionus_calyciflorus|NTPY01000330.1_409940_411611|p7,26.1,93,0.0001591,37.0
panx|Danio_rerio|panx1a|A0A8M1PG01,cur|Brachionus_calyciflorus|NTPY01000330.1_409940_411611|p1,27.0,87,0.0002103,36.0
panx|Danio_rerio|panx1a|A0A8M1PG01,cur|Acanthocardia_echinata|OZ377328.1_19071829_19072938|p1,26.4,89,0.0002779,36.0
panx|Danio_rerio|panx1a|A0A8M1PG01,cur|Brachionus_manjavacas|JAHQIY010000004.1_8292265_8293444|p4,26.4,87,0.0004853,35.0
panx|Xenopus_laevis|panx3.L|A0A8J0T8Y2,cur|Adineta_steineri|CAJNOI010000009.1_556245_558144|p4,28.8,98,5.793e-07,45.0
panx|Xenopus_laevis|panx3.L|A0A8J0T8Y2,cur|Rotaria_macrura|OENT01000325.1_81075_83639|p1,27.9,102,7.662e-07,44.0
panx|Xenopus_laevis|panx3.L|A0A8J0T8Y2,cur|Brachionus_koreanus|PJRA01000555.1_1340882_1341979|p2,22.1,129,0.0001169,37.0
panx|Xenopus_laevis|panx3.L|A0A8J0T8Y2,cur|Brachionus_manjavacas|JAHQIY010000020.1_863382_864479|p2,22.2,125,0.0002042,36.0
panx|Danio_rerio|panx1b|F1QSR7,cur|Adineta_ricciae|CAJNOJ010000030.1_78572_80153|p4,27.4,133,4.225e-10,55.0
panx|Danio_rerio|panx1b|F1QSR7,cur|Adineta_vaga|CP075494.1_12494283_12495859|p4,27.4,133,4.225e-10,55.0
panx|Danio_rerio|panx1b|F1QSR7,cur|Adineta_steineri|CAJNOI010000009.1_556245_558144|p4,27.2,133,7.401e-10,54.0
panx|Danio_rerio|panx1b|F1QSR7,cur|Adineta_ricciae|CAJNOJ010000009.1_407234_409021|p3,27.0,133,9.795e-10,54.0
panx|Danio_rerio|panx1b|F1QSR7,cur|Adineta_vaga|CP075494.1_12488368_12495862|p6,26.7,136,9.795e-10,54.0
panx|Danio_rerio|panx1b|F1QSR7,cur|Rotaria_macrura|OENT01000325.1_81075_83639|p1,26.9,133,1.296e-09,53.0
panx|Danio_rerio|panx1b|F1QSR7,cur|Rotaria_macrura|OENT01000045.1_119094_122499|p2,34.2,88,3.974e-09,52.0
panx|Danio_rerio|panx1b|F1QSR7,cur|Acanthochitona_discrepans|JBLVQD010000009.1_6410532_6411647|p4,23.0,166,1.217e-08,50.0
panx|Danio_rerio|panx1b|F1QSR7,cur|Streblospio_benedicti|CM032663.1_51675706_51690919|p8,24.7,139,4.93e-08,48.0
panx|Danio_rerio|panx1b|F1QSR7,cur|Brachionus_manjavacas|JAHQIY010000004.1_8292265_8293444|p4,24.4,139,8.624e-08,48.0
panx|Danio_rerio|panx1b|F1QSR7,cur|Brachionus_calyciflorus|NTPY01000330.1_409940_411611|p7,29.9,93,4.612e-07,45.0
panx|Danio_rerio|panx1b|F1QSR7,cur|Brachionus_calyciflorus|NTPY01000330.1_409940_411611|p1,31.0,87,6.098e-07,45.0
panx|Danio_rerio|panx1b|F1QSR7,cur|Acanthochitona_discrepans|CM108789.1_13572118_13573209|p1,29.9,92,6.098e-07,45.0
panx|Danio_rerio|panx1b|F1QSR7,cur|Abra_segmentum|OZ251777.1_14113510_14127320|p6,22.9,144,1.066e-06,44.0
panx|Danio_rerio|panx1b|F1QSR7,cur|Abra_segmentum|OZ251777.1_32509668_32513297|p8,26.5,106,3.257e-06,42.0
panx|Danio_rerio|panx1b|F1QSR7,cur|Acanthocardia_echinata|OZ377328.1_11251456_11255941|p4,24.6,121,3.257e-06,42.0
panx|Danio_rerio|panx1b|F1QSR7,cur|Streblospio_benedicti|CM032661.1_36454555_36461623|p1,27.6,98,4.306e-06,42.0
panx|Danio_rerio|panx1b|F1QSR7,cur|Abra_alba|OZ409525.1_47319987_47324644|p7,29.2,89,4.306e-06,42.0
panx|Danio_rerio|panx1b|F1QSR7,cur|Streblospio_benedicti|CM032660.1_38859841_38860992|p4,25.4,113,4.306e-06,42.0
panx|Danio_rerio|panx1b|F1QSR7,cur|Abra_alba|OZ409525.1_53154133_53163052|p4,22.2,144,5.692e-06,42.0
panx|Danio_rerio|panx1b|F1QSR7,cur|Acanthocardia_echinata|OZ377328.1_2223730_2233660|p6,22.4,142,5.692e-06,42.0
panx|Danio_rerio|panx1b|F1QSR7,cur|Acanthocardia_echinata|OZ377328.1_11291981_11299363|p5,26.6,100,1.315e-05,40.0
panx|Danio_rerio|panx1b|F1QSR7,cur|Acanthocardia_echinata|OZ377328.1_19071829_19072938|p1,20.8,150,7.008e-05,38.0
panx|Xenopus_laevis|panx3.S|A0A1L8FFR9,cur|Rotaria_macrura|OENT01000325.1_81075_83639|p1,28.4,98,1.013e-06,44.0
panx|Xenopus_laevis|panx3.S|A0A1L8FFR9,cur|Brachionus_calyciflorus|NTPY01000970.1_33584_34756|p3,23.8,125,7.166e-06,41.0
panx|Xenopus_laevis|panx3.S|A0A1L8FFR9,cur|Brachionus_koreanus|PJRA01000555.1_1340882_1341979|p2,22.2,129,8.84e-05,38.0
panx|Xenopus_laevis|panx3.S|A0A1L8FFR9,cur|Brachionus_manjavacas|JAHQIY010000020.1_863382_864479|p2,22.3,125,0.0001545,37.0
panx|Xenopus_laevis|panx3.S|A0A1L8FFR9,cur|Brachionus_calyciflorus|NTPY01000526.1_2301293_2302390|p4,21.8,125,0.0004714,35.0
panx|Danio_rerio|panx2|A0A8M1P3J6,cur|Adineta_steineri|CAJNOI010000009.1_556245_558144|p4,29.7,104,4.004e-08,49.0
panx|Danio_rerio|panx2|A0A8M1P3J6,cur|Adineta_ricciae|CAJNOJ010000009.1_407234_409021|p3,29.4,104,6.967e-08,49.0
panx|Danio_rerio|panx2|A0A8M1P3J6,cur|Adineta_ricciae|CAJNOJ010000030.1_78572_80153|p4,29.4,104,6.967e-08,49.0
panx|Danio_rerio|panx2|A0A8M1P3J6,cur|Adineta_vaga|CP075494.1_12494283_12495859|p4,29.4,104,6.967e-08,49.0
panx|Danio_rerio|panx2|A0A8M1P3J6,cur|Abra_alba|OZ409525.1_47319987_47324644|p7,28.9,106,9.189e-08,48.0
panx|Danio_rerio|panx2|A0A8M1P3J6,cur|Abra_segmentum|OZ251777.1_32509668_32513297|p8,28.7,106,1.212e-07,48.0
panx|Danio_rerio|panx2|A0A8M1P3J6,cur|Rotaria_macrura|OENT01000045.1_119094_122499|p2,29.0,104,1.212e-07,48.0
panx|Danio_rerio|panx2|A0A8M1P3J6,cur|Acanthochitona_discrepans|CM108789.1_13668655_13669749|p2,29.4,100,2.108e-07,47.0
panx|Danio_rerio|panx2|A0A8M1P3J6,cur|Rotaria_macrura|OENT01000325.1_81075_83639|p1,29.4,100,2.108e-07,47.0
panx|Danio_rerio|panx2|A0A8M1P3J6,cur|Acanthocardia_echinata|OZ377328.1_11251456_11255941|p4,25.1,130,2.781e-07,47.0
panx|Danio_rerio|panx2|A0A8M1P3J6,cur|Acanthocardia_echinata|OZ377328.1_21360257_21387081|p2,28.7,102,3.668e-07,46.0
panx|Danio_rerio|panx2|A0A8M1P3J6,cur|Acanthocardia_echinata|OZ377328.1_21341102_21387057|p11,28.7,102,3.668e-07,46.0
panx|Danio_rerio|panx2|A0A8M1P3J6,cur|Acanthochitona_discrepans|CM108789.1_17930773_17931897|p3,28.1,105,4.837e-07,46.0
panx|Danio_rerio|panx2|A0A8M1P3J6,cur|Acanthocardia_echinata|OZ377328.1_18890103_18896398|p8,28.2,102,8.414e-07,45.0
panx|Danio_rerio|panx2|A0A8M1P3J6,cur|Adineta_vaga|CP075494.1_12488368_12495862|p6,27.3,107,1.11e-06,45.0
panx|Danio_rerio|panx2|A0A8M1P3J6,cur|Abra_alba|OZ409525.1_26978116_27031527|p5,27.4,104,1.93e-06,44.0
panx|Danio_rerio|panx2|A0A8M1P3J6,cur|Abra_segmentum|OZ251777.1_37626866_37628412|p9,27.4,102,3.357e-06,43.0
panx|Danio_rerio|panx2|A0A8M1P3J6,cur|Acanthocardia_echinata|OZ377328.1_23337154_23339399|p9,24.1,128,3.357e-06,43.0
panx|Danio_rerio|panx2|A0A8M1P3J6,cur|Abra_segmentum|OZ251784.1_30028846_30031445|p4,23.7,133,3.357e-06,43.0
panx|Danio_rerio|panx2|A0A8M1P3J6,cur|Abra_segmentum|OZ251777.1_37619854_37628968|p2,27.4,102,3.357e-06,43.0
panx|Danio_rerio|panx2|A0A8M1P3J6,cur|Streblospio_benedicti|CM032666.1_10353645_10358349|p7,29.8,88,4.427e-06,43.0
panx|Danio_rerio|panx2|A0A8M1P3J6,cur|Acanthocardia_echinata|OZ377328.1_21312057_21325945|p10,27.3,101,5.838e-06,42.0
panx|Danio_rerio|panx2|A0A8M1P3J6,cur|Abra_alba|OZ409525.1_27026774_27031521|p3,27.1,102,5.838e-06,42.0
panx|Danio_rerio|panx2|A0A8M1P3J6,cur|Acanthocardia_echinata|OZ377328.1_11291981_11299363|p5,26.5,104,1.015e-05,42.0
panx|Danio_rerio|panx2|A0A8M1P3J6,cur|Abra_segmentum|OZ251786.1_2258616_2261215|p5,23.0,133,1.339e-05,41.0
panx|Danio_rerio|panx2|A0A8M1P3J6,cur|Acanthocardia_echinata|OZ377328.1_23300040_23302999|p3,26.2,104,1.766e-05,41.0
panx|Danio_rerio|panx2|A0A8M1P3J6,cur|Abra_alba|OZ409527.1_48105670_48111459|p8,22.9,133,1.766e-05,41.0
panx|Danio_rerio|panx2|A0A8M1P3J6,cur|Abra_segmentum|OZ251777.1_10571949_10575809|p3,24.0,119,3.071e-05,40.0
panx|Danio_rerio|panx2|A0A8M1P3J6,cur|Acanthochitona_discrepans|JBLVQD010000009.1_6410532_6411647|p4,21.2,151,4.049e-05,40.0
panx|Danio_rerio|panx2|A0A8M1P3J6,cur|Acanthocardia_echinata|OZ377325.1_14826690_14837377|p14,25.5,105,4.049e-05,40.0
panx|Podarcis_muralis|PANX1|A0A670IMW4,cur|Acanthochitona_discrepans|CM108789.1_13572118_13573209|p1,30.0,90,1.104e-06,44.0
panx|Podarcis_muralis|PANX1|A0A670IMW4,cur|Acanthochitona_discrepans|JBLVQD010000009.1_6410532_6411647|p4,26.5,105,4.454e-06,42.0
panx|Podarcis_muralis|PANX1|A0A670IMW4,cur|Acanthochitona_discrepans|CM108789.1_17930773_17931897|p3,26.8,92,7.236e-05,38.0
panx|Podarcis_muralis|PANX1|A0A670IMW4,cur|Abra_alba|OZ409525.1_18330358_18348899|p2,27.3,80,0.0008877,34.0
panx|Podarcis_muralis|PANX1|A0A670IMW4,cur|Abra_segmentum|OZ251777.1_53450550_53469929|p1,27.3,80,0.0008877,34.0
panx|Callorhinchus_milii|panx3|A0A4W3HHX6,cur|Rotaria_macrura|OENT01000045.1_119094_122499|p2,28.6,102,2.724e-07,46.0
panx|Callorhinchus_milii|panx3|A0A4W3HHX6,cur|Rotaria_macrura|OENT01000325.1_81075_83639|p1,28.2,102,4.762e-07,45.0
panx|Callorhinchus_milii|panx3|A0A4W3HHX6,cur|Adineta_ricciae|CAJNOJ010000009.1_407234_409021|p3,27.6,102,1.454e-06,44.0
panx|Callorhinchus_milii|panx3|A0A4W3HHX6,cur|Adineta_ricciae|CAJNOJ010000030.1_78572_80153|p4,27.6,102,1.454e-06,44.0
panx|Callorhinchus_milii|panx3|A0A4W3HHX6,cur|Adineta_vaga|CP075494.1_12494283_12495859|p4,27.6,102,1.454e-06,44.0
panx|Callorhinchus_milii|panx3|A0A4W3HHX6,cur|Adineta_steineri|CAJNOI010000009.1_556245_558144|p4,27.6,102,1.454e-06,44.0
panx|Callorhinchus_milii|panx3|A0A4W3HHX6,cur|Adineta_vaga|CP075494.1_12488368_12495862|p6,26.5,105,4.439e-06,42.0
panx|Podarcis_muralis|PANX2|A0A670J859,cur|Streblospio_benedicti|CM032663.1_21744357_21747197|p5,28.1,109,1.502e-07,48.0
panx|Podarcis_muralis|PANX2|A0A670J859,cur|Brachionus_manjavacas|JAHQIY010000004.1_8292265_8293444|p4,29.5,95,7.916e-07,45.0
panx|Podarcis_muralis|PANX2|A0A670J859,cur|Acanthocardia_echinata|OZ377325.1_14826690_14837377|p14,27.8,105,7.916e-07,45.0
panx|Podarcis_muralis|PANX2|A0A670J859,Caenorhabditis_elegans,32.7,80,1.044e-06,45.0
panx|Podarcis_muralis|PANX2|A0A670J859,cur|Acanthocardia_echinata|OZ377328.1_23337154_23339399|p9,26.3,105,9.569e-06,42.0
panx|Podarcis_muralis|PANX2|A0A670J859,cur|Streblospio_benedicti|CM032660.1_56259174_56277458|p3,27.7,95,1.262e-05,41.0
panx|Podarcis_muralis|PANX2|A0A670J859,cur|Acanthocardia_echinata|OZ377328.1_21312057_21325945|p10,30.4,82,1.262e-05,41.0
panx|Podarcis_muralis|PANX2|A0A670J859,cur|Abra_alba|OZ409525.1_26983439_26985168|p1,29.7,83,2.196e-05,40.0
panx|Podarcis_muralis|PANX2|A0A670J859,cur|Abra_segmentum|OZ251777.1_10571949_10575809|p3,26.7,96,5.038e-05,39.0
panx|Podarcis_muralis|PANX2|A0A670J859,cur|Acanthochitona_discrepans|CM108789.1_13572118_13573209|p1,28.7,81,0.0001524,38.0
panx|Podarcis_muralis|PANX2|A0A670J859,cur|Abra_alba|OZ409525.1_18330358_18348899|p2,27.7,82,0.0004611,36.0
panx|Podarcis_muralis|PANX2|A0A670J859,cur|Abra_segmentum|OZ251777.1_53450550_53469929|p1,27.7,82,0.0004611,36.0
panx|Callorhinchus_milii|PANX|A0A4W3JI34,cur|Brachionus_calyciflorus|NTPY01000483.1_809096_811261|p5,27.4,103,2.168e-06,44.0
panx|Callorhinchus_milii|PANX|A0A4W3JI34,cur|Acanthocardia_echinata|OZ377328.1_21360257_21387081|p2,26.8,102,8.673e-06,42.0
panx|Callorhinchus_milii|PANX|A0A4W3JI34,cur|Acanthocardia_echinata|OZ377328.1_21341102_21387057|p11,26.8,102,8.673e-06,42.0
panx|Callorhinchus_milii|PANX|A0A4W3JI34,cur|Abra_segmentum|OZ251777.1_10571949_10575809|p3,22.5,138,1.51e-05,41.0
panx|Callorhinchus_milii|PANX|A0A4W3JI34,cur|Acanthocardia_echinata|OZ377325.1_14826690_14837377|p14,23.8,122,1.992e-05,40.0
panx|Podarcis_muralis|PANX3|A0A670JSK3,cur|Adineta_ricciae|CAJNOJ010000009.1_407234_409021|p3,29.6,116,5.289e-10,55.0
panx|Podarcis_muralis|PANX3|A0A670JSK3,cur|Adineta_ricciae|CAJNOJ010000030.1_78572_80153|p4,29.5,116,7.002e-10,54.0
panx|Podarcis_muralis|PANX3|A0A670JSK3,cur|Adineta_vaga|CP075494.1_12494283_12495859|p4,29.5,116,7.002e-10,54.0
panx|Podarcis_muralis|PANX3|A0A670JSK3,cur|Adineta_steineri|CAJNOI010000009.1_556245_558144|p4,29.5,116,7.002e-10,54.0
panx|Podarcis_muralis|PANX3|A0A670JSK3,cur|Rotaria_macrura|OENT01000045.1_119094_122499|p2,29.5,116,7.002e-10,54.0
panx|Podarcis_muralis|PANX3|A0A670JSK3,cur|Adineta_vaga|CP075494.1_12488368_12495862|p6,28.5,119,2.151e-09,53.0
panx|Podarcis_muralis|PANX3|A0A670JSK3,cur|Rotaria_macrura|OENT01000325.1_81075_83639|p1,31.6,99,3.768e-09,52.0
panx|Podarcis_muralis|PANX3|A0A670JSK3,cur|Brachionus_calyciflorus|NTPY01000529.1_56274_58710|p2,34.0,83,3.543e-08,49.0
panx|Podarcis_muralis|PANX3|A0A670JSK3,cur|Brachionus_calyciflorus|NTPY01000526.1_2301293_2302390|p4,24.9,137,4.688e-08,48.0
panx|Podarcis_muralis|PANX3|A0A670JSK3,cur|Streblospio_benedicti|CM032660.1_38866392_38867486|p10,28.2,109,6.203e-08,48.0
panx|Podarcis_muralis|PANX3|A0A670JSK3,cur|Brachionus_manjavacas|JAHQIY010000004.1_8292265_8293444|p4,26.2,123,8.206e-08,48.0
panx|Podarcis_muralis|PANX3|A0A670JSK3,cur|Streblospio_benedicti|CM032660.1_38854181_38855281|p9,28.9,104,8.206e-08,48.0
panx|Podarcis_muralis|PANX3|A0A670JSK3,cur|Brachionus_calyciflorus|NTPY01000330.1_409940_411611|p7,29.6,99,1.086e-07,47.0
panx|Podarcis_muralis|PANX3|A0A670JSK3,cur|Brachionus_calyciflorus|NTPY01000330.1_409940_411611|p1,29.6,99,1.086e-07,47.0
panx|Podarcis_muralis|PANX3|A0A670JSK3,cur|Brachionus_calyciflorus|NTPY01000970.1_33584_34756|p3,24.0,142,1.086e-07,47.0
panx|Podarcis_muralis|PANX3|A0A670JSK3,cur|Streblospio_benedicti|CM032663.1_51675706_51690919|p8,29.3,100,1.436e-07,47.0
panx|Podarcis_muralis|PANX3|A0A670JSK3,cur|Streblospio_benedicti|CM032660.1_38859841_38860992|p4,28.6,104,1.436e-07,47.0
panx|Podarcis_muralis|PANX3|A0A670JSK3,cur|Brachionus_koreanus|PJRA01000555.1_1340882_1341979|p2,24.3,137,1.9e-07,46.0
panx|Podarcis_muralis|PANX3|A0A670JSK3,cur|Acanthochitona_discrepans|CM108789.1_13668655_13669749|p2,20.9,182,3.324e-07,46.0
panx|Podarcis_muralis|PANX3|A0A670JSK3,cur|Streblospio_benedicti|CM032666.1_530575_537250|p2,28.8,99,4.396e-07,45.0
panx|Podarcis_muralis|PANX3|A0A670JSK3,cur|Acanthocardia_echinata|OZ377328.1_23300040_23302999|p3,27.9,102,7.691e-07,44.0
panx|Podarcis_muralis|PANX3|A0A670JSK3,cur|Brachionus_manjavacas|JAHQIY010000020.1_863382_864479|p2,27.4,105,7.691e-07,44.0
panx|Podarcis_muralis|PANX3|A0A670JSK3,cur|Adineta_steineri|CAJNOI010000016.1_537749_538837|p6,28.1,100,1.017e-06,44.0
panx|Podarcis_muralis|PANX3|A0A670JSK3,cur|Acanthochitona_discrepans|CM108789.1_13572118_13573209|p1,25.8,111,3.111e-06,42.0
panx|Podarcis_muralis|PANX3|A0A670JSK3,cur|Streblospio_benedicti|CM032661.1_36454555_36461623|p1,26.5,103,7.191e-06,41.0
panx|Podarcis_muralis|PANX3|A0A670JSK3,cur|Dryodora_glandiformis|JAUELJ010241728.1_537_1514|p5,25.4,107,1.662e-05,40.0
panx|Podarcis_muralis|PANX3|A0A670JSK3,cur|Acanthocardia_echinata|OZ377328.1_19071829_19072938|p1,22.1,133,5.076e-05,38.0
panx|Podarcis_muralis|PANX3|A0A670JSK3,cur|Acanthocardia_echinata|OZ377328.1_18890103_18896398|p8,24.6,106,8.87e-05,38.0
panx|Podarcis_muralis|PANX3|A0A670JSK3,cur|Abra_segmentum|OZ251777.1_37626866_37628412|p9,21.8,126,0.0003578,36.0
panx|Podarcis_muralis|PANX3|A0A670JSK3,cur|Abra_segmentum|OZ251777.1_10571949_10575809|p3,24.6,100,0.0003578,36.0
panx|Podarcis_muralis|PANX3|A0A670JSK3,cur|Abra_segmentum|OZ251777.1_37619854_37628968|p2,21.8,126,0.0003578,36.0
panx|Petromyzon_marinus|LOC116956353|A0AAJ7UCG9,cur|Brachionus_koreanus|PJRA01000555.1_1340882_1341979|p2,23.6,153,4.166e-08,49.0
panx|Petromyzon_marinus|LOC116956353|A0AAJ7UCG9,cur|Brachionus_manjavacas|JAHQIY010000020.1_863382_864479|p2,23.4,152,7.278e-08,48.0
panx|Petromyzon_marinus|LOC116956353|A0AAJ7UCG9,cur|Adineta_ricciae|CAJNOJ010000009.1_407234_409021|p3,22.1,161,3.879e-07,46.0
panx|Petromyzon_marinus|LOC116956353|A0AAJ7UCG9,cur|Streblospio_benedicti|CM032660.1_38854181_38855281|p9,28.1,104,3.879e-07,46.0
panx|Petromyzon_marinus|LOC116956353|A0AAJ7UCG9,cur|Brachionus_calyciflorus|NTPY01000970.1_33584_34756|p3,23.6,142,3.879e-07,46.0
panx|Petromyzon_marinus|LOC116956353|A0AAJ7UCG9,cur|Adineta_ricciae|CAJNOJ010000030.1_78572_80153|p4,22.2,158,5.127e-07,45.0
panx|Petromyzon_marinus|LOC116956353|A0AAJ7UCG9,cur|Adineta_steineri|CAJNOI010000009.1_556245_558144|p4,23.8,138,5.127e-07,45.0
panx|Petromyzon_marinus|LOC116956353|A0AAJ7UCG9,cur|Rotaria_macrura|OENT01000045.1_119094_122499|p2,21.9,163,5.127e-07,45.0
panx|Petromyzon_marinus|LOC116956353|A0AAJ7UCG9,cur|Adineta_vaga|CP075494.1_12494283_12495859|p4,23.7,138,6.775e-07,45.0
panx|Petromyzon_marinus|LOC116956353|A0AAJ7UCG9,cur|Adineta_vaga|CP075494.1_12488368_12495862|p6,23.4,141,6.775e-07,45.0
panx|Petromyzon_marinus|LOC116956353|A0AAJ7UCG9,cur|Brachionus_calyciflorus|NTPY01000526.1_2301293_2302390|p4,22.4,152,8.953e-07,44.0
panx|Petromyzon_marinus|LOC116956353|A0AAJ7UCG9,cur|Rotaria_macrura|OENT01000325.1_81075_83639|p1,21.7,163,8.953e-07,44.0
panx|Petromyzon_marinus|LOC116956353|A0AAJ7UCG9,cur|Brachionus_calyciflorus|NTPY01000330.1_409940_411611|p7,28.3,99,1.183e-06,44.0
panx|Petromyzon_marinus|LOC116956353|A0AAJ7UCG9,cur|Brachionus_calyciflorus|NTPY01000330.1_409940_411611|p1,28.3,99,1.183e-06,44.0
panx|Petromyzon_marinus|LOC116956353|A0AAJ7UCG9,cur|Streblospio_benedicti|CM032666.1_530575_537250|p2,29.3,85,1.452e-05,40.0
panx|Petromyzon_marinus|LOC116956353|A0AAJ7UCG9,cur|Streblospio_benedicti|CM032663.1_51675706_51690919|p8,26.4,101,1.452e-05,40.0
panx|Petromyzon_marinus|LOC116956353|A0AAJ7UCG9,cur|Brachionus_manjavacas|JAHQIY010000004.1_8292265_8293444|p4,20.4,163,3.347e-05,39.0
panx|Petromyzon_marinus|LOC116956353|A0AAJ7UCG9,cur|Streblospio_benedicti|CM032666.1_10353645_10358349|p7,26.1,99,4.422e-05,39.0
panx|Petromyzon_marinus|LOC116956353|A0AAJ7UCG9,cur|Streblospio_benedicti|CM032661.1_36454555_36461623|p1,25.0,103,0.0001019,38.0
panx|Petromyzon_marinus|LOC116956353|A0AAJ7UCG9,cur|Acanthocardia_echinata|OZ377328.1_11291981_11299363|p5,25.3,101,0.0001019,38.0
panx|Petromyzon_marinus|LOC116956353|A0AAJ7UCG9,cur|Streblospio_benedicti|CM032660.1_38859841_38860992|p4,24.4,104,0.0002349,36.0
panx|Petromyzon_marinus|LOC116956353|A0AAJ7UCG9,cur|Streblospio_benedicti|CM032660.1_38866392_38867486|p10,24.2,104,0.0003102,36.0
panx|Petromyzon_marinus|LOC116956353|A0AAJ7UCG9,cur|Acanthocardia_echinata|OZ377328.1_2223730_2233660|p6,24.1,100,0.000944,34.0
panx|Latimeria_chalumnae|PANX1|H3A740,cur|Adineta_steineri|CAJNOI010000009.1_556245_558144|p4,31.9,88,1.166e-07,47.0
panx|Latimeria_chalumnae|PANX1|H3A740,cur|Adineta_ricciae|CAJNOJ010000009.1_407234_409021|p3,31.7,88,1.542e-07,47.0
panx|Latimeria_chalumnae|PANX1|H3A740,cur|Adineta_ricciae|CAJNOJ010000030.1_78572_80153|p4,31.7,88,1.542e-07,47.0
panx|Latimeria_chalumnae|PANX1|H3A740,cur|Adineta_vaga|CP075494.1_12494283_12495859|p4,31.7,88,1.542e-07,47.0
panx|Latimeria_chalumnae|PANX1|H3A740,cur|Rotaria_macrura|OENT01000045.1_119094_122499|p2,31.7,88,1.542e-07,47.0
panx|Latimeria_chalumnae|PANX1|H3A740,cur|Rotaria_macrura|OENT01000325.1_81075_83639|p1,31.7,88,1.542e-07,47.0
panx|Latimeria_chalumnae|PANX1|H3A740,cur|Adineta_vaga|CP075494.1_12488368_12495862|p6,30.5,91,3.564e-07,46.0
panx|Latimeria_chalumnae|PANX1|H3A740,cur|Streblospio_benedicti|CM032666.1_530575_537250|p2,31.5,85,6.229e-07,45.0
panx|Latimeria_chalumnae|PANX1|H3A740,cur|Brachionus_calyciflorus|NTPY01000330.1_409940_411611|p7,28.5,93,4.395e-06,42.0
panx|Latimeria_chalumnae|PANX1|H3A740,cur|Brachionus_calyciflorus|NTPY01000330.1_409940_411611|p1,29.5,87,5.809e-06,42.0
panx|Latimeria_chalumnae|PANX1|H3A740,cur|Brachionus_manjavacas|JAHQIY010000004.1_8292265_8293444|p4,29.1,87,1.015e-05,41.0
panx|Latimeria_chalumnae|PANX1|H3A740,cur|Acanthochitona_discrepans|JBLVQD010000009.1_6410532_6411647|p4,26.3,101,1.773e-05,40.0
panx|Latimeria_chalumnae|PANX1|H3A740,cur|Streblospio_benedicti|CM032661.1_36454555_36461623|p1,27.2,94,2.343e-05,40.0
panx|Latimeria_chalumnae|PANX1|H3A740,cur|Acanthocardia_echinata|OZ377328.1_2223730_2233660|p6,26.8,89,0.0001648,37.0
panx|Latimeria_chalumnae|PANX1|H3A740,cur|Acanthocardia_echinata|OZ377328.1_19071829_19072938|p1,26.6,89,0.0002178,36.0
panx|Latimeria_chalumnae|PANX1|H3A740,cur|Abra_alba|OZ409525.1_53154133_53163052|p4,26.0,89,0.0005024,35.0
panx|Latimeria_chalumnae|PANX1|H3A740,cur|Acanthocardia_echinata|OZ377328.1_11291981_11299363|p5,26.0,89,0.0005024,35.0
panx|Latimeria_chalumnae|PANX1|H3A740,cur|Abra_segmentum|OZ251777.1_14113510_14127320|p6,25.7,89,0.0008769,34.0
panx|Latimeria_chalumnae|PANX2|H3BCF1,cur|Abra_alba|OZ409525.1_47319987_47324644|p7,30.3,106,8.078e-09,52.0
panx|Latimeria_chalumnae|PANX2|H3BCF1,cur|Adineta_steineri|CAJNOI010000009.1_556245_558144|p4,30.5,104,1.065e-08,51.0
panx|Latimeria_chalumnae|PANX2|H3BCF1,cur|Adineta_ricciae|CAJNOJ010000009.1_407234_409021|p3,30.2,104,1.853e-08,51.0
panx|Latimeria_chalumnae|PANX2|H3BCF1,cur|Adineta_ricciae|CAJNOJ010000030.1_78572_80153|p4,30.2,104,1.853e-08,51.0
panx|Latimeria_chalumnae|PANX2|H3BCF1,cur|Adineta_vaga|CP075494.1_12494283_12495859|p4,30.2,104,1.853e-08,51.0
panx|Latimeria_chalumnae|PANX2|H3BCF1,cur|Abra_segmentum|OZ251777.1_32509668_32513297|p8,29.3,106,4.25e-08,49.0
panx|Latimeria_chalumnae|PANX2|H3BCF1,cur|Brachionus_manjavacas|JAHQIY010000004.1_8292265_8293444|p4,27.4,118,5.605e-08,49.0
panx|Latimeria_chalumnae|PANX2|H3BCF1,cur|Brachionus_koreanus|PJRA01000263.1_5378433_5381126|p5,21.3,189,5.605e-08,49.0
panx|Latimeria_chalumnae|PANX2|H3BCF1,cur|Rotaria_macrura|OENT01000045.1_119094_122499|p2,29.5,104,5.605e-08,49.0
panx|Latimeria_chalumnae|PANX2|H3BCF1,cur|Rotaria_macrura|OENT01000325.1_81075_83639|p1,30.1,100,7.391e-08,49.0
panx|Latimeria_chalumnae|PANX2|H3BCF1,cur|Acanthochitona_discrepans|CM108789.1_13668655_13669749|p2,29.9,100,9.747e-08,48.0
panx|Latimeria_chalumnae|PANX2|H3BCF1,cur|Adineta_vaga|CP075494.1_12488368_12495862|p6,28.7,107,9.747e-08,48.0
panx|Latimeria_chalumnae|PANX2|H3BCF1,cur|Streblospio_benedicti|CM032660.1_13839080_13840183|p6,30.0,98,1.695e-07,48.0
panx|Latimeria_chalumnae|PANX2|H3BCF1,cur|Acanthocardia_echinata|OZ377328.1_11251456_11255941|p4,25.4,130,1.695e-07,48.0
panx|Latimeria_chalumnae|PANX2|H3BCF1,cur|Acanthocardia_echinata|OZ377328.1_18890103_18896398|p8,28.7,102,3.887e-07,46.0
panx|Latimeria_chalumnae|PANX2|H3BCF1,cur|Acanthochitona_discrepans|CM108789.1_17930773_17931897|p3,27.9,105,6.758e-07,46.0
panx|Latimeria_chalumnae|PANX2|H3BCF1,cur|Acanthocardia_echinata|OZ377328.1_21360257_21387081|p2,28.4,102,6.758e-07,46.0
panx|Latimeria_chalumnae|PANX2|H3BCF1,cur|Acanthocardia_echinata|OZ377328.1_21341102_21387057|p11,28.4,102,6.758e-07,46.0
panx|Latimeria_chalumnae|PANX2|H3BCF1,cur|Acanthocardia_echinata|OZ377325.1_14826690_14837377|p14,25.3,122,1.175e-06,45.0
panx|Latimeria_chalumnae|PANX2|H3BCF1,cur|Acanthocardia_echinata|OZ377328.1_23337154_23339399|p9,24.5,128,1.55e-06,44.0
panx|Latimeria_chalumnae|PANX2|H3BCF1,cur|Abra_segmentum|OZ251777.1_37626866_37628412|p9,27.8,102,2.043e-06,44.0
panx|Latimeria_chalumnae|PANX2|H3BCF1,cur|Streblospio_benedicti|CM032666.1_10353645_10358349|p7,30.4,88,2.043e-06,44.0
panx|Latimeria_chalumnae|PANX2|H3BCF1,cur|Abra_alba|OZ409525.1_26978116_27031527|p5,27.4,104,2.043e-06,44.0
panx|Latimeria_chalumnae|PANX2|H3BCF1,cur|Acanthocardia_echinata|OZ377328.1_11291981_11299363|p5,27.4,104,2.043e-06,44.0
panx|Latimeria_chalumnae|PANX2|H3BCF1,cur|Abra_segmentum|OZ251777.1_37619854_37628968|p2,27.8,102,2.043e-06,44.0
panx|Latimeria_chalumnae|PANX2|H3BCF1,cur|Brachionus_calyciflorus|NTPY01000330.1_409940_411611|p7,28.1,99,2.694e-06,44.0
panx|Latimeria_chalumnae|PANX2|H3BCF1,cur|Brachionus_calyciflorus|NTPY01000330.1_409940_411611|p1,28.1,99,2.694e-06,44.0
panx|Latimeria_chalumnae|PANX2|H3BCF1,cur|Abra_segmentum|OZ251784.1_30028846_30031445|p4,23.8,133,2.694e-06,44.0
panx|Latimeria_chalumnae|PANX2|H3BCF1,cur|Streblospio_benedicti|CM032663.1_21744357_21747197|p5,23.7,132,3.552e-06,43.0
panx|Latimeria_chalumnae|PANX2|H3BCF1,cur|Acanthocardia_echinata|OZ377328.1_23300040_23302999|p3,27.0,104,4.684e-06,43.0
panx|Latimeria_chalumnae|PANX2|H3BCF1,cur|Acanthocardia_echinata|OZ377328.1_21312057_21325945|p10,27.4,101,4.684e-06,43.0
panx|Latimeria_chalumnae|PANX2|H3BCF1,cur|Abra_alba|OZ409525.1_27026774_27031521|p3,27.1,102,6.176e-06,42.0
panx|Latimeria_chalumnae|PANX2|H3BCF1,cur|Abra_segmentum|OZ251786.1_2258616_2261215|p5,23.2,133,1.074e-05,42.0
panx|Latimeria_chalumnae|PANX2|H3BCF1,cur|Abra_alba|OZ409527.1_48105670_48111459|p8,23.2,133,1.074e-05,42.0
panx|Latimeria_chalumnae|PANX2|H3BCF1,cur|Abra_segmentum|OZ251777.1_10571949_10575809|p3,24.4,119,1.416e-05,41.0
panx|Latimeria_chalumnae|PANX2|H3BCF1,cur|Abra_alba|OZ409525.1_26983439_26985168|p1,26.9,95,5.641e-05,39.0
panx|Latimeria_chalumnae|PANX2|H3BCF1,cur|Acanthochitona_discrepans|JBLVQD010000009.1_6410532_6411647|p4,21.1,151,5.641e-05,39.0
