panel,mode,species,family,gene_id,name,chrom,start,end,strand,is_goi
connexin_GJA1_cross_species,cross_species,Bos taurus — GJA1,connexin,gene-LOC112448126,LOC112448126,NC_037336.1,29605765,29621482,-,no
connexin_GJA1_cross_species,cross_species,Bos taurus — GJA1,connexin,gene-GJA1,GJA1,NC_037336.1,29748655,29761667,-,yes
connexin_GJA1_cross_species,cross_species,Bos taurus — GJA1,connexin,gene-LOC112448188,LOC112448188,NC_037336.1,29808048,29808154,-,no
connexin_GJA1_cross_species,cross_species,Bos taurus — GJA1,connexin,gene-TBC1D32,TBC1D32,NC_037336.1,29816005,30023496,+,no
connexin_GJA1_cross_species,cross_species,Bos taurus — GJA1,connexin,gene-MIR12063,MIR12063,NC_037336.1,29836295,29836376,+,no
connexin_GJA1_cross_species,cross_species,Canis lupus familiaris — GJA1,connexin,gene-TBC1D32,TBC1D32,NC_049222.1,61235512,61446983,-,no
connexin_GJA1_cross_species,cross_species,Canis lupus familiaris — GJA1,connexin,gene-LOC102157283,LOC102157283,NC_049222.1,61445964,61448240,+,no
connexin_GJA1_cross_species,cross_species,Canis lupus familiaris — GJA1,connexin,gene-GJA1,GJA1,NC_049222.1,61515138,61518103,+,yes
connexin_GJA1_cross_species,cross_species,Canis lupus familiaris — GJA1,connexin,gene-LOC119870673,LOC119870673,NC_049222.1,61562338,61569935,+,no
connexin_GJA1_cross_species,cross_species,Canis lupus familiaris — GJA1,connexin,gene-LOC484108,LOC484108,NC_049222.1,61573353,61573809,+,no
connexin_GJA1_cross_species,cross_species,Canis lupus familiaris — GJA1,connexin,gene-LOC106559720,LOC106559720,NC_049222.1,61682687,61714759,-,no
connexin_GJA1_cross_species,cross_species,Chlorocebus sabaeus — GJA1,connexin,gene-TBC1D32,TBC1D32,NC_132916.1,45265275,45493062,-,no
connexin_GJA1_cross_species,cross_species,Chlorocebus sabaeus — GJA1,connexin,gene-LOC119625414,LOC119625414,NC_132916.1,45511335,45511441,+,no
connexin_GJA1_cross_species,cross_species,Chlorocebus sabaeus — GJA1,connexin,gene-GJA1,GJA1,NC_132916.1,45597815,45611779,+,yes
connexin_GJA1_cross_species,cross_species,Chlorocebus sabaeus — GJA1,connexin,gene-LOC119625596,LOC119625596,NC_132916.1,45616235,45616375,-,no
connexin_GJA1_cross_species,cross_species,Chlorocebus sabaeus — GJA1,connexin,gene-LOC119625578,LOC119625578,NC_132916.1,45739166,45739355,-,no
connexin_GJA1_cross_species,cross_species,Erinaceus europaeus — GJA1,connexin,gene-LOC132538323,LOC132538323,NC_080165.1,130196804,130280323,-,no
connexin_GJA1_cross_species,cross_species,Erinaceus europaeus — GJA1,connexin,gene-LOC132538153,LOC132538153,NC_080165.1,130308474,130320556,-,no
connexin_GJA1_cross_species,cross_species,Erinaceus europaeus — GJA1,connexin,gene-GJA1,GJA1,NC_080165.1,130451756,130468150,-,yes
connexin_GJA1_cross_species,cross_species,Erinaceus europaeus — GJA1,connexin,gene-TBC1D32,TBC1D32,NC_080165.1,130544122,130761011,+,no
connexin_GJA1_cross_species,cross_species,Gallus gallus — GJA1,connexin,gene-LOC101752292,LOC101752292,NC_052534.1,61237137,61311128,-,no
connexin_GJA1_cross_species,cross_species,Gallus gallus — GJA1,connexin,gene-LOC107053071,LOC107053071,NC_052534.1,61342909,61363112,-,no
connexin_GJA1_cross_species,cross_species,Gallus gallus — GJA1,connexin,gene-LOC107053072,LOC107053072,NC_052534.1,61376980,61381405,+,no
connexin_GJA1_cross_species,cross_species,Gallus gallus — GJA1,connexin,gene-GJA1,GJA1,NC_052534.1,61409929,61419060,-,yes
connexin_GJA1_cross_species,cross_species,Gallus gallus — GJA1,connexin,gene-LOC107053073,LOC107053073,NC_052534.1,61419390,61422424,+,no
connexin_GJA1_cross_species,cross_species,Gallus gallus — GJA1,connexin,gene-TBC1D32,TBC1D32,NC_052534.1,61464871,61552756,+,no
connexin_GJA1_cross_species,cross_species,Gallus gallus — GJA1,connexin,gene-LOC107051510,LOC107051510,NC_052534.1,61582712,61585315,+,no
connexin_GJA1_cross_species,cross_species,Homo sapiens — GJA1,connexin,gene-TBC1D32,TBC1D32,NC_000006.12,121079494,121334729,-,no
connexin_GJA1_cross_species,cross_species,Homo sapiens — GJA1,connexin,gene-GJA1,GJA1,NC_000006.12,121435646,121449727,+,yes
connexin_GJA1_cross_species,cross_species,Macaca fascicularis — GJA1,connexin,gene-TBC1D32,TBC1D32,NC_088378.1,25041020,25267683,-,no
connexin_GJA1_cross_species,cross_species,Macaca fascicularis — GJA1,connexin,gene-LOC123573153,LOC123573153,NC_088378.1,25287424,25287530,+,no
connexin_GJA1_cross_species,cross_species,Macaca fascicularis — GJA1,connexin,gene-GJA1,GJA1,NC_088378.1,25375264,25389148,+,yes
connexin_GJA1_cross_species,cross_species,Macaca fascicularis — GJA1,connexin,gene-LOC141410047,LOC141410047,NC_088378.1,25375743,25377063,-,no
connexin_GJA1_cross_species,cross_species,Macaca fascicularis — GJA1,connexin,gene-LOC123573304,LOC123573304,NC_088378.1,25394025,25394165,-,no
connexin_GJA1_cross_species,cross_species,Macaca fascicularis — GJA1,connexin,gene-LOC123572844,LOC123572844,NC_088378.1,25406681,25447279,+,no
connexin_GJA1_cross_species,cross_species,Macaca fascicularis — GJA1,connexin,gene-LOC123573303,LOC123573303,NC_088378.1,25481030,25481168,-,no
connexin_GJA1_cross_species,cross_species,Macaca fascicularis — GJA1,connexin,gene-LOC123573286,LOC123573286,NC_088378.1,25517654,25517843,-,no
connexin_GJA1_cross_species,cross_species,Oryctolagus cuniculus — GJA1,connexin,gene-LOC127492975,LOC127492975,NC_091436.1,48648343,48658962,-,no
connexin_GJA1_cross_species,cross_species,Oryctolagus cuniculus — GJA1,connexin,gene-LOC127492974,LOC127492974,NC_091436.1,48681162,48708767,-,no
connexin_GJA1_cross_species,cross_species,Oryctolagus cuniculus — GJA1,connexin,gene-GJA1,GJA1,NC_091436.1,48742335,48754317,-,yes
connexin_GJA1_cross_species,cross_species,Oryctolagus cuniculus — GJA1,connexin,gene-LOC100343405,LOC100343405,NC_091436.1,48778524,48778817,+,no
connexin_GJA1_cross_species,cross_species,Oryctolagus cuniculus — GJA1,connexin,gene-TBC1D32,TBC1D32,NC_091436.1,48835403,49086316,+,no
connexin_GJA1_cross_species,cross_species,Sus scrofa — GJA1,connexin,gene-GJA1,GJA1,NC_010443.5,40988818,41002129,-,yes
connexin_GJA1_cross_species,cross_species,Sus scrofa — GJA1,connexin,gene-TBC1D32,TBC1D32,NC_010443.5,41057782,41265416,+,no
connexin_GJA1_cross_species,cross_species,Ursus americanus — GJA1,connexin,gene-TBC1D32,TBC1D32,NW_025577385.1,10136010,10348583,-,no
connexin_GJA1_cross_species,cross_species,Ursus americanus — GJA1,connexin,gene-GJA1,GJA1,NW_025577385.1,10416870,10430339,+,yes
connexin_GJA3_cross_species,cross_species,Bos taurus — GJA3,connexin,gene-CRYL1,CRYL1,NC_037339.1,35928798,35985471,+,no
connexin_GJA3_cross_species,cross_species,Bos taurus — GJA3,connexin,gene-LOC104973587,LOC104973587,NC_037339.1,36026855,36027613,-,no
connexin_GJA3_cross_species,cross_species,Bos taurus — GJA3,connexin,gene-GJB6,GJB6,NC_037339.1,36051742,36059946,+,no
connexin_GJA3_cross_species,cross_species,Bos taurus — GJA3,connexin,gene-LOC107132994,LOC107132994,NC_037339.1,36067754,36077817,-,no
connexin_GJA3_cross_species,cross_species,Bos taurus — GJA3,connexin,gene-GJB2,GJB2,NC_037339.1,36076842,36081884,+,no
connexin_GJA3_cross_species,cross_species,Bos taurus — GJA3,connexin,gene-GJA3,GJA3,NC_037339.1,36103532,36116554,+,yes
connexin_GJA3_cross_species,cross_species,Bos taurus — GJA3,connexin,gene-ZMYM2,ZMYM2,NC_037339.1,36171158,36195572,-,no
connexin_GJA3_cross_species,cross_species,Bos taurus — GJA3,connexin,gene-ZMYM5,ZMYM5,NC_037339.1,36235480,36261519,+,no
connexin_GJA3_cross_species,cross_species,Bos taurus — GJA3,connexin,gene-PSPC1,PSPC1,NC_037339.1,36270996,36364182,+,no
connexin_GJA3_cross_species,cross_species,Gallus gallus — GJA3,connexin,gene-EEF1AKMT1,EEF1AKMT1,NC_052532.1,178664441,178674194,+,no
connexin_GJA3_cross_species,cross_species,Gallus gallus — GJA3,connexin,gene-IFT88,IFT88,NC_052532.1,178690633,178724582,-,no
connexin_GJA3_cross_species,cross_species,Gallus gallus — GJA3,connexin,gene-CRYL1,CRYL1,NC_052532.1,178731281,178781729,+,no
connexin_GJA3_cross_species,cross_species,Gallus gallus — GJA3,connexin,gene-LOC101747286,LOC101747286,NC_052532.1,178803539,178809983,-,no
connexin_GJA3_cross_species,cross_species,Gallus gallus — GJA3,connexin,gene-GJB6,GJB6,NC_052532.1,178811318,178820870,+,no
connexin_GJA3_cross_species,cross_species,Gallus gallus — GJA3,connexin,gene-GJB2,GJB2,NC_052532.1,178837883,178842766,+,no
connexin_GJA3_cross_species,cross_species,Gallus gallus — GJA3,connexin,gene-GJA3,GJA3,NC_052532.1,178850882,178864581,+,yes
connexin_GJA3_cross_species,cross_species,Gallus gallus — GJA3,connexin,gene-ZMYM2,ZMYM2,NC_052532.1,178898480,178992739,-,no
connexin_GJA3_cross_species,cross_species,Gallus gallus — GJA3,connexin,gene-LOC121107122,LOC121107122,NC_052532.1,178992947,178996943,+,no
connexin_GJA3_cross_species,cross_species,Gallus gallus — GJA3,connexin,gene-LOC121110634,LOC121110634,NC_052532.1,179030338,179031379,-,no
connexin_GJA3_cross_species,cross_species,Gallus gallus — GJA3,connexin,gene-PSPC1,PSPC1,NC_052532.1,179031219,179098293,+,no
connexin_GJA3_cross_species,cross_species,Homo sapiens — GJA3,connexin,gene-ZMYM2,ZMYM2,NC_000013.11,19863840,20089115,+,no
connexin_GJA3_cross_species,cross_species,Homo sapiens — GJA3,connexin,gene-LINC01072,LINC01072,NC_000013.11,20102701,20103230,+,no
connexin_GJA3_cross_species,cross_species,Homo sapiens — GJA3,connexin,gene-LOC105370101,LOC105370101,NC_000013.11,20105328,20119789,-,no
connexin_GJA3_cross_species,cross_species,Homo sapiens — GJA3,connexin,gene-LOC124903128,LOC124903128,NC_000013.11,20135584,20138392,+,no
connexin_GJA3_cross_species,cross_species,Homo sapiens — GJA3,connexin,gene-GJA3,GJA3,NC_000013.11,20138255,20161565,-,yes
connexin_GJA3_cross_species,cross_species,Homo sapiens — GJA3,connexin,gene-LOC107984553,LOC107984553,NC_000013.11,20178956,20186191,-,no
connexin_GJA3_cross_species,cross_species,Homo sapiens — GJA3,connexin,gene-GJB2,GJB2,NC_000013.11,20187470,20192938,-,no
connexin_GJA3_cross_species,cross_species,Homo sapiens — GJA3,connexin,gene-GJB6,GJB6,NC_000013.11,20221962,20232319,-,no
connexin_GJA3_cross_species,cross_species,Homo sapiens — GJA3,connexin,gene-LOC105370102,LOC105370102,NC_000013.11,20295688,20326221,+,no
connexin_GJA3_cross_species,cross_species,Ovis aries — GJA3,connexin,gene-CRYL1,CRYL1,NC_056063.1,36167955,36227043,+,no
connexin_GJA3_cross_species,cross_species,Ovis aries — GJA3,connexin,gene-LOC105611675,LOC105611675,NC_056063.1,36266472,36279806,+,no
connexin_GJA3_cross_species,cross_species,Ovis aries — GJA3,connexin,gene-GJB6,GJB6,NC_056063.1,36290583,36298469,+,no
connexin_GJA3_cross_species,cross_species,Ovis aries — GJA3,connexin,gene-GJB2,GJB2,NC_056063.1,36313168,36316714,+,no
connexin_GJA3_cross_species,cross_species,Ovis aries — GJA3,connexin,gene-LOC121820448,LOC121820448,NC_056063.1,36318560,36320639,-,no
connexin_GJA3_cross_species,cross_species,Ovis aries — GJA3,connexin,gene-LOC121820449,LOC121820449,NC_056063.1,36338371,36349691,-,no
connexin_GJA3_cross_species,cross_species,Ovis aries — GJA3,connexin,gene-GJA3,GJA3,NC_056063.1,36348743,36349981,+,yes
connexin_GJA3_cross_species,cross_species,Ovis aries — GJA3,connexin,gene-ZMYM2,ZMYM2,NC_056063.1,36366510,36432005,-,no
connexin_GJA3_cross_species,cross_species,Ovis aries — GJA3,connexin,gene-LOC101119057,LOC101119057,NC_056063.1,36465941,36466749,+,no
connexin_GJA3_cross_species,cross_species,Ovis aries — GJA3,connexin,gene-LOC101119317,LOC101119317,NC_056063.1,36473798,36498569,+,no
connexin_GJA3_cross_species,cross_species,Ovis aries — GJA3,connexin,gene-PSPC1,PSPC1,NC_056063.1,36508473,36601173,+,no
connexin_GJA4_cross_species,cross_species,Bos taurus — GJA4,connexin,gene-DLGAP3,DLGAP3,NC_037330.1,110766002,110827929,+,no
connexin_GJA4_cross_species,cross_species,Bos taurus — GJA4,connexin,gene-SMIM12,SMIM12,NC_037330.1,110835257,110839537,+,no
connexin_GJA4_cross_species,cross_species,Bos taurus — GJA4,connexin,gene-GJA4,GJA4,NC_037330.1,110888194,110890928,-,yes
connexin_GJA4_cross_species,cross_species,Bos taurus — GJA4,connexin,gene-GJB3,GJB3,NC_037330.1,110900180,110905849,-,no
connexin_GJA4_cross_species,cross_species,Bos taurus — GJA4,connexin,gene-GJB4,GJB4,NC_037330.1,110927018,110930974,-,no
connexin_GJA4_cross_species,cross_species,Bos taurus — GJA4,connexin,gene-LOC132344948,LOC132344948,NC_037330.1,110928025,110930842,+,no
connexin_GJA4_cross_species,cross_species,Bos taurus — GJA4,connexin,gene-GJB5,GJB5,NC_037330.1,110930961,110948304,-,no
connexin_GJA4_cross_species,cross_species,Homo sapiens — GJA4,connexin,gene-LOC105378641,LOC105378641,NC_000001.11,34457859,34685319,-,no
connexin_GJA4_cross_species,cross_species,Homo sapiens — GJA4,connexin,gene-MIR552,MIR552,NC_000001.11,34669599,34669694,-,no
connexin_GJA4_cross_species,cross_species,Homo sapiens — GJA4,connexin,gene-LOC105378642,LOC105378642,NC_000001.11,34710017,34724256,-,no
connexin_GJA4_cross_species,cross_species,Homo sapiens — GJA4,connexin,gene-GJB5,GJB5,NC_000001.11,34755047,34758512,+,no
connexin_GJA4_cross_species,cross_species,Homo sapiens — GJA4,connexin,gene-GJB4,GJB4,NC_000001.11,34759740,34762327,+,no
connexin_GJA4_cross_species,cross_species,Homo sapiens — GJA4,connexin,gene-GJB3,GJB3,NC_000001.11,34781214,34786364,+,no
connexin_GJA4_cross_species,cross_species,Homo sapiens — GJA4,connexin,gene-GJA4,GJA4,NC_000001.11,34792999,34795747,+,yes
connexin_GJA4_cross_species,cross_species,Homo sapiens — GJA4,connexin,gene-SMIM12,SMIM12,NC_000001.11,34850362,34859749,-,no
connexin_GJA4_cross_species,cross_species,Homo sapiens — GJA4,connexin,gene-DLGAP3,DLGAP3,NC_000001.11,34865436,34929650,-,no
connexin_GJA4_cross_species,cross_species,Sus scrofa — GJA4,connexin,gene-GJB5,GJB5,NC_010448.4,90999514,91003301,+,no
connexin_GJA4_cross_species,cross_species,Sus scrofa — GJA4,connexin,gene-GJB4,GJB4,NC_010448.4,91004794,91008231,+,no
connexin_GJA4_cross_species,cross_species,Sus scrofa — GJA4,connexin,gene-GJB3,GJB3,NC_010448.4,91031378,91037548,+,no
connexin_GJA4_cross_species,cross_species,Sus scrofa — GJA4,connexin,gene-GJA4,GJA4,NC_010448.4,91045430,91048161,+,yes
connexin_GJA4_cross_species,cross_species,Sus scrofa — GJA4,connexin,gene-SMIM12,SMIM12,NC_010448.4,91109044,91113686,-,no
connexin_GJA4_cross_species,cross_species,Sus scrofa — GJA4,connexin,gene-DLGAP3,DLGAP3,NC_010448.4,91120406,91184146,-,no
connexin_GJA4_cross_species,cross_species,Sus scrofa — GJA4,connexin,gene-LOC110261138,LOC110261138,NC_010448.4,91225604,91233416,-,no
connexin_GJA5_cross_species,cross_species,Bos taurus — GJA5,connexin,gene-GPR89A,GPR89A,NC_037330.1,21683229,21742247,-,no
connexin_GJA5_cross_species,cross_species,Bos taurus — GJA5,connexin,gene-LOC132344845,LOC132344845,NC_037330.1,21741849,21745412,+,no
connexin_GJA5_cross_species,cross_species,Bos taurus — GJA5,connexin,gene-GJA8,GJA8,NC_037330.1,21753038,21755146,-,no
connexin_GJA5_cross_species,cross_species,Bos taurus — GJA5,connexin,gene-GJA5,GJA5,NC_037330.1,21877817,21895373,+,yes
connexin_GJA5_cross_species,cross_species,Bos taurus — GJA5,connexin,gene-LOC132344847,LOC132344847,NC_037330.1,21907267,21960466,-,no
connexin_GJA5_cross_species,cross_species,Bos taurus — GJA5,connexin,gene-ACP6,ACP6,NC_037330.1,21960526,21981434,+,no
connexin_GJA5_cross_species,cross_species,Bos taurus — GJA5,connexin,gene-BCL9,BCL9,NC_037330.1,22002059,22098080,-,no
connexin_GJA5_cross_species,cross_species,Bos taurus — GJA5,connexin,gene-LOC132344846,LOC132344846,NC_037330.1,22017484,22098080,-,no
connexin_GJA5_cross_species,cross_species,Canis lupus familiaris — GJA5,connexin,gene-LOC102156514,LOC102156514,NC_049238.1,58747988,58807655,-,no
connexin_GJA5_cross_species,cross_species,Canis lupus familiaris — GJA5,connexin,gene-BCL9,BCL9,NC_049238.1,58762480,58845574,+,no
connexin_GJA5_cross_species,cross_species,Canis lupus familiaris — GJA5,connexin,gene-LOC102156457,LOC102156457,NC_049238.1,58812987,58825428,-,no
connexin_GJA5_cross_species,cross_species,Canis lupus familiaris — GJA5,connexin,gene-LOC111090703,LOC111090703,NC_049238.1,58848970,58860207,-,no
connexin_GJA5_cross_species,cross_species,Canis lupus familiaris — GJA5,connexin,gene-LOC119864017,LOC119864017,NC_049238.1,58855800,58855923,-,no
connexin_GJA5_cross_species,cross_species,Canis lupus familiaris — GJA5,connexin,gene-ACP6,ACP6,NC_049238.1,58867915,58885764,-,no
connexin_GJA5_cross_species,cross_species,Canis lupus familiaris — GJA5,connexin,gene-GJA5,GJA5,NC_049238.1,58946248,58962243,-,yes
connexin_GJA5_cross_species,cross_species,Canis lupus familiaris — GJA5,connexin,gene-LOC111090704,LOC111090704,NC_049238.1,58995419,59033368,-,no
connexin_GJA5_cross_species,cross_species,Canis lupus familiaris — GJA5,connexin,gene-GJA8,GJA8,NC_049238.1,59017265,59087398,+,no
connexin_GJA5_cross_species,cross_species,Canis lupus familiaris — GJA5,connexin,gene-GPR89A,GPR89A,NC_049238.1,59093986,59155136,+,no
connexin_GJA5_cross_species,cross_species,Gallus gallus — GJA5,connexin,gene-ADPRH,ADPRH,NC_052532.1,92418243,92428761,-,no
connexin_GJA5_cross_species,cross_species,Gallus gallus — GJA5,connexin,gene-CD88,CD88,NC_052532.1,92441366,92463833,+,no
connexin_GJA5_cross_species,cross_species,Gallus gallus — GJA5,connexin,gene-TIMMDC1,TIMMDC1,NC_052532.1,92446508,92471310,-,no
connexin_GJA5_cross_species,cross_species,Gallus gallus — GJA5,connexin,gene-POGLUT1,POGLUT1,NC_052532.1,92472244,92487850,-,no
connexin_GJA5_cross_species,cross_species,Gallus gallus — GJA5,connexin,gene-BCL9,BCL9,NC_052532.1,92487874,92570875,+,no
connexin_GJA5_cross_species,cross_species,Gallus gallus — GJA5,connexin,gene-LOC112530505,LOC112530505,NC_052532.1,92512568,92516099,-,no
connexin_GJA5_cross_species,cross_species,Gallus gallus — GJA5,connexin,gene-MIR6616,MIR6616,NC_052532.1,92532047,92532156,+,no
connexin_GJA5_cross_species,cross_species,Gallus gallus — GJA5,connexin,gene-ACP6,ACP6,NC_052532.1,92577112,92584338,-,no
connexin_GJA5_cross_species,cross_species,Gallus gallus — GJA5,connexin,gene-GJA5,GJA5,NC_052532.1,92598058,92618897,-,yes
connexin_GJA5_cross_species,cross_species,Gallus gallus — GJA5,connexin,gene-LOC107055079,LOC107055079,NC_052532.1,92600951,92621552,+,no
connexin_GJA5_cross_species,cross_species,Gallus gallus — GJA5,connexin,gene-LOC124417670,LOC124417670,NC_052532.1,92629131,92653311,+,no
connexin_GJA5_cross_species,cross_species,Gallus gallus — GJA5,connexin,gene-GJA8,GJA8,NC_052532.1,92655355,92665699,+,no
connexin_GJA5_cross_species,cross_species,Gallus gallus — GJA5,connexin,gene-GPR89A,GPR89A,NC_052532.1,92666478,92689641,+,no
connexin_GJA5_cross_species,cross_species,Gallus gallus — GJA5,connexin,gene-PDZK1P1,PDZK1P1,NC_052532.1,92687200,92696365,-,no
connexin_GJA5_cross_species,cross_species,Gallus gallus — GJA5,connexin,gene-LOC101752250,LOC101752250,NC_052532.1,92720302,92867069,+,no
connexin_GJA5_cross_species,cross_species,Gallus gallus — GJA5,connexin,gene-HTR1F,HTR1F,NC_052532.1,92748426,92859828,-,no
connexin_GJA5_cross_species,cross_species,Homo sapiens — GJA5,connexin,gene-BCL9,BCL9,NC_000001.11,147541501,147626216,+,no
connexin_GJA5_cross_species,cross_species,Homo sapiens — GJA5,connexin,gene-LOC128071544,LOC128071544,NC_000001.11,147611590,147611796,+,no
connexin_GJA5_cross_species,cross_species,Homo sapiens — GJA5,connexin,gene-ACP6,ACP6,NC_000001.11,147629658,147670524,-,no
connexin_GJA5_cross_species,cross_species,Homo sapiens — GJA5,connexin,gene-LOC105371230,LOC105371230,NC_000001.11,147700066,147740075,-,no
connexin_GJA5_cross_species,cross_species,Homo sapiens — GJA5,connexin,gene-LOC102723321,LOC102723321,NC_000001.11,147700728,147789690,+,no
connexin_GJA5_cross_species,cross_species,Homo sapiens — GJA5,connexin,gene-GJA5,GJA5,NC_000001.11,147756199,147773351,-,yes
connexin_GJA5_cross_species,cross_species,Homo sapiens — GJA5,connexin,gene-GJA8,GJA8,NC_000001.11,147902795,147914486,+,no
connexin_GJA5_cross_species,cross_species,Homo sapiens — GJA5,connexin,gene-LOC105371229,LOC105371229,NC_000001.11,147916700,147928318,-,no
connexin_GJA5_cross_species,cross_species,Homo sapiens — GJA5,connexin,gene-GPR89B,GPR89B,NC_000001.11,147928420,148025934,+,no
connexin_GJA8_cross_species,cross_species,Gallus gallus — GJA8,connexin,gene-POGLUT1,POGLUT1,NC_052532.1,92472244,92487850,-,no
connexin_GJA8_cross_species,cross_species,Gallus gallus — GJA8,connexin,gene-BCL9,BCL9,NC_052532.1,92487874,92570875,+,no
connexin_GJA8_cross_species,cross_species,Gallus gallus — GJA8,connexin,gene-LOC112530505,LOC112530505,NC_052532.1,92512568,92516099,-,no
connexin_GJA8_cross_species,cross_species,Gallus gallus — GJA8,connexin,gene-MIR6616,MIR6616,NC_052532.1,92532047,92532156,+,no
connexin_GJA8_cross_species,cross_species,Gallus gallus — GJA8,connexin,gene-ACP6,ACP6,NC_052532.1,92577112,92584338,-,no
connexin_GJA8_cross_species,cross_species,Gallus gallus — GJA8,connexin,gene-GJA5,GJA5,NC_052532.1,92598058,92618897,-,no
connexin_GJA8_cross_species,cross_species,Gallus gallus — GJA8,connexin,gene-LOC107055079,LOC107055079,NC_052532.1,92600951,92621552,+,no
connexin_GJA8_cross_species,cross_species,Gallus gallus — GJA8,connexin,gene-LOC124417670,LOC124417670,NC_052532.1,92629131,92653311,+,no
connexin_GJA8_cross_species,cross_species,Gallus gallus — GJA8,connexin,gene-GJA8,GJA8,NC_052532.1,92655355,92665699,+,yes
connexin_GJA8_cross_species,cross_species,Gallus gallus — GJA8,connexin,gene-GPR89A,GPR89A,NC_052532.1,92666478,92689641,+,no
connexin_GJA8_cross_species,cross_species,Gallus gallus — GJA8,connexin,gene-PDZK1P1,PDZK1P1,NC_052532.1,92687200,92696365,-,no
connexin_GJA8_cross_species,cross_species,Gallus gallus — GJA8,connexin,gene-LOC101752250,LOC101752250,NC_052532.1,92720302,92867069,+,no
connexin_GJA8_cross_species,cross_species,Gallus gallus — GJA8,connexin,gene-HTR1F,HTR1F,NC_052532.1,92748426,92859828,-,no
connexin_GJA8_cross_species,cross_species,Homo sapiens — GJA8,connexin,gene-LOC105371230,LOC105371230,NC_000001.11,147700066,147740075,-,no
connexin_GJA8_cross_species,cross_species,Homo sapiens — GJA8,connexin,gene-LOC102723321,LOC102723321,NC_000001.11,147700728,147789690,+,no
connexin_GJA8_cross_species,cross_species,Homo sapiens — GJA8,connexin,gene-GJA5,GJA5,NC_000001.11,147756199,147773351,-,no
connexin_GJA8_cross_species,cross_species,Homo sapiens — GJA8,connexin,gene-GJA8,GJA8,NC_000001.11,147902795,147914486,+,yes
connexin_GJA8_cross_species,cross_species,Homo sapiens — GJA8,connexin,gene-LOC105371229,LOC105371229,NC_000001.11,147916700,147928318,-,no
connexin_GJA8_cross_species,cross_species,Homo sapiens — GJA8,connexin,gene-GPR89B,GPR89B,NC_000001.11,147928420,148025934,+,no
connexin_GJA8_cross_species,cross_species,Homo sapiens — GJA8,connexin,gene-TRQ-CTG3-2,TRQ-CTG3-2,NC_000001.11,148032790,148032861,+,no
connexin_GJA8_cross_species,cross_species,Homo sapiens — GJA8,connexin,gene-RNVU1-7,RNVU1-7,NC_000001.11,148038753,148038916,-,no
connexin_GJA8_cross_species,cross_species,Homo sapiens — GJA8,connexin,gene-TRN-GTT9-2,TRN-GTT9-2,NC_000001.11,148048516,148048589,-,no
connexin_GJA8_cross_species,cross_species,Ovis aries — GJA8,connexin,gene-LOC114116720,LOC114116720,NC_056054.1,98785545,98797579,-,no
connexin_GJA8_cross_species,cross_species,Ovis aries — GJA8,connexin,gene-GJA5,GJA5,NC_056054.1,98811853,98829888,-,no
connexin_GJA8_cross_species,cross_species,Ovis aries — GJA8,connexin,gene-LOC132659531,LOC132659531,NC_056054.1,98874029,98927433,-,no
connexin_GJA8_cross_species,cross_species,Ovis aries — GJA8,connexin,gene-GJA8,GJA8,NC_056054.1,98952749,98954071,+,yes
connexin_GJA8_cross_species,cross_species,Ovis aries — GJA8,connexin,gene-GPR89A,GPR89A,NC_056054.1,98965664,99014090,+,no
connexin_GJA8_cross_species,cross_species,Ovis aries — GJA8,connexin,gene-PDZK1,PDZK1,NC_056054.1,99012675,99067907,-,no
connexin_GJA8_cross_species,cross_species,Ovis aries — GJA8,connexin,gene-RNF115,RNF115,NC_056054.1,99093690,99171360,-,no
connexin_GJB1_cross_species,cross_species,Bos taurus — GJB1,connexin,gene-TAF1,TAF1,NC_037357.1,79162737,79276814,-,no
connexin_GJB1_cross_species,cross_species,Bos taurus — GJB1,connexin,gene-TRNAS-GGA-118,TRNAS-GGA,NC_037357.1,79258944,79259015,-,no
connexin_GJB1_cross_species,cross_species,Bos taurus — GJB1,connexin,gene-RHOG2,RHOG2,NC_037357.1,79285796,79302365,-,no
connexin_GJB1_cross_species,cross_species,Bos taurus — GJB1,connexin,gene-LOC112445230,LOC112445230,NC_037357.1,79329890,79329992,+,no
connexin_GJB1_cross_species,cross_species,Bos taurus — GJB1,connexin,gene-ITGB1BP2,ITGB1BP2,NC_037357.1,79330102,79367534,-,no
connexin_GJB1_cross_species,cross_species,Bos taurus — GJB1,connexin,gene-NONO,NONO,NC_037357.1,79368090,79381212,-,no
connexin_GJB1_cross_species,cross_species,Bos taurus — GJB1,connexin,gene-ZMYM3,ZMYM3,NC_037357.1,79394506,79409855,+,no
connexin_GJB1_cross_species,cross_species,Bos taurus — GJB1,connexin,gene-GJB1,GJB1,NC_037357.1,79421765,79428791,-,yes
connexin_GJB1_cross_species,cross_species,Bos taurus — GJB1,connexin,gene-TRNAC-ACA-239,TRNAC-ACA,NC_037357.1,79440416,79440488,+,no
connexin_GJB1_cross_species,cross_species,Bos taurus — GJB1,connexin,gene-LOC540405,LOC540405,NC_037357.1,79444319,79451239,-,no
connexin_GJB1_cross_species,cross_species,Bos taurus — GJB1,connexin,gene-NLGN3,NLGN3,NC_037357.1,79470571,79494848,-,no
connexin_GJB1_cross_species,cross_species,Bos taurus — GJB1,connexin,gene-MED12,MED12,NC_037357.1,79494942,79517415,-,no
connexin_GJB1_cross_species,cross_species,Bos taurus — GJB1,connexin,gene-IL2RG,IL2RG,NC_037357.1,79521642,79525287,+,no
connexin_GJB1_cross_species,cross_species,Bos taurus — GJB1,connexin,gene-CXHXorf65,CXHXorf65,NC_037357.1,79525373,79527761,+,no
connexin_GJB1_cross_species,cross_species,Bos taurus — GJB1,connexin,gene-FOXO4,FOXO4,NC_037357.1,79528188,79535459,-,no
connexin_GJB1_cross_species,cross_species,Bos taurus — GJB1,connexin,gene-SNX12,SNX12,NC_037357.1,79555843,79618906,+,no
connexin_GJB1_cross_species,cross_species,Bos taurus — GJB1,connexin,gene-LOC132344312,LOC132344312,NC_037357.1,79599693,79615374,-,no
connexin_GJB1_cross_species,cross_species,Equus caballus — GJB1,connexin,gene-SNX12,SNX12,NC_091715.1,67510226,67605615,-,no
connexin_GJB1_cross_species,cross_species,Equus caballus — GJB1,connexin,gene-FOXO4,FOXO4,NC_091715.1,67623630,67631356,+,no
connexin_GJB1_cross_species,cross_species,Equus caballus — GJB1,connexin,gene-CXHXorf65,CXHXorf65,NC_091715.1,67631702,67634198,-,no
connexin_GJB1_cross_species,cross_species,Equus caballus — GJB1,connexin,gene-IL2RG,IL2RG,NC_091715.1,67634201,67639835,-,no
connexin_GJB1_cross_species,cross_species,Equus caballus — GJB1,connexin,gene-MED12,MED12,NC_091715.1,67639885,67661071,+,no
connexin_GJB1_cross_species,cross_species,Equus caballus — GJB1,connexin,gene-NLGN3,NLGN3,NC_091715.1,67662843,67684510,+,no
connexin_GJB1_cross_species,cross_species,Equus caballus — GJB1,connexin,gene-LOC138922023,LOC138922023,NC_091715.1,67676827,67681196,-,no
connexin_GJB1_cross_species,cross_species,Equus caballus — GJB1,connexin,gene-LOC138922022,LOC138922022,NC_091715.1,67688607,67707259,-,no
connexin_GJB1_cross_species,cross_species,Equus caballus — GJB1,connexin,gene-GJB1,GJB1,NC_091715.1,67714869,67724472,+,yes
connexin_GJB1_cross_species,cross_species,Equus caballus — GJB1,connexin,gene-ZMYM3,ZMYM3,NC_091715.1,67733560,67748548,-,no
connexin_GJB1_cross_species,cross_species,Equus caballus — GJB1,connexin,gene-LOC111771543,LOC111771543,NC_091715.1,67748530,67762619,+,no
connexin_GJB1_cross_species,cross_species,Equus caballus — GJB1,connexin,gene-NONO,NONO,NC_091715.1,67767324,67782780,+,no
connexin_GJB1_cross_species,cross_species,Equus caballus — GJB1,connexin,gene-ITGB1BP2,ITGB1BP2,NC_091715.1,67783261,67810121,+,no
connexin_GJB1_cross_species,cross_species,Equus caballus — GJB1,connexin,gene-RHOG2,RHOG2,NC_091715.1,67835378,67842991,+,no
connexin_GJB1_cross_species,cross_species,Equus caballus — GJB1,connexin,gene-TAF1,TAF1,NC_091715.1,67846755,67918472,+,no
connexin_GJB1_cross_species,cross_species,Homo sapiens — GJB1,connexin,gene-SNX12,SNX12,NC_000023.11,71059247,71073426,-,no
connexin_GJB1_cross_species,cross_species,Homo sapiens — GJB1,connexin,gene-FOXO4,FOXO4,NC_000023.11,71095851,71103532,+,no
connexin_GJB1_cross_species,cross_species,Homo sapiens — GJB1,connexin,gene-CXorf65,CXorf65,NC_000023.11,71103889,71106740,-,no
connexin_GJB1_cross_species,cross_species,Homo sapiens — GJB1,connexin,gene-IL2RG,IL2RG,NC_000023.11,71107404,71111577,-,no
connexin_GJB1_cross_species,cross_species,Homo sapiens — GJB1,connexin,gene-MED12,MED12,NC_000023.11,71118596,71142450,+,no
connexin_GJB1_cross_species,cross_species,Homo sapiens — GJB1,connexin,gene-LOC124905197,LOC124905197,NC_000023.11,71142546,71152320,-,no
connexin_GJB1_cross_species,cross_species,Homo sapiens — GJB1,connexin,gene-NLGN3,NLGN3,NC_000023.11,71144841,71175307,+,no
connexin_GJB1_cross_species,cross_species,Homo sapiens — GJB1,connexin,gene-LOC107985688,LOC107985688,NC_000023.11,71183382,71198193,-,no
connexin_GJB1_cross_species,cross_species,Homo sapiens — GJB1,connexin,gene-GJB1,GJB1,NC_000023.11,71215239,71225516,+,yes
connexin_GJB1_cross_species,cross_species,Homo sapiens — GJB1,connexin,gene-ZMYM3,ZMYM3,NC_000023.11,71239624,71255290,-,no
connexin_GJB1_cross_species,cross_species,Homo sapiens — GJB1,connexin,gene-LOC105373247,LOC105373247,NC_000023.11,71254808,71272792,+,no
connexin_GJB1_cross_species,cross_species,Homo sapiens — GJB1,connexin,gene-NONO,NONO,NC_000023.11,71283635,71301168,+,no
connexin_GJB1_cross_species,cross_species,Homo sapiens — GJB1,connexin,gene-ITGB1BP2,ITGB1BP2,NC_000023.11,71301750,71305371,+,no
connexin_GJB1_cross_species,cross_species,Homo sapiens — GJB1,connexin,gene-LOC124905198,LOC124905198,NC_000023.11,71347964,71361833,+,no
connexin_GJB1_cross_species,cross_species,Homo sapiens — GJB1,connexin,gene-TAF1,TAF1,NC_000023.11,71366357,71530525,+,no
connexin_GJB1_cross_species,cross_species,Macaca fascicularis — GJB1,connexin,gene-SNX12,SNX12,NC_088395.1,77759741,77769465,-,no
connexin_GJB1_cross_species,cross_species,Macaca fascicularis — GJB1,connexin,gene-FOXO4,FOXO4,NC_088395.1,77797752,77805444,+,no
connexin_GJB1_cross_species,cross_species,Macaca fascicularis — GJB1,connexin,gene-CXHXorf65,CXHXorf65,NC_088395.1,77805874,77809157,-,no
connexin_GJB1_cross_species,cross_species,Macaca fascicularis — GJB1,connexin,gene-IL2RG,IL2RG,NC_088395.1,77809296,77820047,-,no
connexin_GJB1_cross_species,cross_species,Macaca fascicularis — GJB1,connexin,gene-MED12,MED12,NC_088395.1,77820137,77843602,+,no
connexin_GJB1_cross_species,cross_species,Macaca fascicularis — GJB1,connexin,gene-NLGN3,NLGN3,NC_088395.1,77846032,77872893,+,no
connexin_GJB1_cross_species,cross_species,Macaca fascicularis — GJB1,connexin,gene-LOC123571107,LOC123571107,NC_088395.1,77850286,77900457,-,no
connexin_GJB1_cross_species,cross_species,Macaca fascicularis — GJB1,connexin,gene-GJB1,GJB1,NC_088395.1,77917988,77929725,+,yes
connexin_GJB1_cross_species,cross_species,Macaca fascicularis — GJB1,connexin,gene-ZMYM3,ZMYM3,NC_088395.1,77943981,77959362,-,no
connexin_GJB1_cross_species,cross_species,Macaca fascicularis — GJB1,connexin,gene-NONO,NONO,NC_088395.1,77988542,78007128,+,no
connexin_GJB1_cross_species,cross_species,Macaca fascicularis — GJB1,connexin,gene-ITGB1BP2,ITGB1BP2,NC_088395.1,78007704,78011633,+,no
connexin_GJB1_cross_species,cross_species,Macaca fascicularis — GJB1,connexin,gene-TAF1,TAF1,NC_088395.1,78074517,78172980,+,no
connexin_GJB2_cross_species,cross_species,Bos taurus — GJB2,connexin,gene-RCAN1,RCAN1,NC_037328.1,882105,1002231,+,no
connexin_GJB2_cross_species,cross_species,Bos taurus — GJB2,connexin,gene-LOC132345447,LOC132345447,NC_037328.1,915557,957120,+,no
connexin_GJB2_cross_species,cross_species,Bos taurus — GJB2,connexin,gene-KCNE1,KCNE1,NC_037328.1,1040523,1047096,+,no
connexin_GJB2_cross_species,cross_species,Bos taurus — GJB2,connexin,gene-LOC101904627,LOC101904627,NC_037328.1,1061265,1061597,+,no
connexin_GJB2_cross_species,cross_species,Bos taurus — GJB2,connexin,gene-SMIM34,SMIM34,NC_037328.1,1074576,1078030,+,no
connexin_GJB2_cross_species,cross_species,Bos taurus — GJB2,connexin,gene-C21orf140,C21orf140,NC_037328.1,1096408,1101672,-,no
connexin_GJB2_cross_species,cross_species,Bos taurus — GJB2,connexin,gene-SMIM11,SMIM11,NC_037328.1,1102879,1118312,-,no
connexin_GJB2_cross_species,cross_species,Bos taurus — GJB2,connexin,gene-KCNE2,KCNE2,NC_037328.1,1123941,1131748,-,yes
connexin_GJB2_cross_species,cross_species,Bos taurus — GJB2,connexin,gene-LOC112447088,LOC112447088,NC_037328.1,1239100,1241373,+,no
connexin_GJB2_cross_species,cross_species,Gorilla gorilla gorilla — GJB2,connexin,gene-LOC129532372,LOC129532372,NC_073224.2,5448031,5463434,-,no
connexin_GJB2_cross_species,cross_species,Gorilla gorilla gorilla — GJB2,connexin,gene-LOC101144634,LOC101144634,NC_073224.2,5567034,5584530,-,yes
connexin_GJB2_cross_species,cross_species,Gorilla gorilla gorilla — GJB2,connexin,gene-LOC115933513,LOC115933513,NC_073224.2,5573406,5573511,+,no
connexin_GJB2_cross_species,cross_species,Gorilla gorilla gorilla — GJB2,connexin,gene-TRNAE-CUC,TRNAE-CUC,NC_073224.2,5616434,5616505,-,no
connexin_GJB2_cross_species,cross_species,Gorilla gorilla gorilla — GJB2,connexin,gene-TRNAL-CAA,TRNAL-CAA,NC_073224.2,5616795,5616900,-,no
connexin_GJB2_cross_species,cross_species,Gorilla gorilla gorilla — GJB2,connexin,gene-ZNF692,ZNF692,NC_073224.2,5631660,5640790,+,no
connexin_GJB2_cross_species,cross_species,Gorilla gorilla gorilla — GJB2,connexin,gene-ZNF672,ZNF672,NC_073224.2,5641279,5653127,-,no
connexin_GJB2_cross_species,cross_species,Gorilla gorilla gorilla — GJB2,connexin,gene-SH3BP5L,SH3BP5L,NC_073224.2,5665229,5681321,+,no
connexin_GJB2_cross_species,cross_species,Gorilla gorilla gorilla — GJB2,connexin,gene-LOC115933511,LOC115933511,NC_073224.2,5714274,5714379,-,no
connexin_GJB2_cross_species,cross_species,Gorilla gorilla gorilla — GJB2,connexin,gene-LOC115930073,LOC115930073,NC_073224.2,5714887,5720749,+,no
connexin_GJB2_cross_species,cross_species,Homo sapiens — GJB2,connexin,gene-LINC01409,LINC01409,NC_000001.11,778798,810065,+,no
connexin_GJB2_cross_species,cross_species,Homo sapiens — GJB2,connexin,gene-LOC124903817,LOC124903817,NC_000001.11,791598,799081,+,no
connexin_GJB2_cross_species,cross_species,Homo sapiens — GJB2,connexin,gene-FAM87B,FAM87B,NC_000001.11,817371,819834,+,no
connexin_GJB2_cross_species,cross_species,Homo sapiens — GJB2,connexin,gene-LINC00115,LINC00115,NC_000001.11,826206,827522,-,no
connexin_GJB2_cross_species,cross_species,Homo sapiens — GJB2,connexin,gene-LINC01128,LINC01128,NC_000001.11,827591,859446,+,no
connexin_GJB2_cross_species,cross_species,Homo sapiens — GJB2,connexin,gene-LOC107984850,LOC107984850,NC_000001.11,860182,868202,+,no
connexin_GJB2_cross_species,cross_species,Homo sapiens — GJB2,connexin,gene-FAM41C,FAM41C,NC_000001.11,868071,876802,-,no
connexin_GJB2_cross_species,cross_species,Homo sapiens — GJB2,connexin,gene-LOC284600,LOC284600,NC_000001.11,904811,921019,+,no
connexin_GJB2_cross_species,cross_species,Homo sapiens — GJB2,connexin,gene-LINC02593,LINC02593,NC_000001.11,916818,919692,-,no
connexin_GJB2_cross_species,cross_species,Homo sapiens — GJB2,connexin,gene-LOC107985728,LOC107985728,NC_000001.11,920243,925604,-,no
connexin_GJB2_cross_species,cross_species,Homo sapiens — GJB2,connexin,gene-SAMD11,SAMD11,NC_000001.11,923923,944574,+,no
connexin_GJB2_cross_species,cross_species,Homo sapiens — GJB2,connexin,gene-NOC2L,NOC2L,NC_000001.11,944203,959256,-,yes
connexin_GJB2_cross_species,cross_species,Homo sapiens — GJB2,connexin,gene-KLHL17,KLHL17,NC_000001.11,960584,965719,+,no
connexin_GJB2_cross_species,cross_species,Homo sapiens — GJB2,connexin,gene-PLEKHN1,PLEKHN1,NC_000001.11,966482,975865,+,no
connexin_GJB2_cross_species,cross_species,Homo sapiens — GJB2,connexin,gene-PERM1,PERM1,NC_000001.11,975198,982093,-,no
connexin_GJB2_cross_species,cross_species,Homo sapiens — GJB2,connexin,gene-HES4,HES4,NC_000001.11,998964,1000097,-,no
connexin_GJB2_cross_species,cross_species,Homo sapiens — GJB2,connexin,gene-ISG15,ISG15,NC_000001.11,1013497,1014540,+,no
connexin_GJB2_cross_species,cross_species,Homo sapiens — GJB2,connexin,gene-AGRN,AGRN,NC_000001.11,1020120,1056116,+,no
connexin_GJB2_cross_species,cross_species,Homo sapiens — GJB2,connexin,gene-LOC100288175,LOC100288175,NC_000001.11,1059734,1066453,+,no
connexin_GJB2_cross_species,cross_species,Homo sapiens — GJB2,connexin,gene-LOC105378948,LOC105378948,NC_000001.11,1065635,1069337,-,no
connexin_GJB2_cross_species,cross_species,Homo sapiens — GJB2,connexin,gene-RNF223,RNF223,NC_000001.11,1070967,1074306,-,no
connexin_GJB2_cross_species,cross_species,Homo sapiens — GJB2,connexin,gene-C1orf159,C1orf159,NC_000001.11,1081823,1116089,-,no
connexin_GJB2_cross_species,cross_species,Hylobates moloch — GJB2,connexin,gene-FAM240C,FAM240C,NW_026652276.1,47170,53828,+,no
connexin_GJB2_cross_species,cross_species,Hylobates moloch — GJB2,connexin,gene-RTP5,RTP5,NW_026652276.1,75340,79758,-,no
connexin_GJB2_cross_species,cross_species,Hylobates moloch — GJB2,connexin,gene-PDCD1,PDCD1,NW_026652276.1,92511,101571,+,no
connexin_GJB2_cross_species,cross_species,Hylobates moloch — GJB2,connexin,gene-NEU4,NEU4,NW_026652276.1,118391,126127,-,no
connexin_GJB2_cross_species,cross_species,Hylobates moloch — GJB2,connexin,gene-GAL3ST2,GAL3ST2,NW_026652276.1,127313,138003,-,yes
connexin_GJB2_cross_species,cross_species,Hylobates moloch — GJB2,connexin,gene-D2HGDH,D2HGDH,NW_026652276.1,162236,193008,-,no
connexin_GJB2_cross_species,cross_species,Hylobates moloch — GJB2,connexin,gene-ING5,ING5,NW_026652276.1,201485,224792,-,no
connexin_GJB2_cross_species,cross_species,Hylobates moloch — GJB2,connexin,gene-LOC131381024,LOC131381024,NW_026652276.1,239101,242413,-,no
connexin_GJB2_cross_species,cross_species,Hylobates moloch — GJB2,connexin,gene-DTYMK,DTYMK,NW_026652276.1,242382,255689,+,no
connexin_GJB2_cross_species,cross_species,Hylobates moloch — GJB2,connexin,gene-ATG4B,ATG4B,NW_026652276.1,255775,290107,-,no
connexin_GJB2_cross_species,cross_species,Hylobates moloch — GJB2,connexin,gene-THAP4,THAP4,NW_026652276.1,290801,351226,+,no
connexin_GJB2_cross_species,cross_species,Macaca mulatta — GJB2,connexin,gene-PGBD2,PGBD2,NC_133406.1,53679,73341,-,yes
connexin_GJB2_cross_species,cross_species,Macaca mulatta — GJB2,connexin,gene-LOC114674980,LOC114674980,NC_133406.1,61207,61309,+,no
connexin_GJB2_cross_species,cross_species,Macaca mulatta — GJB2,connexin,gene-LOC144337605,LOC144337605,NC_133406.1,78583,80353,-,no
connexin_GJB2_cross_species,cross_species,Macaca mulatta — GJB2,connexin,gene-TRNAE-CUC,TRNAE-CUC,NC_133406.1,103419,103490,-,no
connexin_GJB2_cross_species,cross_species,Macaca mulatta — GJB2,connexin,gene-ZNF692,ZNF692,NC_133406.1,103639,127790,+,no
connexin_GJB2_cross_species,cross_species,Macaca mulatta — GJB2,connexin,gene-TRNAL-CAA,TRNAL-CAA,NC_133406.1,103771,103876,-,no
connexin_GJB2_cross_species,cross_species,Macaca mulatta — GJB2,connexin,gene-LOC114678402,LOC114678402,NC_133406.1,117300,119590,-,no
connexin_GJB2_cross_species,cross_species,Macaca mulatta — GJB2,connexin,gene-ZNF672,ZNF672,NC_133406.1,128243,138681,-,no
connexin_GJB2_cross_species,cross_species,Macaca mulatta — GJB2,connexin,gene-LOC144340027,LOC144340027,NC_133406.1,142173,149281,-,no
connexin_GJB2_cross_species,cross_species,Macaca mulatta — GJB2,connexin,gene-SH3BP5L,SH3BP5L,NC_133406.1,149685,164843,+,no
connexin_GJB2_cross_species,cross_species,Macaca mulatta — GJB2,connexin,gene-LYPD8,LYPD8,NC_133406.1,212747,228663,+,no
connexin_GJB2_cross_species,cross_species,Ovis aries — GJB2,connexin,gene-LOC114112203,LOC114112203,NC_056054.1,45119,51304,-,no
connexin_GJB2_cross_species,cross_species,Ovis aries — GJB2,connexin,gene-LOC114110836,LOC114110836,NC_056054.1,51269,53299,-,no
connexin_GJB2_cross_species,cross_species,Ovis aries — GJB2,connexin,gene-LOC114113923,LOC114113923,NC_056054.1,74992,78049,-,no
connexin_GJB2_cross_species,cross_species,Ovis aries — GJB2,connexin,gene-LOC114112459,LOC114112459,NC_056054.1,78387,85477,+,no
connexin_GJB2_cross_species,cross_species,Ovis aries — GJB2,connexin,gene-FAM240C,FAM240C,NC_056054.1,118163,129479,+,no
connexin_GJB2_cross_species,cross_species,Ovis aries — GJB2,connexin,gene-RTP5,RTP5,NC_056054.1,147143,154344,-,no
connexin_GJB2_cross_species,cross_species,Ovis aries — GJB2,connexin,gene-PDCD1,PDCD1,NC_056054.1,158177,167538,+,no
connexin_GJB2_cross_species,cross_species,Ovis aries — GJB2,connexin,gene-NEU4,NEU4,NC_056054.1,176075,180398,-,no
connexin_GJB2_cross_species,cross_species,Ovis aries — GJB2,connexin,gene-GAL3ST2,GAL3ST2,NC_056054.1,182719,205096,-,yes
connexin_GJB2_cross_species,cross_species,Ovis aries — GJB2,connexin,gene-D2HGDH,D2HGDH,NC_056054.1,209837,236694,-,no
connexin_GJB2_cross_species,cross_species,Ovis aries — GJB2,connexin,gene-ING5,ING5,NC_056054.1,237662,255035,-,no
connexin_GJB2_cross_species,cross_species,Ovis aries — GJB2,connexin,gene-LOC132657729,LOC132657729,NC_056054.1,244888,245794,-,no
connexin_GJB2_cross_species,cross_species,Ovis aries — GJB2,connexin,gene-DTYMK,DTYMK,NC_056054.1,262134,269370,+,no
connexin_GJB2_cross_species,cross_species,Ovis aries — GJB2,connexin,gene-ATG4B,ATG4B,NC_056054.1,271471,287952,-,no
connexin_GJB2_cross_species,cross_species,Ovis aries — GJB2,connexin,gene-THAP4,THAP4,NC_056054.1,288159,323379,+,no
connexin_GJB2_cross_species,cross_species,Ovis aries — GJB2,connexin,gene-BOK,BOK,NC_056054.1,332041,343977,-,no
connexin_GJB2_cross_species,cross_species,Ovis aries — GJB2,connexin,gene-STK25,STK25,NC_056054.1,367327,376846,+,no
connexin_GJB2_cross_species,cross_species,Ovis aries — GJB2,connexin,gene-FARP2,FARP2,NC_056054.1,376959,477890,-,no
connexin_GJB2_cross_species,cross_species,Pongo pygmaeus — GJB2,connexin,gene-PGBD2,PGBD2,NC_072373.2,47219,63875,-,yes
connexin_GJB2_cross_species,cross_species,Pongo pygmaeus — GJB2,connexin,gene-LOC129023309,LOC129023309,NC_072373.2,53903,54006,+,no
connexin_GJB2_cross_species,cross_species,Pongo pygmaeus — GJB2,connexin,gene-TRNAE-CUC,TRNAE-CUC,NC_072373.2,95724,95795,-,no
connexin_GJB2_cross_species,cross_species,Pongo pygmaeus — GJB2,connexin,gene-TRNAL-CAA,TRNAL-CAA,NC_072373.2,96180,96285,-,no
connexin_GJB2_cross_species,cross_species,Pongo pygmaeus — GJB2,connexin,gene-ZNF692,ZNF692,NC_072373.2,111129,120283,+,no
connexin_GJB2_cross_species,cross_species,Pongo pygmaeus — GJB2,connexin,gene-ZNF672,ZNF672,NC_072373.2,120772,132451,-,no
connexin_GJB2_cross_species,cross_species,Pongo pygmaeus — GJB2,connexin,gene-SH3BP5L,SH3BP5L,NC_072373.2,142613,158762,+,no
connexin_GJB2_cross_species,cross_species,Pongo pygmaeus — GJB2,connexin,gene-LYPD8,LYPD8,NC_072373.2,197307,230215,+,no
connexin_GJB3_cross_species,cross_species,Bos taurus — GJB3,connexin,gene-DLGAP3,DLGAP3,NC_037330.1,110766002,110827929,+,no
connexin_GJB3_cross_species,cross_species,Bos taurus — GJB3,connexin,gene-SMIM12,SMIM12,NC_037330.1,110835257,110839537,+,no
connexin_GJB3_cross_species,cross_species,Bos taurus — GJB3,connexin,gene-GJA4,GJA4,NC_037330.1,110888194,110890928,-,no
connexin_GJB3_cross_species,cross_species,Bos taurus — GJB3,connexin,gene-GJB3,GJB3,NC_037330.1,110900180,110905849,-,yes
connexin_GJB3_cross_species,cross_species,Bos taurus — GJB3,connexin,gene-GJB4,GJB4,NC_037330.1,110927018,110930974,-,no
connexin_GJB3_cross_species,cross_species,Bos taurus — GJB3,connexin,gene-LOC132344948,LOC132344948,NC_037330.1,110928025,110930842,+,no
connexin_GJB3_cross_species,cross_species,Bos taurus — GJB3,connexin,gene-GJB5,GJB5,NC_037330.1,110930961,110948304,-,no
connexin_GJB3_cross_species,cross_species,Homo sapiens — GJB3,connexin,gene-LOC105378641,LOC105378641,NC_000001.11,34457859,34685319,-,no
connexin_GJB3_cross_species,cross_species,Homo sapiens — GJB3,connexin,gene-MIR552,MIR552,NC_000001.11,34669599,34669694,-,no
connexin_GJB3_cross_species,cross_species,Homo sapiens — GJB3,connexin,gene-LOC105378642,LOC105378642,NC_000001.11,34710017,34724256,-,no
connexin_GJB3_cross_species,cross_species,Homo sapiens — GJB3,connexin,gene-GJB5,GJB5,NC_000001.11,34755047,34758512,+,no
connexin_GJB3_cross_species,cross_species,Homo sapiens — GJB3,connexin,gene-GJB4,GJB4,NC_000001.11,34759740,34762327,+,no
connexin_GJB3_cross_species,cross_species,Homo sapiens — GJB3,connexin,gene-GJB3,GJB3,NC_000001.11,34781214,34786364,+,yes
connexin_GJB3_cross_species,cross_species,Homo sapiens — GJB3,connexin,gene-GJA4,GJA4,NC_000001.11,34792999,34795747,+,no
connexin_GJB3_cross_species,cross_species,Homo sapiens — GJB3,connexin,gene-SMIM12,SMIM12,NC_000001.11,34850362,34859749,-,no
connexin_GJB3_cross_species,cross_species,Homo sapiens — GJB3,connexin,gene-DLGAP3,DLGAP3,NC_000001.11,34865436,34929650,-,no
connexin_GJB6_cross_species,cross_species,Gallus gallus — GJB6,connexin,gene-XPO4,XPO4,NC_052532.1,178586746,178654479,+,no
connexin_GJB6_cross_species,cross_species,Gallus gallus — GJB6,connexin,gene-EEF1AKMT1,EEF1AKMT1,NC_052532.1,178664441,178674194,+,no
connexin_GJB6_cross_species,cross_species,Gallus gallus — GJB6,connexin,gene-IFT88,IFT88,NC_052532.1,178690633,178724582,-,no
connexin_GJB6_cross_species,cross_species,Gallus gallus — GJB6,connexin,gene-CRYL1,CRYL1,NC_052532.1,178731281,178781729,+,no
connexin_GJB6_cross_species,cross_species,Gallus gallus — GJB6,connexin,gene-LOC101747286,LOC101747286,NC_052532.1,178803539,178809983,-,no
connexin_GJB6_cross_species,cross_species,Gallus gallus — GJB6,connexin,gene-GJB6,GJB6,NC_052532.1,178811318,178820870,+,yes
connexin_GJB6_cross_species,cross_species,Gallus gallus — GJB6,connexin,gene-GJB2,GJB2,NC_052532.1,178837883,178842766,+,no
connexin_GJB6_cross_species,cross_species,Gallus gallus — GJB6,connexin,gene-GJA3,GJA3,NC_052532.1,178850882,178864581,+,no
connexin_GJB6_cross_species,cross_species,Gallus gallus — GJB6,connexin,gene-ZMYM2,ZMYM2,NC_052532.1,178898480,178992739,-,no
connexin_GJB6_cross_species,cross_species,Gallus gallus — GJB6,connexin,gene-LOC121107122,LOC121107122,NC_052532.1,178992947,178996943,+,no
connexin_GJB6_cross_species,cross_species,Homo sapiens — GJB6,connexin,gene-ZMYM2,ZMYM2,NC_000013.11,19863840,20089115,+,no
connexin_GJB6_cross_species,cross_species,Homo sapiens — GJB6,connexin,gene-LINC01072,LINC01072,NC_000013.11,20102701,20103230,+,no
connexin_GJB6_cross_species,cross_species,Homo sapiens — GJB6,connexin,gene-LOC105370101,LOC105370101,NC_000013.11,20105328,20119789,-,no
connexin_GJB6_cross_species,cross_species,Homo sapiens — GJB6,connexin,gene-LOC124903128,LOC124903128,NC_000013.11,20135584,20138392,+,no
connexin_GJB6_cross_species,cross_species,Homo sapiens — GJB6,connexin,gene-GJA3,GJA3,NC_000013.11,20138255,20161565,-,no
connexin_GJB6_cross_species,cross_species,Homo sapiens — GJB6,connexin,gene-LOC107984553,LOC107984553,NC_000013.11,20178956,20186191,-,no
connexin_GJB6_cross_species,cross_species,Homo sapiens — GJB6,connexin,gene-GJB2,GJB2,NC_000013.11,20187470,20192938,-,no
connexin_GJB6_cross_species,cross_species,Homo sapiens — GJB6,connexin,gene-GJB6,GJB6,NC_000013.11,20221962,20232319,-,yes
connexin_GJB6_cross_species,cross_species,Homo sapiens — GJB6,connexin,gene-LOC105370102,LOC105370102,NC_000013.11,20295688,20326221,+,no
connexin_GJB6_cross_species,cross_species,Homo sapiens — GJB6,connexin,gene-CRYL1,CRYL1,NC_000013.11,20403669,20525857,-,no
connexin_GJC1_cross_species,cross_species,Canis lupus familiaris — GJC1,connexin,gene-LOC111097344,LOC111097344,NC_049230.1,18400535,18410892,-,no
connexin_GJC1_cross_species,cross_species,Canis lupus familiaris — GJC1,connexin,gene-C1QL1,C1QL1,NC_049230.1,18411242,18417965,+,no
connexin_GJC1_cross_species,cross_species,Canis lupus familiaris — GJC1,connexin,gene-KIF18B,KIF18B,NC_049230.1,18428507,18449250,+,no
connexin_GJC1_cross_species,cross_species,Canis lupus familiaris — GJC1,connexin,gene-GFAP,GFAP,NC_049230.1,18456787,18466393,+,no
connexin_GJC1_cross_species,cross_species,Canis lupus familiaris — GJC1,connexin,gene-FAM187A,FAM187A,NC_049230.1,18465856,18468358,-,no
connexin_GJC1_cross_species,cross_species,Canis lupus familiaris — GJC1,connexin,gene-CCDC103,CCDC103,NC_049230.1,18468471,18472881,-,no
connexin_GJC1_cross_species,cross_species,Canis lupus familiaris — GJC1,connexin,gene-EFTUD2,EFTUD2,NC_049230.1,18472819,18518366,+,no
connexin_GJC1_cross_species,cross_species,Canis lupus familiaris — GJC1,connexin,gene-HIGD1B,HIGD1B,NC_049230.1,18518837,18521450,-,no
connexin_GJC1_cross_species,cross_species,Canis lupus familiaris — GJC1,connexin,gene-GJC1,GJC1,NC_049230.1,18573413,18574603,+,yes
connexin_GJC1_cross_species,cross_species,Canis lupus familiaris — GJC1,connexin,gene-ADAM11,ADAM11,NC_049230.1,18598557,18615755,-,no
connexin_GJC1_cross_species,cross_species,Canis lupus familiaris — GJC1,connexin,gene-DBF4B,DBF4B,NC_049230.1,18621510,18654920,-,no
connexin_GJC1_cross_species,cross_species,Canis lupus familiaris — GJC1,connexin,gene-CCDC43,CCDC43,NC_049230.1,18670470,18680350,+,no
connexin_GJC1_cross_species,cross_species,Canis lupus familiaris — GJC1,connexin,gene-MEIOC,MEIOC,NC_049230.1,18682095,18700798,-,no
connexin_GJC1_cross_species,cross_species,Canis lupus familiaris — GJC1,connexin,gene-LOC119873494,LOC119873494,NC_049230.1,18714385,18714514,-,no
connexin_GJC1_cross_species,cross_species,Cricetulus griseus — GJC1,connexin,gene-C1ql1,C1ql1,NC_048600.1,115175950,115182463,+,no
connexin_GJC1_cross_species,cross_species,Cricetulus griseus — GJC1,connexin,gene-Kif18b,Kif18b,NC_048600.1,115193520,115216827,+,no
connexin_GJC1_cross_species,cross_species,Cricetulus griseus — GJC1,connexin,gene-Gfap,Gfap,NC_048600.1,115225236,115232444,+,no
connexin_GJC1_cross_species,cross_species,Cricetulus griseus — GJC1,connexin,gene-Fam187a,Fam187a,NC_048600.1,115228401,115235836,-,no
connexin_GJC1_cross_species,cross_species,Cricetulus griseus — GJC1,connexin,gene-Ccdc103,Ccdc103,NC_048600.1,115235951,115240007,-,no
connexin_GJC1_cross_species,cross_species,Cricetulus griseus — GJC1,connexin,gene-Eftud2,Eftud2,NC_048600.1,115240214,115284588,+,no
connexin_GJC1_cross_species,cross_species,Cricetulus griseus — GJC1,connexin,gene-Higd1b,Higd1b,NC_048600.1,115285108,115286476,-,no
connexin_GJC1_cross_species,cross_species,Cricetulus griseus — GJC1,connexin,gene-Gjc1,Gjc1,NC_048600.1,115323716,115325011,+,yes
connexin_GJC1_cross_species,cross_species,Cricetulus griseus — GJC1,connexin,gene-Adam11,Adam11,NC_048600.1,115349412,115364826,-,no
connexin_GJC1_cross_species,cross_species,Cricetulus griseus — GJC1,connexin,gene-Ccdc43,Ccdc43,NC_048600.1,115413425,115425794,+,no
connexin_GJC1_cross_species,cross_species,Cricetulus griseus — GJC1,connexin,gene-Meioc,Meioc,NC_048600.1,115429671,115447593,-,no
connexin_GJC1_cross_species,cross_species,Cricetulus griseus — GJC1,connexin,gene-Fzd2,Fzd2,NC_048600.1,115503192,115506900,-,no
connexin_GJC1_cross_species,cross_species,Gallus gallus — GJC1,connexin,gene-NSF,NSF,NC_052558.1,776759,833462,-,no
connexin_GJC1_cross_species,cross_species,Gallus gallus — GJC1,connexin,gene-MEIOC,MEIOC,NC_052558.1,837196,853388,+,no
connexin_GJC1_cross_species,cross_species,Gallus gallus — GJC1,connexin,gene-CCDC43,CCDC43,NC_052558.1,853032,861994,-,no
connexin_GJC1_cross_species,cross_species,Gallus gallus — GJC1,connexin,gene-DBF4B,DBF4B,NC_052558.1,862078,872262,+,no
connexin_GJC1_cross_species,cross_species,Gallus gallus — GJC1,connexin,gene-ADAM11,ADAM11,NC_052558.1,872761,883682,+,no
connexin_GJC1_cross_species,cross_species,Gallus gallus — GJC1,connexin,gene-MIR12254,MIR12254,NC_052558.1,879288,879351,+,no
connexin_GJC1_cross_species,cross_species,Gallus gallus — GJC1,connexin,gene-GJC3,GJC3,NC_052558.1,890768,903741,-,yes
connexin_GJC1_cross_species,cross_species,Gallus gallus — GJC1,connexin,gene-EFTUD2,EFTUD2,NC_052558.1,905157,920799,-,no
connexin_GJC1_cross_species,cross_species,Gallus gallus — GJC1,connexin,gene-CCDC103,CCDC103,NC_052558.1,920911,924769,+,no
connexin_GJC1_cross_species,cross_species,Gallus gallus — GJC1,connexin,gene-LOC121107698,LOC121107698,NC_052558.1,922894,924271,-,no
connexin_GJC1_cross_species,cross_species,Gallus gallus — GJC1,connexin,gene-FAM187A,FAM187A,NC_052558.1,924881,928072,+,no
connexin_GJC1_cross_species,cross_species,Gallus gallus — GJC1,connexin,gene-GFAP,GFAP,NC_052558.1,928163,932698,-,no
connexin_GJC1_cross_species,cross_species,Gallus gallus — GJC1,connexin,gene-KIF18B,KIF18B,NC_052558.1,933707,941602,-,no
connexin_GJC1_cross_species,cross_species,Gallus gallus — GJC1,connexin,gene-C1QL1,C1QL1,NC_052558.1,942292,946951,-,no
connexin_GJC1_cross_species,cross_species,Gallus gallus — GJC1,connexin,gene-DCAKD,DCAKD,NC_052558.1,949818,959290,-,no
connexin_GJC1_cross_species,cross_species,Gallus gallus — GJC1,connexin,gene-NMT1,NMT1,NC_052558.1,959512,969505,+,no
connexin_GJC1_cross_species,cross_species,Gallus gallus — GJC1,connexin,gene-LOC121107701,LOC121107701,NC_052558.1,960282,960863,-,no
connexin_GJC1_cross_species,cross_species,Gallus gallus — GJC1,connexin,gene-PLCD3,PLCD3,NC_052558.1,970283,982194,-,no
connexin_GJC1_cross_species,cross_species,Gallus gallus — GJC1,connexin,gene-ACBD4,ACBD4,NC_052558.1,980760,992800,+,no
connexin_GJC1_cross_species,cross_species,Gallus gallus — GJC1,connexin,gene-HEXIM1,HEXIM1,NC_052558.1,987195,988396,+,no
connexin_GJC1_cross_species,cross_species,Gallus gallus — GJC1,connexin,gene-LOC121107700,LOC121107700,NC_052558.1,988997,992194,-,no
connexin_GJC1_cross_species,cross_species,Gallus gallus — GJC1,connexin,gene-MYLKSML,MYLKSML,NC_052558.1,994928,999144,+,no
connexin_GJC1_cross_species,cross_species,Homo sapiens — GJC1,connexin,gene-CDC6,CDC6,NC_000017.11,40287879,40304657,+,no
connexin_GJC1_cross_species,cross_species,Homo sapiens — GJC1,connexin,gene-RARA,RARA,NC_000017.11,40309180,40357643,+,no
connexin_GJC1_cross_species,cross_species,Homo sapiens — GJC1,connexin,gene-LOC105371934,LOC105371934,NC_000017.11,40315193,40322524,-,no
connexin_GJC1_cross_species,cross_species,Homo sapiens — GJC1,connexin,gene-RARA-AS1,RARA-AS1,NC_000017.11,40340867,40343136,-,no
connexin_GJC1_cross_species,cross_species,Homo sapiens — GJC1,connexin,gene-GJD3,GJD3,NC_000017.11,40360652,40364737,-,yes
connexin_GJC1_cross_species,cross_species,Homo sapiens — GJC1,connexin,gene-GJD3-AS1,GJD3-AS1,NC_000017.11,40362845,40365435,+,no
connexin_GJC1_cross_species,cross_species,Homo sapiens — GJC1,connexin,gene-TOP2A,TOP2A,NC_000017.11,40388525,40417896,-,no
connexin_GJC1_cross_species,cross_species,Homo sapiens — GJC1,connexin,gene-IGFBP4,IGFBP4,NC_000017.11,40443450,40457725,+,no
connexin_GJC1_cross_species,cross_species,Homo sapiens — GJC1,connexin,gene-TNS4,TNS4,NC_000017.11,40475834,40501623,-,no
connexin_GJC1_cross_species,cross_species,Homo sapiens — GJC1,connexin,gene-DBF4B,DBF4B,NC_000017.11,44708665,44752264,+,no
connexin_GJC1_cross_species,cross_species,Homo sapiens — GJC1,connexin,gene-LOC107985044,LOC107985044,NC_000017.11,44734093,44740907,-,no
connexin_GJC1_cross_species,cross_species,Homo sapiens — GJC1,connexin,gene-ADAM11,ADAM11,NC_000017.11,44758988,44781846,+,no
connexin_GJC1_cross_species,cross_species,Homo sapiens — GJC1,connexin,gene-GJC1,GJC1,NC_000017.11,44794104,44831364,-,yes
connexin_GJC1_cross_species,cross_species,Homo sapiens — GJC1,connexin,gene-HIGD1B,HIGD1B,NC_000017.11,44844860,44850476,+,no
connexin_GJC1_cross_species,cross_species,Homo sapiens — GJC1,connexin,gene-EFTUD2,EFTUD2,NC_000017.11,44849948,44899445,-,no
connexin_GJC1_cross_species,cross_species,Homo sapiens — GJC1,connexin,gene-DNAAF19,DNAAF19,NC_000017.11,44899729,44905390,+,no
connexin_GJC1_cross_species,cross_species,Homo sapiens — GJC1,connexin,gene-GFAP,GFAP,NC_000017.11,44903159,44915500,-,no
connexin_GJC1_cross_species,cross_species,Homo sapiens — GJC1,connexin,gene-FAM187A,FAM187A,NC_000017.11,44903433,44905390,+,no
connexin_GJC1_cross_species,cross_species,Homo sapiens — GJC1,connexin,gene-LOC105371793,LOC105371793,NC_000017.11,44918719,44924797,+,no
connexin_GJC1_cross_species,cross_species,Homo sapiens — GJC1,connexin,gene-KIF18B,KIF18B,NC_000017.11,44924711,44947773,-,no
connexin_GJC1_cross_species,cross_species,Homo sapiens — GJC1,connexin,gene-MIR6783,MIR6783,NC_000017.11,44934618,44934681,-,no
connexin_GJC1_cross_species,cross_species,Homo sapiens — GJC1,connexin,gene-C1QL1,C1QL1,NC_000017.11,44959693,44968303,-,no
connexin_GJC1_cross_species,cross_species,Mesocricetus auratus — GJC1,connexin,gene-Dcakd,Dcakd,NW_024429191.1,79578770,79606151,+,no
connexin_GJC1_cross_species,cross_species,Mesocricetus auratus — GJC1,connexin,gene-LOC110340856,LOC110340856,NW_024429191.1,79632224,79651135,-,no
connexin_GJC1_cross_species,cross_species,Mesocricetus auratus — GJC1,connexin,gene-C1ql1,C1ql1,NW_024429191.1,79651379,79658620,+,no
connexin_GJC1_cross_species,cross_species,Mesocricetus auratus — GJC1,connexin,gene-Kif18b,Kif18b,NW_024429191.1,79669113,79688560,+,no
connexin_GJC1_cross_species,cross_species,Mesocricetus auratus — GJC1,connexin,gene-LOC121141188,LOC121141188,NW_024429191.1,79688800,79695190,-,no
connexin_GJC1_cross_species,cross_species,Mesocricetus auratus — GJC1,connexin,gene-LOC101822922,LOC101822922,NW_024429191.1,79696640,79705528,+,no
connexin_GJC1_cross_species,cross_species,Mesocricetus auratus — GJC1,connexin,gene-Fam187a,Fam187a,NW_024429191.1,79706154,79708530,-,no
connexin_GJC1_cross_species,cross_species,Mesocricetus auratus — GJC1,connexin,gene-Ccdc103,Ccdc103,NW_024429191.1,79708573,79711640,-,no
connexin_GJC1_cross_species,cross_species,Mesocricetus auratus — GJC1,connexin,gene-Eftud2,Eftud2,NW_024429191.1,79711841,79751379,+,no
connexin_GJC1_cross_species,cross_species,Mesocricetus auratus — GJC1,connexin,gene-Higd1b,Higd1b,NW_024429191.1,79751803,79754103,-,no
connexin_GJC1_cross_species,cross_species,Mesocricetus auratus — GJC1,connexin,gene-Gjc1,Gjc1,NW_024429191.1,79768402,79792121,+,yes
connexin_GJC1_cross_species,cross_species,Mesocricetus auratus — GJC1,connexin,gene-Adam11,Adam11,NW_024429191.1,79819070,79836713,-,no
connexin_GJC1_cross_species,cross_species,Mesocricetus auratus — GJC1,connexin,gene-LOC121141523,LOC121141523,NW_024429191.1,79850119,79853098,+,no
connexin_GJC1_cross_species,cross_species,Mesocricetus auratus — GJC1,connexin,gene-Ccdc43,Ccdc43,NW_024429191.1,79882725,79894347,+,no
connexin_GJC1_cross_species,cross_species,Mesocricetus auratus — GJC1,connexin,gene-Meioc,Meioc,NW_024429191.1,79896741,79915856,-,no
connexin_GJC1_cross_species,cross_species,Mesocricetus auratus — GJC1,connexin,gene-Fzd2,Fzd2,NW_024429191.1,79970989,79974624,-,no
connexin_GJC1_cross_species,cross_species,Sus scrofa — GJC1,connexin,gene-DCAKD,DCAKD,NC_010454.4,18337654,18363717,+,no
connexin_GJC1_cross_species,cross_species,Sus scrofa — GJC1,connexin,gene-C1QL1,C1QL1,NC_010454.4,18410191,18416758,+,no
connexin_GJC1_cross_species,cross_species,Sus scrofa — GJC1,connexin,gene-KIF18B,KIF18B,NC_010454.4,18426828,18448214,+,no
connexin_GJC1_cross_species,cross_species,Sus scrofa — GJC1,connexin,gene-GFAP,GFAP,NC_010454.4,18456268,18466594,+,no
connexin_GJC1_cross_species,cross_species,Sus scrofa — GJC1,connexin,gene-LOC102165039,LOC102165039,NC_010454.4,18467623,18468939,-,no
connexin_GJC1_cross_species,cross_species,Sus scrofa — GJC1,connexin,gene-CCDC103,CCDC103,NC_010454.4,18469705,18474316,-,no
connexin_GJC1_cross_species,cross_species,Sus scrofa — GJC1,connexin,gene-EFTUD2,EFTUD2,NC_010454.4,18474367,18514993,+,no
connexin_GJC1_cross_species,cross_species,Sus scrofa — GJC1,connexin,gene-HIGD1B,HIGD1B,NC_010454.4,18515433,18523152,-,no
connexin_GJC1_cross_species,cross_species,Sus scrofa — GJC1,connexin,gene-GJC1,GJC1,NC_010454.4,18526060,18560221,+,yes
connexin_GJC1_cross_species,cross_species,Sus scrofa — GJC1,connexin,gene-ADAM11,ADAM11,NC_010454.4,18575716,18597415,-,no
connexin_GJC1_cross_species,cross_species,Sus scrofa — GJC1,connexin,gene-DBF4B,DBF4B,NC_010454.4,18602218,18640216,-,no
connexin_GJC1_cross_species,cross_species,Sus scrofa — GJC1,connexin,gene-CCDC43,CCDC43,NC_010454.4,18640229,18649731,+,no
connexin_GJC1_cross_species,cross_species,Sus scrofa — GJC1,connexin,gene-MEIOC,MEIOC,NC_010454.4,18652582,18663227,-,no
connexin_GJD2_cross_species,cross_species,Bos taurus — GJD2,connexin,gene-RCAN1,RCAN1,NC_037328.1,882105,1002231,+,no
connexin_GJD2_cross_species,cross_species,Bos taurus — GJD2,connexin,gene-LOC132345447,LOC132345447,NC_037328.1,915557,957120,+,no
connexin_GJD2_cross_species,cross_species,Bos taurus — GJD2,connexin,gene-KCNE1,KCNE1,NC_037328.1,1040523,1047096,+,no
connexin_GJD2_cross_species,cross_species,Bos taurus — GJD2,connexin,gene-LOC101904627,LOC101904627,NC_037328.1,1061265,1061597,+,no
connexin_GJD2_cross_species,cross_species,Bos taurus — GJD2,connexin,gene-SMIM34,SMIM34,NC_037328.1,1074576,1078030,+,no
connexin_GJD2_cross_species,cross_species,Bos taurus — GJD2,connexin,gene-C21orf140,C21orf140,NC_037328.1,1096408,1101672,-,no
connexin_GJD2_cross_species,cross_species,Bos taurus — GJD2,connexin,gene-SMIM11,SMIM11,NC_037328.1,1102879,1118312,-,no
connexin_GJD2_cross_species,cross_species,Bos taurus — GJD2,connexin,gene-KCNE2,KCNE2,NC_037328.1,1123941,1131748,-,yes
connexin_GJD2_cross_species,cross_species,Bos taurus — GJD2,connexin,gene-LOC112447088,LOC112447088,NC_037328.1,1239100,1241373,+,no
connexin_GJD2_cross_species,cross_species,Homo sapiens — GJD2,connexin,gene-LINC01409,LINC01409,NC_000001.11,778798,810065,+,no
connexin_GJD2_cross_species,cross_species,Homo sapiens — GJD2,connexin,gene-LOC124903817,LOC124903817,NC_000001.11,791598,799081,+,no
connexin_GJD2_cross_species,cross_species,Homo sapiens — GJD2,connexin,gene-FAM87B,FAM87B,NC_000001.11,817371,819834,+,no
connexin_GJD2_cross_species,cross_species,Homo sapiens — GJD2,connexin,gene-LINC00115,LINC00115,NC_000001.11,826206,827522,-,no
connexin_GJD2_cross_species,cross_species,Homo sapiens — GJD2,connexin,gene-LINC01128,LINC01128,NC_000001.11,827591,859446,+,no
connexin_GJD2_cross_species,cross_species,Homo sapiens — GJD2,connexin,gene-LOC107984850,LOC107984850,NC_000001.11,860182,868202,+,no
connexin_GJD2_cross_species,cross_species,Homo sapiens — GJD2,connexin,gene-FAM41C,FAM41C,NC_000001.11,868071,876802,-,no
connexin_GJD2_cross_species,cross_species,Homo sapiens — GJD2,connexin,gene-LOC284600,LOC284600,NC_000001.11,904811,921019,+,no
connexin_GJD2_cross_species,cross_species,Homo sapiens — GJD2,connexin,gene-LINC02593,LINC02593,NC_000001.11,916818,919692,-,no
connexin_GJD2_cross_species,cross_species,Homo sapiens — GJD2,connexin,gene-LOC107985728,LOC107985728,NC_000001.11,920243,925604,-,no
connexin_GJD2_cross_species,cross_species,Homo sapiens — GJD2,connexin,gene-SAMD11,SAMD11,NC_000001.11,923923,944574,+,no
connexin_GJD2_cross_species,cross_species,Homo sapiens — GJD2,connexin,gene-NOC2L,NOC2L,NC_000001.11,944203,959256,-,yes
connexin_GJD2_cross_species,cross_species,Homo sapiens — GJD2,connexin,gene-KLHL17,KLHL17,NC_000001.11,960584,965719,+,no
connexin_GJD2_cross_species,cross_species,Homo sapiens — GJD2,connexin,gene-PLEKHN1,PLEKHN1,NC_000001.11,966482,975865,+,no
connexin_GJD2_cross_species,cross_species,Homo sapiens — GJD2,connexin,gene-PERM1,PERM1,NC_000001.11,975198,982093,-,no
connexin_GJD2_cross_species,cross_species,Homo sapiens — GJD2,connexin,gene-HES4,HES4,NC_000001.11,998964,1000097,-,no
connexin_GJD2_cross_species,cross_species,Homo sapiens — GJD2,connexin,gene-ISG15,ISG15,NC_000001.11,1013497,1014540,+,no
connexin_GJD2_cross_species,cross_species,Homo sapiens — GJD2,connexin,gene-AGRN,AGRN,NC_000001.11,1020120,1056116,+,no
connexin_GJD2_cross_species,cross_species,Homo sapiens — GJD2,connexin,gene-LOC100288175,LOC100288175,NC_000001.11,1059734,1066453,+,no
connexin_GJD2_cross_species,cross_species,Homo sapiens — GJD2,connexin,gene-LOC105378948,LOC105378948,NC_000001.11,1065635,1069337,-,no
connexin_GJD2_cross_species,cross_species,Homo sapiens — GJD2,connexin,gene-RNF223,RNF223,NC_000001.11,1070967,1074306,-,no
connexin_GJD2_cross_species,cross_species,Homo sapiens — GJD2,connexin,gene-C1orf159,C1orf159,NC_000001.11,1081823,1116089,-,no
connexin_GJD4_cross_species,cross_species,Homo sapiens — GJD4,connexin,gene-CCNY,CCNY,NC_000010.11,35247025,35572667,+,no
connexin_GJD4_cross_species,cross_species,Homo sapiens — GJD4,connexin,gene-LOC124902410,LOC124902410,NC_000010.11,35443411,35446988,-,no
connexin_GJD4_cross_species,cross_species,Homo sapiens — GJD4,connexin,gene-LOC107984221,LOC107984221,NC_000010.11,35581447,35586346,+,no
connexin_GJD4_cross_species,cross_species,Homo sapiens — GJD4,connexin,gene-GJD4-AS1,GJD4-AS1,NC_000010.11,35604562,35608193,-,no
connexin_GJD4_cross_species,cross_species,Homo sapiens — GJD4,connexin,gene-GJD4,GJD4,NC_000010.11,35605341,35608935,+,yes
connexin_GJD4_cross_species,cross_species,Homo sapiens — GJD4,connexin,gene-FZD8,FZD8,NC_000010.11,35638247,35642296,-,no
connexin_GJD4_cross_species,cross_species,Homo sapiens — GJD4,connexin,gene-MIR4683,MIR4683,NC_000010.11,35641172,35641252,-,no
connexin_GJD4_cross_species,cross_species,Homo sapiens — GJD4,connexin,gene-LOC124902528,LOC124902528,NC_000010.11,35641728,35642846,-,no
connexin_GJD4_cross_species,cross_species,Homo sapiens — GJD4,connexin,gene-LOC105376494,LOC105376494,NC_000010.11,35643315,35647828,+,no
connexin_GJD4_cross_species,cross_species,Homo sapiens — GJD4,connexin,gene-LOC124902411,LOC124902411,NC_000010.11,35657153,35666121,+,no
connexin_GJD4_cross_species,cross_species,Homo sapiens — GJD4,connexin,gene-LOC107984188,LOC107984188,NC_000010.11,35714124,35727386,+,no
connexin_GJD4_cross_species,cross_species,Homo sapiens — GJD4,connexin,gene-PCAT5,PCAT5,NC_000010.11,35778302,35800920,+,no
connexin_GJD4_cross_species,cross_species,Macaca fascicularis — GJD4,connexin,gene-CCNY,CCNY,NC_088383.1,36115710,36339284,+,no
connexin_GJD4_cross_species,cross_species,Macaca fascicularis — GJD4,connexin,gene-GJD4,GJD4,NC_088383.1,36373830,36377755,+,yes
connexin_GJD4_cross_species,cross_species,Macaca fascicularis — GJD4,connexin,gene-FZD8,FZD8,NC_088383.1,36411643,36415317,-,no
connexin_Gja1_cross_species,cross_species,Mus musculus — Gja1,connexin,gene-Tbc1d32,Tbc1d32,NC_000076.7,55890389,56106495,-,no
connexin_Gja1_cross_species,cross_species,Mus musculus — Gja1,connexin,gene-Gja1,Gja1,NC_000076.7,56253297,56266519,+,yes
connexin_Gja1_cross_species,cross_species,Mus musculus — Gja1,connexin,gene-Gm36460,Gm36460,NC_000076.7,56271137,56275537,+,no
connexin_Gja1_cross_species,cross_species,Mus musculus — Gja1,connexin,gene-Gm36517,Gm36517,NC_000076.7,56293435,56294179,-,no
connexin_Gja1_cross_species,cross_species,Mus musculus — Gja1,connexin,gene-Gm36595,Gm36595,NC_000076.7,56308077,56352063,+,no
connexin_Gja1_cross_species,cross_species,Rattus norvegicus — Gja1,connexin,gene-Tbc1d32,Tbc1d32,NC_086038.1,35902281,36133161,-,no
connexin_Gja1_cross_species,cross_species,Rattus norvegicus — Gja1,connexin,gene-Gja1,Gja1,NC_086038.1,36302490,36315010,+,yes
connexin_Gja1_cross_species,cross_species,Rattus norvegicus — Gja1,connexin,gene-LOC108349074,LOC108349074,NC_086038.1,36385522,36433477,-,no
connexin_Gja3_cross_species,cross_species,Mus musculus — Gja3,connexin,gene-Zmym2,Zmym2,NC_000080.7,57123986,57199815,+,no
connexin_Gja3_cross_species,cross_species,Mus musculus — Gja3,connexin,gene-Gm36789,Gm36789,NC_000080.7,57238620,57242421,+,no
connexin_Gja3_cross_species,cross_species,Mus musculus — Gja3,connexin,gene-B020004C17Rik,B020004C17Rik,NC_000080.7,57252591,57256439,+,no
connexin_Gja3_cross_species,cross_species,Mus musculus — Gja3,connexin,gene-Gja3,Gja3,NC_000080.7,57271917,57295487,-,yes
connexin_Gja3_cross_species,cross_species,Mus musculus — Gja3,connexin,gene-Gjb2,Gjb2,NC_000080.7,57336059,57342159,-,no
connexin_Gja3_cross_species,cross_species,Mus musculus — Gja3,connexin,gene-Gm32912,Gm32912,NC_000080.7,57342302,57351651,+,no
connexin_Gja3_cross_species,cross_species,Mus musculus — Gja3,connexin,gene-Gm4491,Gm4491,NC_000080.7,57349956,57354086,-,no
connexin_Gja3_cross_species,cross_species,Mus musculus — Gja3,connexin,gene-Gjb6,Gjb6,NC_000080.7,57360760,57370764,-,no
connexin_Gja3_cross_species,cross_species,Rattus norvegicus — Gja3,connexin,gene-Trnaa-agc64,Trnaa-agc64,NC_086033.1,35120764,35120836,+,no
connexin_Gja3_cross_species,cross_species,Rattus norvegicus — Gja3,connexin,gene-Zmym2,Zmym2,NC_086033.1,35151356,35224528,+,no
connexin_Gja3_cross_species,cross_species,Rattus norvegicus — Gja3,connexin,gene-Gja3,Gja3,NC_086033.1,35296946,35322405,-,yes
connexin_Gja3_cross_species,cross_species,Rattus norvegicus — Gja3,connexin,gene-LOC102549747,LOC102549747,NC_086033.1,35329063,35335982,-,no
connexin_Gja3_cross_species,cross_species,Rattus norvegicus — Gja3,connexin,gene-Gjb2,Gjb2,NC_086033.1,35375977,35393817,-,no
connexin_Gja3_cross_species,cross_species,Rattus norvegicus — Gja3,connexin,gene-Gjb6,Gjb6,NC_086033.1,35400147,35410649,-,no
connexin_Gja3_cross_species,cross_species,Rattus norvegicus — Gja3,connexin,gene-Rpl23al4,Rpl23al4,NC_086033.1,35417549,35418550,+,no
connexin_Gja3_cross_species,cross_species,Rattus norvegicus — Gja3,connexin,gene-LOC134482123,LOC134482123,NC_086033.1,35430413,35431590,+,no
connexin_Gja4_cross_species,cross_species,Mus musculus — Gja4,connexin,gene-Dlgap3,Dlgap3,NC_000070.7,127062090,127130815,+,no
connexin_Gja4_cross_species,cross_species,Mus musculus — Gja4,connexin,gene-Gm52707,Gm52707,NC_000070.7,127118463,127127332,-,no
connexin_Gja4_cross_species,cross_species,Mus musculus — Gja4,connexin,gene-Smim12,Smim12,NC_000070.7,127137577,127141602,+,no
connexin_Gja4_cross_species,cross_species,Mus musculus — Gja4,connexin,gene-Gm22221,Gm22221,NC_000070.7,127178524,127178626,-,no
connexin_Gja4_cross_species,cross_species,Mus musculus — Gja4,connexin,gene-Gja4,Gja4,NC_000070.7,127205213,127207832,-,yes
connexin_Gja4_cross_species,cross_species,Mus musculus — Gja4,connexin,gene-Gjb3,Gjb3,NC_000070.7,127219028,127224633,-,no
connexin_Gja4_cross_species,cross_species,Mus musculus — Gja4,connexin,gene-Gm40251,Gm40251,NC_000070.7,127223156,127237055,+,no
connexin_Gja4_cross_species,cross_species,Mus musculus — Gja4,connexin,gene-Gjb4,Gjb4,NC_000070.7,127234892,127247929,-,no
connexin_Gja4_cross_species,cross_species,Mus musculus — Gja4,connexin,gene-Gjb5,Gjb5,NC_000070.7,127248600,127251957,-,no
connexin_Gja4_cross_species,cross_species,Mus musculus — Gja4,connexin,gene-Gm40252,Gm40252,NC_000070.7,127310898,127318870,+,no
connexin_Gja4_cross_species,cross_species,Mus musculus — Gja4,connexin,gene-1700080G11Rik,1700080G11Rik,NC_000070.7,127368634,127370635,+,no
connexin_Gja4_cross_species,cross_species,Rattus norvegicus — Gja4,connexin,gene-LOC134486994,LOC134486994,NC_086023.1,144732517,144747429,-,no
connexin_Gja4_cross_species,cross_species,Rattus norvegicus — Gja4,connexin,gene-Dlgap3,Dlgap3,NC_086023.1,144776414,144847097,+,no
connexin_Gja4_cross_species,cross_species,Rattus norvegicus — Gja4,connexin,gene-Smim12,Smim12,NC_086023.1,144853887,144857746,+,no
connexin_Gja4_cross_species,cross_species,Rattus norvegicus — Gja4,connexin,gene-Rnu6-260,Rnu6-260,NC_086023.1,144895218,144895320,-,no
connexin_Gja4_cross_species,cross_species,Rattus norvegicus — Gja4,connexin,gene-Gja4,Gja4,NC_086023.1,144917791,144920324,-,yes
connexin_Gja4_cross_species,cross_species,Rattus norvegicus — Gja4,connexin,gene-Gjb3,Gjb3,NC_086023.1,144933692,144939435,-,no
connexin_Gja4_cross_species,cross_species,Rattus norvegicus — Gja4,connexin,gene-Gjb4,Gjb4,NC_086023.1,144948231,144964014,-,no
connexin_Gja4_cross_species,cross_species,Rattus norvegicus — Gja4,connexin,gene-Gjb5,Gjb5,NC_086023.1,144965133,144968051,-,no
connexin_Gja5_cross_species,cross_species,Mus musculus — Gja5,connexin,gene-Pdzk1,Pdzk1,NC_000069.7,96736772,96778242,+,no
connexin_Gja5_cross_species,cross_species,Mus musculus — Gja5,connexin,gene-Gpr89,Gpr89,NC_000069.7,96775630,96812662,-,no
connexin_Gja5_cross_species,cross_species,Mus musculus — Gja5,connexin,gene-Gja8,Gja8,NC_000069.7,96820882,96833367,-,no
connexin_Gja5_cross_species,cross_species,Mus musculus — Gja5,connexin,gene-Gja5,Gja5,NC_000069.7,96939718,96960950,+,yes
connexin_Gja5_cross_species,cross_species,Mus musculus — Gja5,connexin,gene-4930573H18Rik,4930573H18Rik,NC_000069.7,96953972,97000101,-,no
connexin_Gja5_cross_species,cross_species,Mus musculus — Gja5,connexin,gene-Gm31120,Gm31120,NC_000069.7,96981469,96983336,+,no
connexin_Gja5_cross_species,cross_species,Mus musculus — Gja5,connexin,gene-Gm31183,Gm31183,NC_000069.7,97008408,97010275,+,no
connexin_Gja5_cross_species,cross_species,Mus musculus — Gja5,connexin,gene-Gm24435,Gm24435,NC_000069.7,97047868,97047972,-,no
connexin_Gja5_cross_species,cross_species,Mus musculus — Gja5,connexin,gene-n-TEctc12,n-TEctc12,NC_000069.7,97065401,97065472,+,no
connexin_Gja5_cross_species,cross_species,Mus musculus — Gja5,connexin,gene-Acp6,Acp6,NC_000069.7,97066070,97083892,+,no
connexin_Gja5_cross_species,cross_species,Mus musculus — Gja5,connexin,gene-Bcl9,Bcl9,NC_000069.7,97110974,97205718,-,no
connexin_Gja5_cross_species,cross_species,Rattus norvegicus — Gja5,connexin,gene-Gpr89b,Gpr89b,NC_086020.1,187096970,187134391,-,no
connexin_Gja5_cross_species,cross_species,Rattus norvegicus — Gja5,connexin,gene-Gja8,Gja8,NC_086020.1,187179668,187181284,-,no
connexin_Gja5_cross_species,cross_species,Rattus norvegicus — Gja5,connexin,gene-Gja5,Gja5,NC_086020.1,187291227,187310770,+,yes
connexin_Gja5_cross_species,cross_species,Rattus norvegicus — Gja5,connexin,gene-LOC102553665,LOC102553665,NC_086020.1,187351131,187372690,+,no
connexin_Gja5_cross_species,cross_species,Rattus norvegicus — Gja5,connexin,gene-Acp6,Acp6,NC_086020.1,187400786,187421877,+,no
connexin_Gja5_cross_species,cross_species,Rattus norvegicus — Gja5,connexin,gene-Bcl9,Bcl9,NC_086020.1,187449425,187475241,-,no
connexin_Gja5_cross_species,cross_species,Rattus norvegicus — Gja5,connexin,gene-LOC120101047,LOC120101047,NC_086020.1,187464674,187473455,+,no
connexin_Gja6_cross_species,cross_species,Mus musculus — Gja6,connexin,gene-Ppef1,Ppef1,NC_000086.8,159404997,159534286,-,no
connexin_Gja6_cross_species,cross_species,Mus musculus — Gja6,connexin,gene-Rs1,Rs1,NC_000086.8,159548815,159584800,+,no
connexin_Gja6_cross_species,cross_species,Mus musculus — Gja6,connexin,gene-n-TVtac3,n-TVtac3,NC_000086.8,159549106,159549178,+,no
connexin_Gja6_cross_species,cross_species,Mus musculus — Gja6,connexin,gene-Cdkl5,Cdkl5,NC_000086.8,159567241,159777673,-,no
connexin_Gja6_cross_species,cross_species,Mus musculus — Gja6,connexin,gene-Gja6,Gja6,NC_000086.8,159685112,159690048,-,yes
connexin_Gja6_cross_species,cross_species,Mus musculus — Gja6,connexin,gene-Scml2,Scml2,NC_000086.8,159865521,160041214,+,no
connexin_Gja6_cross_species,cross_species,Rattus norvegicus — Gja6,connexin,gene-Scml2,Scml2,NC_086039.1,37331893,37486465,-,no
connexin_Gja6_cross_species,cross_species,Rattus norvegicus — Gja6,connexin,gene-Cdkl5,Cdkl5,NC_086039.1,37566320,37796766,+,no
connexin_Gja6_cross_species,cross_species,Rattus norvegicus — Gja6,connexin,gene-Gja6,Gja6,NC_086039.1,37649393,37654289,+,yes
connexin_Gja6_cross_species,cross_species,Rattus norvegicus — Gja6,connexin,gene-Rs1,Rs1,NC_086039.1,37771135,37800894,-,no
connexin_Gja6_cross_species,cross_species,Rattus norvegicus — Gja6,connexin,gene-Trnav-uac,Trnav-uac,NC_086039.1,37802961,37803033,-,no
connexin_Gja6_cross_species,cross_species,Rattus norvegicus — Gja6,connexin,gene-Ppef1,Ppef1,NC_086039.1,37803204,37960378,+,no
connexin_Gja6_cross_species,cross_species,Rattus norvegicus — Gja6,connexin,gene-Mt1f,Mt1f,NC_086039.1,37806740,37814784,-,no
connexin_Gja8_cross_species,cross_species,Mus musculus — Gja8,connexin,gene-Rnf115,Rnf115,NC_000069.7,96634869,96698471,+,no
connexin_Gja8_cross_species,cross_species,Mus musculus — Gja8,connexin,gene-Cd160,Cd160,NC_000069.7,96706079,96736667,-,no
connexin_Gja8_cross_species,cross_species,Mus musculus — Gja8,connexin,gene-Pdzk1,Pdzk1,NC_000069.7,96736772,96778242,+,no
connexin_Gja8_cross_species,cross_species,Mus musculus — Gja8,connexin,gene-4930442L01Rik,4930442L01Rik,NC_000069.7,96737142,96739386,-,no
connexin_Gja8_cross_species,cross_species,Mus musculus — Gja8,connexin,gene-Gpr89,Gpr89,NC_000069.7,96775630,96812662,-,no
connexin_Gja8_cross_species,cross_species,Mus musculus — Gja8,connexin,gene-Gja8,Gja8,NC_000069.7,96820882,96833367,-,yes
connexin_Gja8_cross_species,cross_species,Mus musculus — Gja8,connexin,gene-Gja5,Gja5,NC_000069.7,96939718,96960950,+,no
connexin_Gja8_cross_species,cross_species,Mus musculus — Gja8,connexin,gene-4930573H18Rik,4930573H18Rik,NC_000069.7,96953972,97000101,-,no
connexin_Gja8_cross_species,cross_species,Mus musculus — Gja8,connexin,gene-Gm31120,Gm31120,NC_000069.7,96981469,96983336,+,no
connexin_Gja8_cross_species,cross_species,Mus musculus — Gja8,connexin,gene-Gm31183,Gm31183,NC_000069.7,97008408,97010275,+,no
connexin_Gja8_cross_species,cross_species,Rattus norvegicus — Gja8,connexin,gene-Rnf115,Rnf115,NC_086020.1,186950959,187018673,+,no
connexin_Gja8_cross_species,cross_species,Rattus norvegicus — Gja8,connexin,gene-Cd160,Cd160,NC_086020.1,187029654,187042447,-,no
connexin_Gja8_cross_species,cross_species,Rattus norvegicus — Gja8,connexin,gene-Pdzk1,Pdzk1,NC_086020.1,187064995,187096348,+,no
connexin_Gja8_cross_species,cross_species,Rattus norvegicus — Gja8,connexin,gene-Gpr89b,Gpr89b,NC_086020.1,187096970,187134391,-,no
connexin_Gja8_cross_species,cross_species,Rattus norvegicus — Gja8,connexin,gene-Gja8,Gja8,NC_086020.1,187179668,187181284,-,yes
connexin_Gja8_cross_species,cross_species,Rattus norvegicus — Gja8,connexin,gene-Gja5,Gja5,NC_086020.1,187291227,187310770,+,no
connexin_Gja8_cross_species,cross_species,Rattus norvegicus — Gja8,connexin,gene-LOC102553665,LOC102553665,NC_086020.1,187351131,187372690,+,no
connexin_Gjb1_cross_species,cross_species,Mus musculus — Gjb1,connexin,gene-Snx12,Snx12,NC_000086.8,100132973,100266185,-,no
connexin_Gjb1_cross_species,cross_species,Mus musculus — Gjb1,connexin,gene-Gm22472,Gm22472,NC_000086.8,100286344,100286477,+,no
connexin_Gjb1_cross_species,cross_species,Mus musculus — Gjb1,connexin,gene-Foxo4,Foxo4,NC_000086.8,100297855,100304479,+,no
connexin_Gjb1_cross_species,cross_species,Mus musculus — Gjb1,connexin,gene-Gm614,Gm614,NC_000086.8,100304979,100307598,-,no
connexin_Gjb1_cross_species,cross_species,Mus musculus — Gjb1,connexin,gene-Il2rg,Il2rg,NC_000086.8,100307991,100311861,-,no
connexin_Gjb1_cross_species,cross_species,Mus musculus — Gjb1,connexin,gene-Med12,Med12,NC_000086.8,100317697,100342540,+,no
connexin_Gjb1_cross_species,cross_species,Mus musculus — Gjb1,connexin,gene-Nlgn3,Nlgn3,NC_000086.8,100342785,100364956,+,no
connexin_Gjb1_cross_species,cross_species,Mus musculus — Gjb1,connexin,gene-Gm31385,Gm31385,NC_000086.8,100381694,100385065,+,no
connexin_Gjb1_cross_species,cross_species,Mus musculus — Gjb1,connexin,gene-Gjb1,Gjb1,NC_000086.8,100419982,100429235,+,yes
connexin_Gjb1_cross_species,cross_species,Mus musculus — Gjb1,connexin,gene-Zmym3,Zmym3,NC_000086.8,100447990,100464986,-,no
connexin_Gjb1_cross_species,cross_species,Mus musculus — Gjb1,connexin,gene-Nono,Nono,NC_000086.8,100473295,100492193,+,no
connexin_Gjb1_cross_species,cross_species,Mus musculus — Gjb1,connexin,gene-Itgb1bp2,Itgb1bp2,NC_000086.8,100492694,100520391,+,no
connexin_Gjb1_cross_species,cross_species,Mus musculus — Gjb1,connexin,gene-Taf1,Taf1,NC_000086.8,100576335,100644635,+,no
connexin_Gjb1_cross_species,cross_species,Rattus norvegicus — Gjb1,connexin,gene-Snx12,Snx12,NC_086039.1,70267013,70396948,-,no
connexin_Gjb1_cross_species,cross_species,Rattus norvegicus — Gjb1,connexin,gene-LOC102548326,LOC102548326,NC_086039.1,70397087,70413719,+,no
connexin_Gjb1_cross_species,cross_species,Rattus norvegicus — Gjb1,connexin,gene-Foxo4,Foxo4,NC_086039.1,70425218,70432120,+,no
connexin_Gjb1_cross_species,cross_species,Rattus norvegicus — Gjb1,connexin,gene-Cxhxorf65,Cxhxorf65,NC_086039.1,70432526,70435190,-,no
connexin_Gjb1_cross_species,cross_species,Rattus norvegicus — Gjb1,connexin,gene-Il2rg,Il2rg,NC_086039.1,70435340,70439052,-,no
connexin_Gjb1_cross_species,cross_species,Rattus norvegicus — Gjb1,connexin,gene-Med12,Med12,NC_086039.1,70444615,70467780,+,no
connexin_Gjb1_cross_species,cross_species,Rattus norvegicus — Gjb1,connexin,gene-Nlgn3,Nlgn3,NC_086039.1,70469251,70497380,+,no
connexin_Gjb1_cross_species,cross_species,Rattus norvegicus — Gjb1,connexin,gene-Gjb1,Gjb1,NC_086039.1,70541845,70549776,+,yes
connexin_Gjb1_cross_species,cross_species,Rattus norvegicus — Gjb1,connexin,gene-Zmym3,Zmym3,NC_086039.1,70568573,70584221,-,no
connexin_Gjb1_cross_species,cross_species,Rattus norvegicus — Gjb1,connexin,gene-Nono,Nono,NC_086039.1,70594116,70611976,+,no
connexin_Gjb1_cross_species,cross_species,Rattus norvegicus — Gjb1,connexin,gene-Itgb1bp2,Itgb1bp2,NC_086039.1,70612118,70617158,+,no
connexin_Gjb1_cross_species,cross_species,Rattus norvegicus — Gjb1,connexin,gene-LOC120099453,LOC120099453,NC_086039.1,70615936,70616099,-,no
connexin_Gjb1_cross_species,cross_species,Rattus norvegicus — Gjb1,connexin,gene-Taf1,Taf1,NC_086039.1,70680901,70756535,+,no
connexin_Gjb1_cross_species,cross_species,Rattus norvegicus — Gjb1,connexin,gene-LOC120099518,LOC120099518,NC_086039.1,70711620,70711744,+,no
connexin_Gjb2_cross_species,cross_species,Mus musculus — Gjb2,connexin,gene-Oprk1,Oprk1,NC_000067.7,5658673,5676357,+,yes
connexin_Gjb2_cross_species,cross_species,Rattus norvegicus — Gjb2,connexin,gene-LOC134485287,LOC134485287,NC_086019.1,43201,45926,-,no
connexin_Gjb2_cross_species,cross_species,Rattus norvegicus — Gjb2,connexin,gene-LOC134484926,LOC134484926,NC_086019.1,46449,62568,-,no
connexin_Gjb2_cross_species,cross_species,Rattus norvegicus — Gjb2,connexin,gene-LOC108352169,LOC108352169,NC_086019.1,67755,73810,-,no
connexin_Gjb2_cross_species,cross_species,Rattus norvegicus — Gjb2,connexin,gene-Vom2r1,Vom2r1,NC_086019.1,164376,175234,+,yes
connexin_Gjb2_cross_species,cross_species,Rattus norvegicus — Gjb2,connexin,gene-LOC100910337,LOC100910337,NC_086019.1,241406,248880,-,no
connexin_Gjb2_cross_species,cross_species,Rattus norvegicus — Gjb2,connexin,gene-LOC134484837,LOC134484837,NC_086019.1,316092,324862,-,no
connexin_Gjb3_cross_species,cross_species,Mus musculus — Gjb3,connexin,gene-Dlgap3,Dlgap3,NC_000070.7,127062090,127130815,+,no
connexin_Gjb3_cross_species,cross_species,Mus musculus — Gjb3,connexin,gene-Gm52707,Gm52707,NC_000070.7,127118463,127127332,-,no
connexin_Gjb3_cross_species,cross_species,Mus musculus — Gjb3,connexin,gene-Smim12,Smim12,NC_000070.7,127137577,127141602,+,no
connexin_Gjb3_cross_species,cross_species,Mus musculus — Gjb3,connexin,gene-Gm22221,Gm22221,NC_000070.7,127178524,127178626,-,no
connexin_Gjb3_cross_species,cross_species,Mus musculus — Gjb3,connexin,gene-Gja4,Gja4,NC_000070.7,127205213,127207832,-,no
connexin_Gjb3_cross_species,cross_species,Mus musculus — Gjb3,connexin,gene-Gjb3,Gjb3,NC_000070.7,127219028,127224633,-,yes
connexin_Gjb3_cross_species,cross_species,Mus musculus — Gjb3,connexin,gene-Gm40251,Gm40251,NC_000070.7,127223156,127237055,+,no
connexin_Gjb3_cross_species,cross_species,Mus musculus — Gjb3,connexin,gene-Gjb4,Gjb4,NC_000070.7,127234892,127247929,-,no
connexin_Gjb3_cross_species,cross_species,Mus musculus — Gjb3,connexin,gene-Gjb5,Gjb5,NC_000070.7,127248600,127251957,-,no
connexin_Gjb3_cross_species,cross_species,Mus musculus — Gjb3,connexin,gene-Gm40252,Gm40252,NC_000070.7,127310898,127318870,+,no
connexin_Gjb3_cross_species,cross_species,Mus musculus — Gjb3,connexin,gene-1700080G11Rik,1700080G11Rik,NC_000070.7,127368634,127370635,+,no
connexin_Gjb3_cross_species,cross_species,Mus musculus — Gjb3,connexin,gene-LOC115486416,LOC115486416,NC_000070.7,127403991,127426683,+,no
connexin_Gjb3_cross_species,cross_species,Rattus norvegicus — Gjb3,connexin,gene-Dlgap3,Dlgap3,NC_086023.1,144776414,144847097,+,no
connexin_Gjb3_cross_species,cross_species,Rattus norvegicus — Gjb3,connexin,gene-Smim12,Smim12,NC_086023.1,144853887,144857746,+,no
connexin_Gjb3_cross_species,cross_species,Rattus norvegicus — Gjb3,connexin,gene-Rnu6-260,Rnu6-260,NC_086023.1,144895218,144895320,-,no
connexin_Gjb3_cross_species,cross_species,Rattus norvegicus — Gjb3,connexin,gene-Gja4,Gja4,NC_086023.1,144917791,144920324,-,no
connexin_Gjb3_cross_species,cross_species,Rattus norvegicus — Gjb3,connexin,gene-Gjb3,Gjb3,NC_086023.1,144933692,144939435,-,yes
connexin_Gjb3_cross_species,cross_species,Rattus norvegicus — Gjb3,connexin,gene-Gjb4,Gjb4,NC_086023.1,144948231,144964014,-,no
connexin_Gjb3_cross_species,cross_species,Rattus norvegicus — Gjb3,connexin,gene-Gjb5,Gjb5,NC_086023.1,144965133,144968051,-,no
connexin_Gjb4_cross_species,cross_species,Mus musculus — Gjb4,connexin,gene-Dlgap3,Dlgap3,NC_000070.7,127062090,127130815,+,no
connexin_Gjb4_cross_species,cross_species,Mus musculus — Gjb4,connexin,gene-Gm52707,Gm52707,NC_000070.7,127118463,127127332,-,no
connexin_Gjb4_cross_species,cross_species,Mus musculus — Gjb4,connexin,gene-Smim12,Smim12,NC_000070.7,127137577,127141602,+,no
connexin_Gjb4_cross_species,cross_species,Mus musculus — Gjb4,connexin,gene-Gm22221,Gm22221,NC_000070.7,127178524,127178626,-,no
connexin_Gjb4_cross_species,cross_species,Mus musculus — Gjb4,connexin,gene-Gja4,Gja4,NC_000070.7,127205213,127207832,-,no
connexin_Gjb4_cross_species,cross_species,Mus musculus — Gjb4,connexin,gene-Gjb3,Gjb3,NC_000070.7,127219028,127224633,-,no
connexin_Gjb4_cross_species,cross_species,Mus musculus — Gjb4,connexin,gene-Gm40251,Gm40251,NC_000070.7,127223156,127237055,+,no
connexin_Gjb4_cross_species,cross_species,Mus musculus — Gjb4,connexin,gene-Gjb4,Gjb4,NC_000070.7,127234892,127247929,-,yes
connexin_Gjb4_cross_species,cross_species,Mus musculus — Gjb4,connexin,gene-Gjb5,Gjb5,NC_000070.7,127248600,127251957,-,no
connexin_Gjb4_cross_species,cross_species,Mus musculus — Gjb4,connexin,gene-Gm40252,Gm40252,NC_000070.7,127310898,127318870,+,no
connexin_Gjb4_cross_species,cross_species,Mus musculus — Gjb4,connexin,gene-1700080G11Rik,1700080G11Rik,NC_000070.7,127368634,127370635,+,no
connexin_Gjb4_cross_species,cross_species,Mus musculus — Gjb4,connexin,gene-LOC115486416,LOC115486416,NC_000070.7,127403991,127426683,+,no
connexin_Gjb4_cross_species,cross_species,Rattus norvegicus — Gjb4,connexin,gene-Dlgap3,Dlgap3,NC_086023.1,144776414,144847097,+,no
connexin_Gjb4_cross_species,cross_species,Rattus norvegicus — Gjb4,connexin,gene-Smim12,Smim12,NC_086023.1,144853887,144857746,+,no
connexin_Gjb4_cross_species,cross_species,Rattus norvegicus — Gjb4,connexin,gene-Rnu6-260,Rnu6-260,NC_086023.1,144895218,144895320,-,no
connexin_Gjb4_cross_species,cross_species,Rattus norvegicus — Gjb4,connexin,gene-Gja4,Gja4,NC_086023.1,144917791,144920324,-,no
connexin_Gjb4_cross_species,cross_species,Rattus norvegicus — Gjb4,connexin,gene-Gjb3,Gjb3,NC_086023.1,144933692,144939435,-,no
connexin_Gjb4_cross_species,cross_species,Rattus norvegicus — Gjb4,connexin,gene-Gjb4,Gjb4,NC_086023.1,144948231,144964014,-,yes
connexin_Gjb4_cross_species,cross_species,Rattus norvegicus — Gjb4,connexin,gene-Gjb5,Gjb5,NC_086023.1,144965133,144968051,-,no
connexin_Gjb4_cross_species,cross_species,Rattus norvegicus — Gjb4,connexin,gene-LOC134479031,LOC134479031,NC_086023.1,145129964,145144767,+,no
connexin_Gjb5_cross_species,cross_species,Mus musculus — Gjb5,connexin,gene-Sgk3,Sgk3,NC_000067.7,9868355,9972795,+,no
connexin_Gjb5_cross_species,cross_species,Mus musculus — Gjb5,connexin,gene-Mcmdc2,Mcmdc2,NC_000067.7,9978863,10011179,+,no
connexin_Gjb5_cross_species,cross_species,Mus musculus — Gjb5,connexin,gene-Snhg6,Snhg6,NC_000067.7,10012250,10014343,-,no
connexin_Gjb5_cross_species,cross_species,Mus musculus — Gjb5,connexin,gene-Snord87,Snord87,NC_000067.7,10012695,10012768,-,no
connexin_Gjb5_cross_species,cross_species,Mus musculus — Gjb5,connexin,gene-Tcf24,Tcf24,NC_000067.7,10030388,10038207,-,no
connexin_Gjb5_cross_species,cross_species,Mus musculus — Gjb5,connexin,gene-Ppp1r42,Ppp1r42,NC_000067.7,10038847,10083766,-,no
connexin_Gjb5_cross_species,cross_species,Mus musculus — Gjb5,connexin,gene-Gm24674,Gm24674,NC_000067.7,10080039,10080142,-,no
connexin_Gjb5_cross_species,cross_species,Mus musculus — Gjb5,connexin,gene-Cops5,Cops5,NC_000067.7,10094825,10108384,-,yes
connexin_Gjb5_cross_species,cross_species,Mus musculus — Gjb5,connexin,gene-Cspp1,Cspp1,NC_000067.7,10108194,10206996,+,no
connexin_Gjb5_cross_species,cross_species,Mus musculus — Gjb5,connexin,gene-Arfgef1,Arfgef1,NC_000067.7,10207732,10303306,-,no
connexin_Gjb5_cross_species,cross_species,Rattus norvegicus — Gjb5,connexin,gene-Znf431l11,Znf431l11,NC_086019.1,2833355,2841271,-,no
connexin_Gjb5_cross_species,cross_species,Rattus norvegicus — Gjb5,connexin,gene-LOC134484850,LOC134484850,NC_086019.1,2850059,2852016,-,no
connexin_Gjb5_cross_species,cross_species,Rattus norvegicus — Gjb5,connexin,gene-Vom2r4,Vom2r4,NC_086019.1,2874499,2889566,-,no
connexin_Gjb5_cross_species,cross_species,Rattus norvegicus — Gjb5,connexin,gene-Vom2r5,Vom2r5,NC_086019.1,2973745,2982398,+,yes
connexin_Gjb5_cross_species,cross_species,Rattus norvegicus — Gjb5,connexin,gene-Vom2r6,Vom2r6,NC_086019.1,3025923,3034593,+,no
connexin_Gjb5_cross_species,cross_species,Rattus norvegicus — Gjb5,connexin,gene-LOC120100082,LOC120100082,NC_086019.1,3117399,3149235,-,no
connexin_Gjb5_cross_species,cross_species,Rattus norvegicus — Gjb5,connexin,gene-LOC120100385,LOC120100385,NC_086019.1,3128300,3128421,-,no
connexin_Gjc1_cross_species,cross_species,Mus musculus — Gjc1,connexin,gene-Wipf2,Wipf2,NC_000077.7,98754424,98796404,+,no
connexin_Gjc1_cross_species,cross_species,Mus musculus — Gjc1,connexin,gene-Cdc6,Cdc6,NC_000077.7,98798627,98814768,+,no
connexin_Gjc1_cross_species,cross_species,Mus musculus — Gjc1,connexin,gene-Rara,Rara,NC_000077.7,98818626,98865768,+,no
connexin_Gjc1_cross_species,cross_species,Mus musculus — Gjc1,connexin,gene-Gm46294,Gm46294,NC_000077.7,98826445,98833072,-,no
connexin_Gjc1_cross_species,cross_species,Mus musculus — Gjc1,connexin,gene-Gm22061,Gm22061,NC_000077.7,98837270,98837376,+,no
connexin_Gjc1_cross_species,cross_species,Mus musculus — Gjc1,connexin,gene-Gjd3,Gjd3,NC_000077.7,98870773,98873846,-,yes
connexin_Gjc1_cross_species,cross_species,Mus musculus — Gjc1,connexin,gene-Top2a,Top2a,NC_000077.7,98883773,98915037,-,no
connexin_Gjc1_cross_species,cross_species,Mus musculus — Gjc1,connexin,gene-Gm23451,Gm23451,NC_000077.7,98907857,98907978,-,no
connexin_Gjc1_cross_species,cross_species,Mus musculus — Gjc1,connexin,gene-Igfbp4,Igfbp4,NC_000077.7,98930820,98943481,+,no
connexin_Gjc1_cross_species,cross_species,Mus musculus — Gjc1,connexin,gene-Tns4,Tns4,NC_000077.7,98956504,98980132,-,no
connexin_Gjc1_cross_species,cross_species,Mus musculus — Gjc1,connexin,gene-Ccdc43,Ccdc43,NC_000077.7,102575510,102595829,-,no
connexin_Gjc1_cross_species,cross_species,Mus musculus — Gjc1,connexin,gene-Adam11,Adam11,NC_000077.7,102652261,102671089,+,no
connexin_Gjc1_cross_species,cross_species,Mus musculus — Gjc1,connexin,gene-Gjc1,Gjc1,NC_000077.7,102690303,102710512,-,yes
connexin_Gjc1_cross_species,cross_species,Mus musculus — Gjc1,connexin,gene-Gm22683,Gm22683,NC_000077.7,102720704,102720840,+,no
connexin_Gjc1_cross_species,cross_species,Mus musculus — Gjc1,connexin,gene-Higd1b,Higd1b,NC_000077.7,102726597,102728866,+,no
connexin_Gjc1_cross_species,cross_species,Mus musculus — Gjc1,connexin,gene-Eftud2,Eftud2,NC_000077.7,102729298,102771999,-,no
connexin_Gjc1_cross_species,cross_species,Mus musculus — Gjc1,connexin,gene-Ccdc103,Ccdc103,NC_000077.7,102772050,102776042,+,no
connexin_Gjc1_cross_species,cross_species,Mus musculus — Gjc1,connexin,gene-Fam187a,Fam187a,NC_000077.7,102775995,102777557,+,no
connexin_Gjc1_cross_species,cross_species,Mus musculus — Gjc1,connexin,gene-Gfap,Gfap,NC_000077.7,102778162,102791368,-,no
connexin_Gjc1_cross_species,cross_species,Mus musculus — Gjc1,connexin,gene-Gm34560,Gm34560,NC_000077.7,102787686,102795302,+,no
connexin_Gjc1_cross_species,cross_species,Mus musculus — Gjc1,connexin,gene-Kif18b,Kif18b,NC_000077.7,102796344,102815960,-,no
connexin_Gjc1_cross_species,cross_species,Mus musculus — Gjc1,connexin,gene-C1ql1,C1ql1,NC_000077.7,102830090,102837542,-,no
connexin_Gjc1_cross_species,cross_species,Rattus norvegicus — Gjc1,connexin,gene-Meioc,Meioc,NC_086028.1,88128939,88147833,+,no
connexin_Gjc1_cross_species,cross_species,Rattus norvegicus — Gjc1,connexin,gene-Ccdc43,Ccdc43,NC_086028.1,88150672,88162863,-,no
connexin_Gjc1_cross_species,cross_species,Rattus norvegicus — Gjc1,connexin,gene-LOC120095185,LOC120095185,NC_086028.1,88193248,88224985,-,no
connexin_Gjc1_cross_species,cross_species,Rattus norvegicus — Gjc1,connexin,gene-LOC103693436,LOC103693436,NC_086028.1,88194244,88207113,+,no
connexin_Gjc1_cross_species,cross_species,Rattus norvegicus — Gjc1,connexin,gene-Dbf4b,Dbf4b,NC_086028.1,88209913,88219336,+,no
connexin_Gjc1_cross_species,cross_species,Rattus norvegicus — Gjc1,connexin,gene-Adam11,Adam11,NC_086028.1,88224185,88242865,+,no
connexin_Gjc1_cross_species,cross_species,Rattus norvegicus — Gjc1,connexin,gene-Gjc1,Gjc1,NC_086028.1,88262840,88285646,-,yes
connexin_Gjc1_cross_species,cross_species,Rattus norvegicus — Gjc1,connexin,gene-Higd1b,Higd1b,NC_086028.1,88302284,88304558,+,no
connexin_Gjc1_cross_species,cross_species,Rattus norvegicus — Gjc1,connexin,gene-Eftud2,Eftud2,NC_086028.1,88304992,88352229,-,no
connexin_Gjc1_cross_species,cross_species,Rattus norvegicus — Gjc1,connexin,gene-Ccdc103,Ccdc103,NC_086028.1,88346453,88349853,+,no
connexin_Gjc1_cross_species,cross_species,Rattus norvegicus — Gjc1,connexin,gene-FAM187A,FAM187A,NC_086028.1,88350957,88352428,+,no
connexin_Gjc1_cross_species,cross_species,Rattus norvegicus — Gjc1,connexin,gene-Gfap,Gfap,NC_086028.1,88352987,88361661,-,no
connexin_Gjc1_cross_species,cross_species,Rattus norvegicus — Gjc1,connexin,gene-Kif18b,Kif18b,NC_086028.1,88370520,88392388,-,no
connexin_Gjc1_cross_species,cross_species,Rattus norvegicus — Gjc1,connexin,gene-Rpl22l4,Rpl22l4,NC_086028.1,88392535,88398738,+,no
connexin_Gjc1_cross_species,cross_species,Rattus norvegicus — Gjc1,connexin,gene-C1ql1,C1ql1,NC_086028.1,88402219,88409649,-,no
connexin_Gjc1_cross_species,cross_species,Rattus norvegicus — Gjc1,connexin,gene-Dcakd,Dcakd,NC_086028.1,88457829,88489011,-,no
connexin_Gjc2_cross_species,cross_species,Mus musculus — Gjc2,connexin,gene-Oprk1,Oprk1,NC_000067.7,5658673,5676357,+,yes
connexin_Gjc2_cross_species,cross_species,Rattus norvegicus — Gjc2,connexin,gene-LOC134485287,LOC134485287,NC_086019.1,43201,45926,-,no
connexin_Gjc2_cross_species,cross_species,Rattus norvegicus — Gjc2,connexin,gene-LOC134484926,LOC134484926,NC_086019.1,46449,62568,-,no
connexin_Gjc2_cross_species,cross_species,Rattus norvegicus — Gjc2,connexin,gene-LOC108352169,LOC108352169,NC_086019.1,67755,73810,-,no
connexin_Gjc2_cross_species,cross_species,Rattus norvegicus — Gjc2,connexin,gene-Vom2r1,Vom2r1,NC_086019.1,164376,175234,+,yes
connexin_Gjc2_cross_species,cross_species,Rattus norvegicus — Gjc2,connexin,gene-LOC100910337,LOC100910337,NC_086019.1,241406,248880,-,no
connexin_Gjc2_cross_species,cross_species,Rattus norvegicus — Gjc2,connexin,gene-LOC134484837,LOC134484837,NC_086019.1,316092,324862,-,no
connexin_Gjd2_cross_species,cross_species,Mus musculus — Gjd2,connexin,gene-Oprk1,Oprk1,NC_000067.7,5658673,5676357,+,yes
connexin_Gjd2_cross_species,cross_species,Rattus norvegicus — Gjd2,connexin,gene-LOC134485287,LOC134485287,NC_086019.1,43201,45926,-,no
connexin_Gjd2_cross_species,cross_species,Rattus norvegicus — Gjd2,connexin,gene-LOC134484926,LOC134484926,NC_086019.1,46449,62568,-,no
connexin_Gjd2_cross_species,cross_species,Rattus norvegicus — Gjd2,connexin,gene-LOC108352169,LOC108352169,NC_086019.1,67755,73810,-,no
connexin_Gjd2_cross_species,cross_species,Rattus norvegicus — Gjd2,connexin,gene-Vom2r1,Vom2r1,NC_086019.1,164376,175234,+,yes
connexin_Gjd2_cross_species,cross_species,Rattus norvegicus — Gjd2,connexin,gene-LOC100910337,LOC100910337,NC_086019.1,241406,248880,-,no
connexin_Gjd2_cross_species,cross_species,Rattus norvegicus — Gjd2,connexin,gene-LOC134484837,LOC134484837,NC_086019.1,316092,324862,-,no
connexin_gja1_cross_species,cross_species,Danio rerio — gja1,connexin,gene-gja1b,gja1b,NC_133195.1,44006780,44012070,-,yes
connexin_gja1_cross_species,cross_species,Danio rerio — gja1,connexin,gene-gja13.2,gja13.2,NC_133195.1,44013146,44020990,-,no
connexin_gja1_cross_species,cross_species,Danio rerio — gja1,connexin,gene-gja12.2,gja12.2,NC_133195.1,44028982,44032431,+,no
connexin_gja1_cross_species,cross_species,Danio rerio — gja1,connexin,gene-tbc1d32,tbc1d32,NC_133195.1,44035949,44134962,+,no
connexin_gja1_cross_species,cross_species,Danio rerio — gja1,connexin,gene-gja12.1,gja12.1,NC_133195.1,44036399,44042640,-,no
connexin_gja1_cross_species,cross_species,Danio rerio — gja1,connexin,gene-gja13.1,gja13.1,NC_133195.1,44045162,44047259,-,no
connexin_gja1_cross_species,cross_species,Danio rerio — gja1,connexin,gene-gja11,gja11,NC_133195.1,44048786,44051862,-,no
connexin_gja1_cross_species,cross_species,Danio rerio — gja1,connexin,gene-hsdl1,hsdl1,NC_133195.1,44053371,44058032,-,no
connexin_gja1_cross_species,cross_species,Danio rerio — gja1,connexin,gene-LOC141379422,LOC141379422,NC_133195.1,44137401,44237503,+,no
connexin_gja1_cross_species,cross_species,Xenopus laevis — gja1,connexin,gene-gja1.L,gja1.L,NC_054379.1,75337286,75345666,-,yes
connexin_gja4_cross_species,cross_species,Xenopus laevis — gja4,connexin,gene-kdm1a.L,kdm1a.L,NC_054373.1,92595368,92629887,+,no
connexin_gja4_cross_species,cross_species,Xenopus laevis — gja4,connexin,gene-trnad-guc-6,trnad-guc,NC_054373.1,92644894,92644965,+,no
connexin_gja4_cross_species,cross_species,Xenopus laevis — gja4,connexin,gene-trnai-aau,trnai-aau,NC_054373.1,92645154,92645227,+,no
connexin_gja4_cross_species,cross_species,Xenopus laevis — gja4,connexin,gene-trnad-guc-7,trnad-guc,NC_054373.1,92646102,92646173,+,no
connexin_gja4_cross_species,cross_species,Xenopus laevis — gja4,connexin,gene-trnai-aau-2,trnai-aau,NC_054373.1,92646362,92646435,+,no
connexin_gja4_cross_species,cross_species,Xenopus laevis — gja4,connexin,gene-trnai-aau-3,trnai-aau,NC_054373.1,92648278,92648351,+,no
connexin_gja4_cross_species,cross_species,Xenopus laevis — gja4,connexin,gene-trnad-guc-8,trnad-guc,NC_054373.1,92649858,92649928,+,no
connexin_gja4_cross_species,cross_species,Xenopus laevis — gja4,connexin,gene-trnai-aau-4,trnai-aau,NC_054373.1,92650116,92650190,+,no
connexin_gja4_cross_species,cross_species,Xenopus laevis — gja4,connexin,gene-trnad-guc-9,trnad-guc,NC_054373.1,92651056,92651127,+,no
connexin_gja4_cross_species,cross_species,Xenopus laevis — gja4,connexin,gene-trnai-aau-5,trnai-aau,NC_054373.1,92651314,92651387,+,no
connexin_gja4_cross_species,cross_species,Xenopus laevis — gja4,connexin,gene-trnad-guc-10,trnad-guc,NC_054373.1,92652257,92652328,+,no
connexin_gja4_cross_species,cross_species,Xenopus laevis — gja4,connexin,gene-trnai-aau-6,trnai-aau,NC_054373.1,92652509,92652588,+,no
connexin_gja4_cross_species,cross_species,Xenopus laevis — gja4,connexin,gene-trnai-aau-7,trnai-aau,NC_054373.1,92653664,92653736,+,no
connexin_gja4_cross_species,cross_species,Xenopus laevis — gja4,connexin,gene-trnad-guc-11,trnad-guc,NC_054373.1,92654609,92654680,+,no
connexin_gja4_cross_species,cross_species,Xenopus laevis — gja4,connexin,gene-tmem30b.L,tmem30b.L,NC_054373.1,92665782,92680958,+,no
connexin_gja4_cross_species,cross_species,Xenopus laevis — gja4,connexin,gene-zmpste24.L,zmpste24.L,NC_054373.1,92717355,92728491,+,no
connexin_gja4_cross_species,cross_species,Xenopus laevis — gja4,connexin,gene-smim12.L,smim12.L,NC_054373.1,92733881,92737425,+,no
connexin_gja4_cross_species,cross_species,Xenopus laevis — gja4,connexin,gene-gja4.L,gja4.L,NC_054373.1,92773605,92779310,-,yes
connexin_gja4_cross_species,cross_species,Xenopus laevis — gja4,connexin,gene-gjb3.L,gjb3.L,NC_054373.1,92796578,92807166,-,no
connexin_gja4_cross_species,cross_species,Xenopus laevis — gja4,connexin,gene-gjb5.L,gjb5.L,NC_054373.1,92842002,92847826,-,no
connexin_gja4_cross_species,cross_species,Xenopus laevis — gja4,connexin,gene-LOC108708261,LOC108708261,NC_054373.1,92856509,92857618,-,no
connexin_gja4_cross_species,cross_species,Xenopus laevis — gja4,connexin,gene-luzp1.L,luzp1.L,NC_054373.1,92895048,92955347,-,no
connexin_gja4_cross_species,cross_species,Xenopus tropicalis — gja4,connexin,gene-gjb4,gjb4,NC_030678.2,89111188,89117846,+,no
connexin_gja4_cross_species,cross_species,Xenopus tropicalis — gja4,connexin,gene-LOC101734565,LOC101734565,NC_030678.2,89123978,89128962,+,no
connexin_gja4_cross_species,cross_species,Xenopus tropicalis — gja4,connexin,gene-gjb3,gjb3,NC_030678.2,89168117,89177265,+,no
connexin_gja4_cross_species,cross_species,Xenopus tropicalis — gja4,connexin,gene-cx38,cx38,NC_030678.2,89182410,89186609,+,no
connexin_gja4_cross_species,cross_species,Xenopus tropicalis — gja4,connexin,gene-gja4,gja4,NC_030678.2,89194786,89199855,+,yes
connexin_gja4_cross_species,cross_species,Xenopus tropicalis — gja4,connexin,gene-smim12,smim12,NC_030678.2,89218068,89222206,-,no
connexin_gja4_cross_species,cross_species,Xenopus tropicalis — gja4,connexin,gene-trnad-guc-7,trnad-guc,NC_030678.2,89222819,89222890,+,no
connexin_gja4_cross_species,cross_species,Xenopus tropicalis — gja4,connexin,gene-zmpste24,zmpste24,NC_030678.2,89228310,89242750,-,no
connexin_gja4_cross_species,cross_species,Xenopus tropicalis — gja4,connexin,gene-tmem30b,tmem30b,NC_030678.2,89246889,89264896,-,no
connexin_gja4_cross_species,cross_species,Xenopus tropicalis — gja4,connexin,gene-kdm1a,kdm1a,NC_030678.2,89279753,89309651,-,no
connexin_gja4_cross_species,cross_species,Xenopus tropicalis — gja4,connexin,gene-luzp1,luzp1,NC_030678.2,89337609,89393333,-,no
innexin_inx_19_cross_species,cross_species,Caenorhabditis briggsae — inx-19,innexin,gene-CBG_03995,Cbr-dmsr-2,NC_013489.2,4626097,4630958,-,no
innexin_inx_19_cross_species,cross_species,Caenorhabditis briggsae — inx-19,innexin,gene-CBG_25250,CBG25250,NC_013489.2,4640399,4640712,+,no
innexin_inx_19_cross_species,cross_species,Caenorhabditis briggsae — inx-19,innexin,gene-CBG_03993,CBG03993,NC_013489.2,4647498,4649401,-,no
innexin_inx_19_cross_species,cross_species,Caenorhabditis briggsae — inx-19,innexin,gene-CBG_03992,CBG03992,NC_013489.2,4649579,4651920,-,no
innexin_inx_19_cross_species,cross_species,Caenorhabditis briggsae — inx-19,innexin,gene-CBG_03991,Cbr-eif-3.I,NC_013489.2,4652440,4653655,-,no
innexin_inx_19_cross_species,cross_species,Caenorhabditis briggsae — inx-19,innexin,gene-CBG_03989,Cbr-abtm-1,NC_013489.2,4654181,4657291,+,no
innexin_inx_19_cross_species,cross_species,Caenorhabditis briggsae — inx-19,innexin,gene-CBG_03990,CBG03990,NC_013489.2,4654449,4654895,-,no
innexin_inx_19_cross_species,cross_species,Caenorhabditis briggsae — inx-19,innexin,gene-CBG_25249,CBG25249,NC_013489.2,4657355,4657493,-,no
innexin_inx_19_cross_species,cross_species,Caenorhabditis briggsae — inx-19,innexin,gene-CBG_03988,CBG03988,NC_013489.2,4657728,4658310,+,no
innexin_inx_19_cross_species,cross_species,Caenorhabditis briggsae — inx-19,innexin,gene-CBG_03987,Cbr-inx-19,NC_013489.2,4663327,4665079,+,yes
innexin_inx_19_cross_species,cross_species,Caenorhabditis briggsae — inx-19,innexin,gene-CBG_03986,Cbr-ubxn-1,NC_013489.2,4665260,4666389,-,no
innexin_inx_19_cross_species,cross_species,Caenorhabditis briggsae — inx-19,innexin,gene-CBG_03985,CBG03985,NC_013489.2,4670770,4671674,+,no
innexin_inx_19_cross_species,cross_species,Caenorhabditis briggsae — inx-19,innexin,gene-CBG_25248,CBG25248,NC_013489.2,4671879,4672930,+,no
innexin_inx_19_cross_species,cross_species,Caenorhabditis briggsae — inx-19,innexin,gene-CBG_03984,CBG03984,NC_013489.2,4675119,4675943,+,no
innexin_inx_19_cross_species,cross_species,Caenorhabditis briggsae — inx-19,innexin,gene-CBG_03983,CBG03983,NC_013489.2,4676584,4677444,+,no
innexin_inx_19_cross_species,cross_species,Caenorhabditis briggsae — inx-19,innexin,gene-CBG_03982,CBG03982,NC_013489.2,4677574,4680217,-,no
innexin_inx_19_cross_species,cross_species,Caenorhabditis briggsae — inx-19,innexin,gene-CBG_03981,Cbr-zwl-1,NC_013489.2,4683266,4685473,-,no
innexin_inx_19_cross_species,cross_species,Caenorhabditis briggsae — inx-19,innexin,gene-CBG_03980,CBG03980,NC_013489.2,4686016,4687599,+,no
innexin_inx_19_cross_species,cross_species,Caenorhabditis briggsae — inx-19,innexin,gene-CBG_03979,CBG03979,NC_013489.2,4688306,4690588,+,no
innexin_inx_19_cross_species,cross_species,Caenorhabditis briggsae — inx-19,innexin,gene-CBG_03978,Cbr-sydn-1,NC_013489.2,4690913,4693382,+,no
innexin_inx_19_cross_species,cross_species,Caenorhabditis briggsae — inx-19,innexin,gene-CBG_03977,Cbr-nekl-1,NC_013489.2,4695158,4703034,+,no
innexin_inx_19_cross_species,cross_species,Caenorhabditis briggsae — inx-19,innexin,gene-CBG_03975,CBG03975,NC_013489.2,4703126,4706581,-,no
innexin_inx_19_cross_species,cross_species,Caenorhabditis elegans — inx-19,innexin,gene-CELE_Y39G10AR.2,zwl-1,NC_003279.8,2402230,2409999,+,no
innexin_inx_19_cross_species,cross_species,Caenorhabditis elegans — inx-19,innexin,gene-CELE_Y39G10AR.26,Y39G10AR.26,NC_003279.8,2410190,2410261,-,no
innexin_inx_19_cross_species,cross_species,Caenorhabditis elegans — inx-19,innexin,gene-CELE_Y39G10AR.24,Y39G10AR.24,NC_003279.8,2410190,2410254,+,no
innexin_inx_19_cross_species,cross_species,Caenorhabditis elegans — inx-19,innexin,gene-CELE_F23C8.13,F23C8.13,NC_003279.8,2415131,2418543,+,no
innexin_inx_19_cross_species,cross_species,Caenorhabditis elegans — inx-19,innexin,gene-CELE_F23C8.5,etfb-1,NC_003279.8,2418461,2420353,-,no
innexin_inx_19_cross_species,cross_species,Caenorhabditis elegans — inx-19,innexin,gene-CELE_F23C8.6,did-2,NC_003279.8,2420834,2421816,-,no
innexin_inx_19_cross_species,cross_species,Caenorhabditis elegans — inx-19,innexin,gene-CELE_F23C8.7,F23C8.7,NC_003279.8,2422153,2425185,-,no
innexin_inx_19_cross_species,cross_species,Caenorhabditis elegans — inx-19,innexin,gene-CELE_F23C8.8,F23C8.8,NC_003279.8,2429675,2432588,-,no
innexin_inx_19_cross_species,cross_species,Caenorhabditis elegans — inx-19,innexin,gene-CELE_F23C8.9,tipn-1,NC_003279.8,2432590,2433615,-,no
innexin_inx_19_cross_species,cross_species,Caenorhabditis elegans — inx-19,innexin,gene-CELE_F23C8.4,ubxn-1,NC_003279.8,2434002,2435691,+,no
innexin_inx_19_cross_species,cross_species,Caenorhabditis elegans — inx-19,innexin,gene-CELE_F23C8.14,F23C8.14,NC_003279.8,2436471,2437084,-,no
innexin_inx_19_cross_species,cross_species,Caenorhabditis elegans — inx-19,innexin,gene-CELE_F23C8.3,F23C8.3,NC_003279.8,2438765,2442958,+,no
innexin_inx_19_cross_species,cross_species,Caenorhabditis elegans — inx-19,innexin,gene-CELE_T16H5.1,inx-19,NC_003279.8,2451898,2463461,-,yes
innexin_inx_19_cross_species,cross_species,Caenorhabditis elegans — inx-19,innexin,gene-CELE_Y74C10AL.2,Y74C10AL.2,NC_003279.8,2468793,2471935,-,no
innexin_inx_19_cross_species,cross_species,Caenorhabditis elegans — inx-19,innexin,gene-CELE_Y74C10AR.3,abtm-1,NC_003279.8,2472060,2485391,-,no
innexin_inx_19_cross_species,cross_species,Caenorhabditis elegans — inx-19,innexin,gene-CELE_Y74C10AR.2,Y74C10AR.2,NC_003279.8,2483203,2483652,+,no
innexin_inx_19_cross_species,cross_species,Caenorhabditis elegans — inx-19,innexin,gene-CELE_Y74C10AR.1,eif-3.I,NC_003279.8,2485861,2489787,+,no
innexin_inx_19_cross_species,cross_species,Caenorhabditis elegans — inx-19,innexin,gene-CELE_Y23H5B.6,ddx-10,NC_003279.8,2489976,2497381,+,no
innexin_inx_19_cross_species,cross_species,Caenorhabditis elegans — inx-19,innexin,gene-CELE_Y23H5B.5,Y23H5B.5,NC_003279.8,2498134,2506259,+,no
innexin_inx_19_cross_species,cross_species,Caenorhabditis elegans — inx-19,innexin,gene-CELE_Y23H5B.13,Y23H5B.13,NC_003279.8,2514167,2514255,+,no
innexin_inx_19_cross_species,cross_species,Caenorhabditis elegans — inx-19,innexin,gene-CELE_Y23H5B.10,Y23H5B.10,NC_003279.8,2514168,2514311,-,no
innexin_inx_19_cross_species,cross_species,Caenorhabditis elegans — inx-19,innexin,gene-CELE_Y23H5B.11,21ur-15102,NC_003279.8,2524532,2524552,+,no
innexin_shakB_cross_species,cross_species,Aedes aegypti — shakB,innexin,gene-LOC5571578,LOC5571578,NC_035107.1,2260294,3023816,+,no
innexin_shakB_cross_species,cross_species,Aedes aegypti — shakB,innexin,gene-LOC110674719,LOC110674719,NC_035107.1,3007105,3008133,-,no
innexin_shakB_cross_species,cross_species,Aedes aegypti — shakB,innexin,gene-LOC5566218,LOC5566218,NC_035107.1,3043323,3071456,-,yes
innexin_shakB_cross_species,cross_species,Aedes aegypti — shakB,innexin,gene-LOC5566217,LOC5566217,NC_035107.1,3079621,3081063,-,no
innexin_shakB_cross_species,cross_species,Aedes aegypti — shakB,innexin,gene-LOC5566213,LOC5566213,NC_035107.1,3095584,3109987,+,no
innexin_shakB_cross_species,cross_species,Aedes aegypti — shakB,innexin,gene-LOC5566229,LOC5566229,NC_035107.1,3119170,3202197,-,no
innexin_shakB_cross_species,cross_species,Aedes aegypti — shakB,innexin,gene-LOC110674349,LOC110674349,NC_035107.1,3202829,3203593,+,no
innexin_shakB_cross_species,cross_species,Aedes aegypti — shakB,innexin,gene-LOC110674350,LOC110674350,NC_035107.1,3210543,3211340,-,no
innexin_shakB_cross_species,cross_species,Aedes aegypti — shakB,innexin,gene-LOC5566228,LOC5566228,NC_035107.1,3211626,3217698,+,no
innexin_shakB_cross_species,cross_species,Aedes aegypti — shakB,innexin,gene-LOC5566227,LOC5566227,NC_035107.1,3217571,3229742,-,no
innexin_shakB_cross_species,cross_species,Aedes aegypti — shakB,innexin,gene-LOC110674721,LOC110674721,NC_035107.1,3238013,3238327,+,no
innexin_shakB_cross_species,cross_species,Aedes aegypti — shakB,innexin,gene-LOC5566238,LOC5566238,NC_035107.1,3249057,3267668,+,no
innexin_shakB_cross_species,cross_species,Anopheles gambiae — shakB,innexin,gene-LOC3289597,LOC3289597,NC_064600.1,286611,317888,+,no
innexin_shakB_cross_species,cross_species,Anopheles gambiae — shakB,innexin,gene-LOC133392850,LOC133392850,NC_064600.1,287151,290067,-,no
innexin_shakB_cross_species,cross_species,Anopheles gambiae — shakB,innexin,gene-LOC3289598,LOC3289598,NC_064600.1,317748,334307,+,no
innexin_shakB_cross_species,cross_species,Anopheles gambiae — shakB,innexin,gene-LOC1272256,LOC1272256,NC_064600.1,336080,340547,-,no
innexin_shakB_cross_species,cross_species,Anopheles gambiae — shakB,innexin,gene-LOC1272255,LOC1272255,NC_064600.1,341492,342754,+,no
innexin_shakB_cross_species,cross_species,Anopheles gambiae — shakB,innexin,gene-LOC1272254,LOC1272254,NC_064600.1,347133,350861,-,no
innexin_shakB_cross_species,cross_species,Anopheles gambiae — shakB,innexin,gene-LOC1272252,LOC1272252,NC_064600.1,355414,364190,-,no
innexin_shakB_cross_species,cross_species,Anopheles gambiae — shakB,innexin,gene-LOC1272250,LOC1272250,NC_064600.1,366545,398015,+,no
innexin_shakB_cross_species,cross_species,Anopheles gambiae — shakB,innexin,gene-LOC133391038,LOC133391038,NC_064600.1,366857,371135,-,no
innexin_shakB_cross_species,cross_species,Anopheles gambiae — shakB,innexin,gene-LOC1272249,LOC1272249,NC_064600.1,400718,426772,-,no
innexin_shakB_cross_species,cross_species,Anopheles gambiae — shakB,innexin,gene-LOC133394011,LOC133394011,NC_064600.1,428388,430510,+,no
innexin_shakB_cross_species,cross_species,Anopheles gambiae — shakB,innexin,gene-LOC1272247,LOC1272247,NC_064600.1,431707,453881,+,no
innexin_shakB_cross_species,cross_species,Anopheles gambiae — shakB,innexin,gene-LOC133394013,LOC133394013,NC_064600.1,454102,455001,-,no
innexin_shakB_cross_species,cross_species,Anopheles gambiae — shakB,innexin,gene-LOC1272246,LOC1272246,NC_064600.1,455514,469765,+,yes
innexin_shakB_cross_species,cross_species,Anopheles gambiae — shakB,innexin,gene-LOC4576005,LOC4576005,NC_064600.1,471088,479923,-,no
innexin_shakB_cross_species,cross_species,Anopheles gambiae — shakB,innexin,gene-LOC1272241,LOC1272241,NC_064600.1,485251,504847,+,no
innexin_shakB_cross_species,cross_species,Anopheles gambiae — shakB,innexin,gene-LOC1272239,LOC1272239,NC_064600.1,507106,513090,-,no
innexin_shakB_cross_species,cross_species,Anopheles gambiae — shakB,innexin,gene-LOC4576034,LOC4576034,NC_064600.1,516851,522892,+,no
innexin_shakB_cross_species,cross_species,Anopheles gambiae — shakB,innexin,gene-LOC1272237,LOC1272237,NC_064600.1,526991,536274,+,no
innexin_shakB_cross_species,cross_species,Anopheles gambiae — shakB,innexin,gene-LOC3289599,LOC3289599,NC_064600.1,536919,544966,-,no
innexin_shakB_cross_species,cross_species,Anopheles gambiae — shakB,innexin,gene-LOC3289600,LOC3289600,NC_064600.1,550087,568661,-,no
innexin_shakB_cross_species,cross_species,Anopheles gambiae — shakB,innexin,gene-LOC1272234,LOC1272234,NC_064600.1,572840,648451,+,no
innexin_shakB_cross_species,cross_species,Drosophila melanogaster — shakB,innexin,gene-Dmel_CG43181,CG43181,NC_004354.4,350566,351133,+,no
innexin_shakB_cross_species,cross_species,Drosophila melanogaster — shakB,innexin,gene-Dmel_CG43182,CG43182,NC_004354.4,353067,353317,+,no
innexin_shakB_cross_species,cross_species,Drosophila melanogaster — shakB,innexin,gene-Dmel_CG3757,y,NC_004354.4,356509,361245,+,no
innexin_shakB_cross_species,cross_species,Drosophila melanogaster — shakB,innexin,gene-Dmel_CR42744,lncRNA:yar,NC_004354.4,362399,367072,+,no
innexin_shakB_cross_species,cross_species,Drosophila melanogaster — shakB,innexin,gene-Dmel_CG3796,ac,NC_004354.4,370031,370947,+,no
innexin_shakB_cross_species,cross_species,Drosophila melanogaster — shakB,innexin,gene-Dmel_CR44751,lncRNA:CR44751,NC_004354.4,376987,377642,+,no
innexin_shakB_cross_species,cross_species,Drosophila melanogaster — shakB,innexin,gene-Dmel_CR44752,lncRNA:CR44752,NC_004354.4,385558,386274,+,no
innexin_shakB_cross_species,cross_species,Drosophila melanogaster — shakB,innexin,gene-Dmel_CR44753,lncRNA:CR44753,NC_004354.4,391835,393227,-,no
innexin_shakB_cross_species,cross_species,Drosophila melanogaster — shakB,innexin,gene-Dmel_CG3827,sc,NC_004354.4,396060,397497,+,yes
innexin_shakB_cross_species,cross_species,Drosophila melanogaster — shakB,innexin,gene-Dmel_CG3839,l(1)sc,NC_004354.4,409721,410817,+,no
innexin_shakB_cross_species,cross_species,Drosophila melanogaster — shakB,innexin,gene-Dmel_CG13374,Pgcl,NC_004354.4,436139,437448,-,no
innexin_shakB_cross_species,cross_species,Drosophila melanogaster — shakB,innexin,gene-Dmel_CG3258,ase,NC_004354.4,460747,463176,+,no
innexin_shakB_cross_species,cross_species,Drosophila melanogaster — shakB,innexin,gene-Dmel_CG34358,shakB,NC_004354.4,20761071,20927050,-,yes
innexin_shakB_cross_species,cross_species,Drosophila melanogaster — shakB,innexin,gene-Dmel_CR43193,lncRNA:CR43193,NC_004354.4,20864813,20865731,+,no
innexin_shakB_cross_species,cross_species,Drosophila melanogaster — shakB,innexin,gene-Dmel_CG1314,CG1314,NC_004354.4,20867989,20869397,-,no
innexin_shakB_cross_species,cross_species,Drosophila melanogaster — shakB,innexin,gene-Dmel_CG42707,I-3,NC_004354.4,20881814,20882626,-,no
innexin_shakB_cross_species,cross_species,Drosophila melanogaster — shakB,innexin,gene-Dmel_CG11227,CG11227,NC_004354.4,20930972,20933559,-,no
innexin_shakB_cross_species,cross_species,Drosophila melanogaster — shakB,innexin,gene-Dmel_CG12092,Npc1b,NC_004354.4,20934869,20939503,+,no
innexin_shakB_cross_species,cross_species,Drosophila melanogaster — shakB,innexin,gene-Dmel_CG2071,Ser6,NC_004354.4,20962605,20963505,-,no
innexin_shakB_cross_species,cross_species,Drosophila melanogaster — shakB,innexin,gene-Dmel_CG1304,CG1304,NC_004354.4,20964527,20965419,-,no
innexin_shakB_cross_species,cross_species,Drosophila melanogaster — shakB,innexin,gene-Dmel_CG44426,CG44426,NC_004354.4,20978286,20978868,+,no
innexin_shakB_cross_species,cross_species,Drosophila melanogaster — shakB,innexin,gene-Dmel_CG11666,CG11666,NC_004354.4,20984686,20985246,+,no
