family,discovery_batch,species_dir,organism,candidate_id,seqid,strand,locus_start,locus_end,exon_count,protein_length,tm_helix_count,reference_identity,reference_coverage,best_reference_hit,rank_category,rank_score,validation_flags,results_dir
innexin,innexin_discovery,Abra_alba,Abra alba,candidate_inx_002,OZ409525.1,-,26858396,26863954,1,92,1,0.0,0.0,,rejected_false_positive,-20.0,too_short;few_tm_helices;low_reference_similarity;gene_like_exons,results/innexin_discovery/Abra_alba
innexin,innexin_discovery,Adineta_vaga,Adineta vaga,candidate_inx_008,CP075497.1,-,4487824,4492525,5,207,4,0.0,0.0,,weak_manual_review,45.0,too_short;tm_helices_ok;low_reference_similarity;gene_like_exons;multiple_reference_hits,results/innexin_discovery/Adineta_vaga
innexin,innexin_discovery,Adineta_vaga,Adineta vaga,candidate_inx_028,CP075494.1,-,16744444,16745737,2,376,2,0.0,0.0,,weak_manual_review,40.0,plausible_length;few_tm_helices;low_reference_similarity;gene_like_exons;multiple_reference_hits,results/innexin_discovery/Adineta_vaga
innexin,innexin_discovery,Adineta_vaga,Adineta vaga,candidate_inx_007,CP075497.1,-,2229036,2230272,1,187,0,0.0,0.0,,rejected_false_positive,0.0,too_short;few_tm_helices;low_reference_similarity;gene_like_exons;multiple_reference_hits,results/innexin_discovery/Adineta_vaga
innexin,innexin_discovery,Adineta_vaga,Adineta vaga,candidate_inx_030,CP075494.1,+,7236436,7237689,2,172,1,0.0,0.0,,rejected_false_positive,-10.0,too_short;few_tm_helices;low_reference_similarity;gene_like_exons;multiple_reference_hits,results/innexin_discovery/Adineta_vaga
innexin,innexin_discovery,Adineta_vaga,Adineta vaga,candidate_inx_024,CP075494.1,-,12494193,12495281,1,105,0,0.0,0.0,,rejected_false_positive,-30.0,too_short;few_tm_helices;low_reference_similarity;gene_like_exons;multiple_reference_hits,results/innexin_discovery/Adineta_vaga
innexin,innexin_discovery,Adineta_vaga,Adineta vaga,candidate_inx_026,CP075494.1,-,14524606,14525948,1,133,0,0.0,0.0,,rejected_false_positive,-30.0,too_short;few_tm_helices;low_reference_similarity;gene_like_exons;multiple_reference_hits,results/innexin_discovery/Adineta_vaga
innexin,innexin_discovery,Adineta_vaga,Adineta vaga,candidate_inx_029,CP075494.1,+,7086576,7087629,1,148,0,0.0,0.0,,rejected_false_positive,-30.0,too_short;few_tm_helices;low_reference_similarity;gene_like_exons;multiple_reference_hits,results/innexin_discovery/Adineta_vaga
innexin,innexin_discovery,Adineta_vaga,Adineta vaga,candidate_inx_042,CP075496.1,-,13555630,13557222,2,139,0,0.0,0.0,,rejected_false_positive,-30.0,too_short;few_tm_helices;low_reference_similarity;gene_like_exons;multiple_reference_hits,results/innexin_discovery/Adineta_vaga
innexin,innexin_discovery,Aegaeobuthus_cyprius,Aegaeobuthus cyprius,candidate_inx_005,OZ392248.1,+,35985027,35998619,1,79,3,0.0,0.0,,weak_manual_review,15.0,too_short;tm_helices_ok;low_reference_similarity;gene_like_exons;multiple_reference_hits,results/innexin_discovery/Aegaeobuthus_cyprius
innexin,innexin_discovery,Brachionus_manjavacas,Brachionus manjavacas,candidate_inx_002,JAHQIY010000001.1,-,2920950,2979628,1,118,0,0.0,0.0,,rejected_false_positive,-25.0,too_short;few_tm_helices;low_reference_similarity;gene_like_exons;multiple_reference_hits,results/innexin_discovery/Brachionus_manjavacas
innexin,innexin_discovery,Dryodora_glandiformis,Dryodora glandiformis,candidate_inx_004,JAUELJ010298595.1,-,687,1487,1,153,1,0.0,0.0,,weak_manual_review,30.0,plausible_length;few_tm_helices;low_reference_similarity;gene_like_exons,results/innexin_discovery/Dryodora_glandiformis
innexin,innexin_discovery,Eriophyidae_sp.,Eriophyidae sp.,candidate_inx_001,CP157589.1,+,1945691,1946933,1,552,11,0.0,0.0,,high_confidence_innexin_candidate,65.0,plausible_length;tm_helices_ok;low_reference_similarity;gene_like_exons;multiple_reference_hits,results/innexin_discovery/Eriophyidae_sp.
innexin,innexin_discovery,Mnemiopsis_leidyi,Mnemiopsis leidyi,candidate_inx_001,CM108482.1,-,4815784,4816500,1,276,1,0.0,0.0,,weak_manual_review,30.0,plausible_length;few_tm_helices;low_reference_similarity;gene_like_exons,results/innexin_discovery/Mnemiopsis_leidyi
innexin,innexin_discovery,Rotaria_macrura,Rotaria macrura,candidate_inx_008,OENT01000432.1,+,54155,55294,1,132,1,0.0,0.0,,rejected_false_positive,-10.0,too_short;few_tm_helices;low_reference_similarity;gene_like_exons;multiple_reference_hits,results/innexin_discovery/Rotaria_macrura
innexin,innexin_discovery,Rotaria_macrura,Rotaria macrura,candidate_inx_006,OENT01000836.1,+,43635,45065,1,158,0,0.0,0.0,,rejected_false_positive,-30.0,too_short;few_tm_helices;low_reference_similarity;gene_like_exons;multiple_reference_hits,results/innexin_discovery/Rotaria_macrura
innexin,innexin_discovery,Rotaria_macrura,Rotaria macrura,candidate_inx_030,OENT01000266.1,-,52368,54547,2,104,0,0.0,0.0,,rejected_false_positive,-30.0,too_short;few_tm_helices;low_reference_similarity;gene_like_exons;multiple_reference_hits,results/innexin_discovery/Rotaria_macrura
connexin,connexin_evolutionary_discovery,Antrozous_pallidus,Antrozous pallidus,candidate_inx_017,CM050527.1,-,40117927,40119174,1,179,2,0.0,0.0,,high_confidence_connexin_candidate,65.0,plausible_length;tm_helices_ok;low_reference_similarity;gene_like_exons;multiple_reference_hits,results/connexin_evolutionary_discovery/Antrozous_pallidus
connexin,connexin_evolutionary_discovery,Antrozous_pallidus,Antrozous pallidus,candidate_inx_005,CM050513.1,-,11592566,11593351,1,101,4,0.0,0.0,,weak_manual_review,15.0,too_short;tm_helices_ok;low_reference_similarity;gene_like_exons;multiple_reference_hits,results/connexin_evolutionary_discovery/Antrozous_pallidus
connexin,connexin_evolutionary_discovery,Antrozous_pallidus,Antrozous pallidus,candidate_inx_015,CM050526.1,-,45544054,45544974,1,142,0,0.0,0.0,,rejected_false_positive,5.0,too_short;few_tm_helices;low_reference_similarity;gene_like_exons;multiple_reference_hits,results/connexin_evolutionary_discovery/Antrozous_pallidus
connexin,connexin_evolutionary_discovery,Antrozous_pallidus,Antrozous pallidus,candidate_inx_019,CM050508.1,+,186880309,186881846,1,141,0,0.0,0.0,,rejected_false_positive,-5.0,too_short;few_tm_helices;low_reference_similarity;gene_like_exons,results/connexin_evolutionary_discovery/Antrozous_pallidus
connexin,connexin_evolutionary_discovery,Antrozous_pallidus,Antrozous pallidus,candidate_inx_010,CM050527.1,+,40252322,40253401,1,74,1,0.0,0.0,,rejected_false_positive,-10.0,too_short;few_tm_helices;low_reference_similarity;gene_like_exons;multiple_reference_hits,results/connexin_evolutionary_discovery/Antrozous_pallidus
connexin,connexin_evolutionary_discovery,Antrozous_pallidus,Antrozous pallidus,candidate_inx_004,CM050513.1,-,11558041,11558721,1,78,0,0.0,0.0,,rejected_false_positive,-25.0,too_short;few_tm_helices;low_reference_similarity;gene_like_exons;multiple_reference_hits,results/connexin_evolutionary_discovery/Antrozous_pallidus
connexin,connexin_evolutionary_discovery,Antrozous_pallidus,Antrozous pallidus,candidate_inx_009,CM050508.1,-,190086847,190091570,2,92,0,0.0,0.0,,rejected_false_positive,-25.0,too_short;few_tm_helices;low_reference_similarity;gene_like_exons;multiple_reference_hits,results/connexin_evolutionary_discovery/Antrozous_pallidus
connexin,connexin_evolutionary_discovery,Antrozous_pallidus,Antrozous pallidus,candidate_inx_021,CM050512.1,-,84535104,84535889,1,95,0,0.0,0.0,,rejected_false_positive,-25.0,too_short;few_tm_helices;low_reference_similarity;gene_like_exons;multiple_reference_hits,results/connexin_evolutionary_discovery/Antrozous_pallidus
connexin,connexin_evolutionary_discovery,Antrozous_pallidus,Antrozous pallidus,candidate_inx_016,CM050513.1,+,13459355,13460050,1,94,0,0.0,0.0,,rejected_false_positive,-35.0,too_short;few_tm_helices;low_reference_similarity;gene_like_exons,results/connexin_evolutionary_discovery/Antrozous_pallidus
connexin,connexin_evolutionary_discovery,Babyrousa_celebensis,Babyrousa celebensis,candidate_inx_005,CM175272.1,-,744023,745265,1,185,0,0.0,0.0,,weak_manual_review,25.0,plausible_length;few_tm_helices;low_reference_similarity;gene_like_exons;multiple_reference_hits,results/connexin_evolutionary_discovery/Babyrousa_celebensis
connexin,connexin_evolutionary_discovery,Babyrousa_celebensis,Babyrousa celebensis,candidate_inx_021,CM175271.1,+,69578539,69602412,1,190,0,0.0,0.0,,weak_manual_review,25.0,plausible_length;few_tm_helices;low_reference_similarity;gene_like_exons;multiple_reference_hits,results/connexin_evolutionary_discovery/Babyrousa_celebensis
connexin,connexin_evolutionary_discovery,Babyrousa_celebensis,Babyrousa celebensis,candidate_inx_018,CM175269.1,+,75046981,75048528,1,153,0,0.0,0.0,,weak_manual_review,15.0,plausible_length;few_tm_helices;low_reference_similarity;gene_like_exons,results/connexin_evolutionary_discovery/Babyrousa_celebensis
connexin,connexin_evolutionary_discovery,Babyrousa_celebensis,Babyrousa celebensis,candidate_inx_017,CM175260.1,-,211676249,211785175,1,70,2,0.0,0.0,,rejected_false_positive,5.0,too_short;tm_helices_ok;low_reference_similarity;gene_like_exons,results/connexin_evolutionary_discovery/Babyrousa_celebensis
connexin,connexin_evolutionary_discovery,Babyrousa_celebensis,Babyrousa celebensis,candidate_inx_002,CM175260.1,+,50995196,50996344,1,95,1,0.0,0.0,,rejected_false_positive,-10.0,too_short;few_tm_helices;low_reference_similarity;gene_like_exons;multiple_reference_hits,results/connexin_evolutionary_discovery/Babyrousa_celebensis
connexin,connexin_evolutionary_discovery,Babyrousa_celebensis,Babyrousa celebensis,candidate_inx_006,CM175272.1,-,769344,770024,1,103,0,0.0,0.0,,rejected_false_positive,-25.0,too_short;few_tm_helices;low_reference_similarity;gene_like_exons;multiple_reference_hits,results/connexin_evolutionary_discovery/Babyrousa_celebensis
connexin,connexin_evolutionary_discovery,Babyrousa_celebensis,Babyrousa celebensis,candidate_inx_008,CM175269.1,-,78764843,78765844,1,78,0,0.0,0.0,,rejected_false_positive,-25.0,too_short;few_tm_helices;low_reference_similarity;gene_like_exons;multiple_reference_hits,results/connexin_evolutionary_discovery/Babyrousa_celebensis
connexin,connexin_evolutionary_discovery,Babyrousa_celebensis,Babyrousa celebensis,candidate_inx_019,CM175262.1,-,101374023,101375321,1,79,0,0.0,0.0,,rejected_false_positive,-25.0,too_short;few_tm_helices;low_reference_similarity;gene_like_exons;multiple_reference_hits,results/connexin_evolutionary_discovery/Babyrousa_celebensis
connexin,connexin_evolutionary_discovery,Bombina_variegata,Bombina variegata,candidate_inx_028,OZ123733.1,-,396264355,396324379,1,346,3,0.0,0.0,,high_confidence_connexin_candidate,65.0,plausible_length;tm_helices_ok;low_reference_similarity;gene_like_exons;multiple_reference_hits,results/connexin_evolutionary_discovery/Bombina_variegata
connexin,connexin_evolutionary_discovery,Bombina_variegata,Bombina variegata,candidate_inx_027,OZ123732.1,+,205991823,205991894,1,515,1,0.0,0.0,,weak_manual_review,30.0,plausible_length;few_tm_helices;low_reference_similarity;gene_like_exons,results/connexin_evolutionary_discovery/Bombina_variegata
connexin,connexin_evolutionary_discovery,Bombina_variegata,Bombina variegata,candidate_inx_032,CAXNTK010000154.1,+,335556,335672,1,258,1,0.0,0.0,,weak_manual_review,30.0,plausible_length;few_tm_helices;low_reference_similarity;gene_like_exons,results/connexin_evolutionary_discovery/Bombina_variegata
connexin,connexin_evolutionary_discovery,Bombina_variegata,Bombina variegata,candidate_inx_029,OZ123733.1,-,416704783,416805744,1,182,0,0.0,0.0,,weak_manual_review,25.0,plausible_length;few_tm_helices;low_reference_similarity;gene_like_exons;multiple_reference_hits,results/connexin_evolutionary_discovery/Bombina_variegata
connexin,connexin_evolutionary_discovery,Bombina_variegata,Bombina variegata,candidate_inx_004,OZ123727.1,-,229204619,229211235,1,74,4,0.0,0.0,,weak_manual_review,15.0,too_short;tm_helices_ok;low_reference_similarity;gene_like_exons;multiple_reference_hits,results/connexin_evolutionary_discovery/Bombina_variegata
connexin,connexin_evolutionary_discovery,Bombina_variegata,Bombina variegata,candidate_inx_021,OZ123730.1,+,620479002,620479754,1,94,1,0.0,0.0,,rejected_false_positive,-10.0,too_short;few_tm_helices;low_reference_similarity;gene_like_exons;multiple_reference_hits,results/connexin_evolutionary_discovery/Bombina_variegata
connexin,connexin_evolutionary_discovery,Bombina_variegata,Bombina variegata,candidate_inx_005,OZ123727.1,-,559364696,559365430,1,102,0,0.0,0.0,,rejected_false_positive,-25.0,too_short;few_tm_helices;low_reference_similarity;gene_like_exons;multiple_reference_hits,results/connexin_evolutionary_discovery/Bombina_variegata
connexin,connexin_evolutionary_discovery,Bombina_variegata,Bombina variegata,candidate_inx_030,OZ123734.1,+,14010886,14010978,1,117,0,0.0,0.0,,rejected_false_positive,-35.0,too_short;few_tm_helices;low_reference_similarity;gene_like_exons,results/connexin_evolutionary_discovery/Bombina_variegata
connexin,connexin_evolutionary_discovery,Boulenophrys_sangzhiensis,Boulenophrys sangzhiensis,candidate_inx_004,CM150592.1,+,28733958,28735055,1,99,3,0.0,0.0,,weak_manual_review,15.0,too_short;tm_helices_ok;low_reference_similarity;gene_like_exons;multiple_reference_hits,results/connexin_evolutionary_discovery/Boulenophrys_sangzhiensis
connexin,connexin_evolutionary_discovery,Boulenophrys_sangzhiensis,Boulenophrys sangzhiensis,candidate_inx_003,CM150594.1,-,260801599,260804293,1,70,0,0.0,0.0,,rejected_false_positive,-25.0,too_short;few_tm_helices;low_reference_similarity;gene_like_exons;multiple_reference_hits,results/connexin_evolutionary_discovery/Boulenophrys_sangzhiensis
connexin,connexin_evolutionary_discovery,Boulenophrys_sangzhiensis,Boulenophrys sangzhiensis,candidate_inx_005,CM150592.1,+,197128070,197129125,1,84,0,0.0,0.0,,rejected_false_positive,-25.0,too_short;few_tm_helices;low_reference_similarity;gene_like_exons;multiple_reference_hits,results/connexin_evolutionary_discovery/Boulenophrys_sangzhiensis
connexin,connexin_evolutionary_discovery,Boulenophrys_sangzhiensis,Boulenophrys sangzhiensis,candidate_inx_017,CM150602.1,-,25935076,25936254,1,76,0,0.0,0.0,,rejected_false_positive,-25.0,too_short;few_tm_helices;low_reference_similarity;gene_like_exons;multiple_reference_hits,results/connexin_evolutionary_discovery/Boulenophrys_sangzhiensis
connexin,connexin_evolutionary_discovery,Boulenophrys_sangzhiensis,Boulenophrys sangzhiensis,candidate_inx_020,CM150595.1,-,277063826,277065052,1,71,0,0.0,0.0,,rejected_false_positive,-25.0,too_short;few_tm_helices;low_reference_similarity;gene_like_exons;multiple_reference_hits,results/connexin_evolutionary_discovery/Boulenophrys_sangzhiensis
connexin,connexin_evolutionary_discovery,Boulenophrys_sangzhiensis,Boulenophrys sangzhiensis,candidate_inx_011,CM150592.1,-,191728187,191729167,1,71,0,0.0,0.0,,rejected_false_positive,-35.0,too_short;few_tm_helices;low_reference_similarity;gene_like_exons,results/connexin_evolutionary_discovery/Boulenophrys_sangzhiensis
connexin,connexin_evolutionary_discovery,Boulenophrys_sangzhiensis,Boulenophrys sangzhiensis,candidate_inx_022,CM150591.1,+,210890088,210994573,1,100,0,0.0,0.0,,rejected_false_positive,-35.0,too_short;few_tm_helices;low_reference_similarity;gene_like_exons,results/connexin_evolutionary_discovery/Boulenophrys_sangzhiensis
connexin,connexin_evolutionary_discovery,Bufotes_viridis,Bufotes viridis,candidate_inx_010,CM065591.1,+,467841503,467842246,1,120,1,0.0,0.0,,weak_manual_review,20.0,too_short;few_tm_helices;low_reference_similarity;gene_like_exons;multiple_reference_hits,results/connexin_evolutionary_discovery/Bufotes_viridis
connexin,connexin_evolutionary_discovery,Bufotes_viridis,Bufotes viridis,candidate_inx_001,CM065592.1,+,216872250,216873863,1,83,5,0.0,0.0,,weak_manual_review,15.0,too_short;tm_helices_ok;low_reference_similarity;gene_like_exons;multiple_reference_hits,results/connexin_evolutionary_discovery/Bufotes_viridis
connexin,connexin_evolutionary_discovery,Bufotes_viridis,Bufotes viridis,candidate_inx_004,CM065594.1,+,52348530,52349273,1,77,1,0.0,0.0,,rejected_false_positive,-10.0,too_short;few_tm_helices;low_reference_similarity;gene_like_exons;multiple_reference_hits,results/connexin_evolutionary_discovery/Bufotes_viridis
connexin,connexin_evolutionary_discovery,Bufotes_viridis,Bufotes viridis,candidate_inx_022,CM065597.1,-,86120937,86121731,1,93,0,0.0,0.0,,rejected_false_positive,-25.0,too_short;few_tm_helices;low_reference_similarity;gene_like_exons;multiple_reference_hits,results/connexin_evolutionary_discovery/Bufotes_viridis
connexin,connexin_evolutionary_discovery,Bufotes_viridis,Bufotes viridis,candidate_inx_012,CM065591.1,+,468486887,468487561,1,93,0,0.0,0.0,,rejected_false_positive,-35.0,too_short;few_tm_helices;low_reference_similarity;gene_like_exons,results/connexin_evolutionary_discovery/Bufotes_viridis
connexin,connexin_evolutionary_discovery,Butorides_sundevalli,Butorides sundevalli,candidate_inx_017,CM174258.1,+,18158664,18218719,1,329,2,0.0,0.0,,high_confidence_connexin_candidate,65.0,plausible_length;tm_helices_ok;low_reference_similarity;gene_like_exons;multiple_reference_hits,results/connexin_evolutionary_discovery/Butorides_sundevalli
connexin,connexin_evolutionary_discovery,Butorides_sundevalli,Butorides sundevalli,candidate_inx_011,CM174255.1,-,13003035,13003871,1,511,1,0.0,0.0,,possible_connexin_candidate,40.0,plausible_length;few_tm_helices;low_reference_similarity;gene_like_exons;multiple_reference_hits,results/connexin_evolutionary_discovery/Butorides_sundevalli
connexin,connexin_evolutionary_discovery,Butorides_sundevalli,Butorides sundevalli,candidate_inx_008,CM174254.1,+,25467495,25468301,1,177,0,0.0,0.0,,weak_manual_review,25.0,plausible_length;few_tm_helices;low_reference_similarity;gene_like_exons;multiple_reference_hits,results/connexin_evolutionary_discovery/Butorides_sundevalli
connexin,connexin_evolutionary_discovery,Butorides_sundevalli,Butorides sundevalli,candidate_inx_009,CM174254.1,+,25476717,25482579,2,184,0,0.0,0.0,,weak_manual_review,25.0,plausible_length;few_tm_helices;low_reference_similarity;gene_like_exons;multiple_reference_hits,results/connexin_evolutionary_discovery/Butorides_sundevalli
connexin,connexin_evolutionary_discovery,Butorides_sundevalli,Butorides sundevalli,candidate_inx_018,CM174245.1,+,153481125,153485517,1,95,2,0.0,0.0,,weak_manual_review,15.0,too_short;tm_helices_ok;low_reference_similarity;gene_like_exons;multiple_reference_hits,results/connexin_evolutionary_discovery/Butorides_sundevalli
connexin,connexin_evolutionary_discovery,Butorides_sundevalli,Butorides sundevalli,candidate_inx_010,CM174244.1,+,115033968,115035095,1,129,0,0.0,0.0,,rejected_false_positive,5.0,too_short;few_tm_helices;low_reference_similarity;gene_like_exons;multiple_reference_hits,results/connexin_evolutionary_discovery/Butorides_sundevalli
connexin,connexin_evolutionary_discovery,Butorides_sundevalli,Butorides sundevalli,candidate_inx_019,CM174274.1,-,54180860,54230656,1,109,3,0.0,0.0,,rejected_false_positive,5.0,too_short;tm_helices_ok;low_reference_similarity;gene_like_exons,results/connexin_evolutionary_discovery/Butorides_sundevalli
connexin,connexin_evolutionary_discovery,Butorides_sundevalli,Butorides sundevalli,candidate_inx_014,CM174248.1,-,18855719,18856894,1,98,0,0.0,0.0,,rejected_false_positive,-25.0,too_short;few_tm_helices;low_reference_similarity;gene_like_exons;multiple_reference_hits,results/connexin_evolutionary_discovery/Butorides_sundevalli
connexin,connexin_evolutionary_discovery,Carcharias_taurus,Carcharias taurus,candidate_inx_006,CM144539.1,+,109193278,109193973,1,89,5,0.0,0.0,,weak_manual_review,15.0,too_short;tm_helices_ok;low_reference_similarity;gene_like_exons;multiple_reference_hits,results/connexin_evolutionary_discovery/Carcharias_taurus
connexin,connexin_evolutionary_discovery,Carcharias_taurus,Carcharias taurus,candidate_inx_013,CM144560.1,+,51802835,51808559,1,70,1,0.0,0.0,,rejected_false_positive,-10.0,too_short;few_tm_helices;low_reference_similarity;gene_like_exons;multiple_reference_hits,results/connexin_evolutionary_discovery/Carcharias_taurus
connexin,connexin_evolutionary_discovery,Carcharias_taurus,Carcharias taurus,candidate_inx_008,CM144539.1,+,109427605,109428249,1,88,0,0.0,0.0,,rejected_false_positive,-25.0,too_short;few_tm_helices;low_reference_similarity;gene_like_exons;multiple_reference_hits,results/connexin_evolutionary_discovery/Carcharias_taurus
connexin,connexin_evolutionary_discovery,Carcharias_taurus,Carcharias taurus,candidate_inx_015,CM144548.1,-,9758421,9759518,1,101,0,0.0,0.0,,rejected_false_positive,-25.0,too_short;few_tm_helices;low_reference_similarity;gene_like_exons;multiple_reference_hits,results/connexin_evolutionary_discovery/Carcharias_taurus
connexin,connexin_evolutionary_discovery,Carcharias_taurus,Carcharias taurus,candidate_inx_017,CM144541.1,-,69486100,69486768,1,87,0,0.0,0.0,,rejected_false_positive,-35.0,too_short;few_tm_helices;low_reference_similarity;gene_like_exons,results/connexin_evolutionary_discovery/Carcharias_taurus
connexin,connexin_evolutionary_discovery,Carcharias_taurus,Carcharias taurus,candidate_inx_022,CM144540.1,-,184707871,184865944,1,92,0,0.0,0.0,,rejected_false_positive,-35.0,too_short;few_tm_helices;low_reference_similarity;gene_like_exons,results/connexin_evolutionary_discovery/Carcharias_taurus
connexin,connexin_evolutionary_discovery,Cecropis_daurica,Cecropis daurica,candidate_inx_015,CM170960.1,-,6091519,6093048,1,341,1,0.0,0.0,,weak_manual_review,30.0,plausible_length;few_tm_helices;low_reference_similarity;gene_like_exons,results/connexin_evolutionary_discovery/Cecropis_daurica
connexin,connexin_evolutionary_discovery,Cecropis_daurica,Cecropis daurica,candidate_inx_007,CM170956.1,-,4334239,4335078,1,372,0,0.0,0.0,,weak_manual_review,25.0,plausible_length;few_tm_helices;low_reference_similarity;gene_like_exons;multiple_reference_hits,results/connexin_evolutionary_discovery/Cecropis_daurica
connexin,connexin_evolutionary_discovery,Cecropis_daurica,Cecropis daurica,candidate_inx_008,CM170941.1,-,30313024,30314562,1,115,2,0.0,0.0,,weak_manual_review,15.0,too_short;tm_helices_ok;low_reference_similarity;gene_like_exons;multiple_reference_hits,results/connexin_evolutionary_discovery/Cecropis_daurica
connexin,connexin_evolutionary_discovery,Cecropis_daurica,Cecropis daurica,candidate_inx_006,CM170960.1,+,4742161,4754119,3,144,0,0.0,0.0,,rejected_false_positive,5.0,too_short;few_tm_helices;low_reference_similarity;gene_like_exons;multiple_reference_hits,results/connexin_evolutionary_discovery/Cecropis_daurica
connexin,connexin_evolutionary_discovery,Cecropis_daurica,Cecropis daurica,candidate_inx_003,CM170938.1,-,5419735,5420844,1,119,1,0.0,0.0,,rejected_false_positive,-10.0,too_short;few_tm_helices;low_reference_similarity;gene_like_exons;multiple_reference_hits,results/connexin_evolutionary_discovery/Cecropis_daurica
connexin,connexin_evolutionary_discovery,Cecropis_daurica,Cecropis daurica,candidate_inx_002,CM170937.1,-,80446459,80447820,1,86,0,0.0,0.0,,rejected_false_positive,-25.0,too_short;few_tm_helices;low_reference_similarity;gene_like_exons;multiple_reference_hits,results/connexin_evolutionary_discovery/Cecropis_daurica
connexin,connexin_evolutionary_discovery,Cecropis_daurica,Cecropis daurica,candidate_inx_009,CM170963.1,+,1552543,1553724,1,101,0,0.0,0.0,,rejected_false_positive,-25.0,too_short;few_tm_helices;low_reference_similarity;gene_like_exons;multiple_reference_hits,results/connexin_evolutionary_discovery/Cecropis_daurica
connexin,connexin_evolutionary_discovery,Cecropis_daurica,Cecropis daurica,candidate_inx_010,CM170963.1,+,3635938,3657784,1,95,0,0.0,0.0,,rejected_false_positive,-25.0,too_short;few_tm_helices;low_reference_similarity;gene_like_exons;multiple_reference_hits,results/connexin_evolutionary_discovery/Cecropis_daurica
connexin,connexin_evolutionary_discovery,Cecropis_daurica,Cecropis daurica,candidate_inx_016,CM170936.1,-,155230026,155231273,1,116,0,0.0,0.0,,rejected_false_positive,-25.0,too_short;few_tm_helices;low_reference_similarity;gene_like_exons;multiple_reference_hits,results/connexin_evolutionary_discovery/Cecropis_daurica
connexin,connexin_evolutionary_discovery,Cecropis_daurica,Cecropis daurica,candidate_inx_013,CM170942.1,-,16276292,16277455,1,97,0,0.0,0.0,,rejected_false_positive,-35.0,too_short;few_tm_helices;low_reference_similarity;gene_like_exons,results/connexin_evolutionary_discovery/Cecropis_daurica
connexin,connexin_evolutionary_discovery,Ceratotherium_simum_simum,Ceratotherium simum simum,candidate_inx_009,NW_004454160.1,+,532247,533323,1,139,1,0.0,0.0,,weak_manual_review,20.0,too_short;few_tm_helices;low_reference_similarity;gene_like_exons;multiple_reference_hits,results/connexin_evolutionary_discovery/Ceratotherium_simum_simum
connexin,connexin_evolutionary_discovery,Ceratotherium_simum_simum,Ceratotherium simum simum,candidate_inx_001,NW_004454162.1,+,14547890,14549522,1,79,3,0.0,0.0,,weak_manual_review,15.0,too_short;tm_helices_ok;low_reference_similarity;gene_like_exons;multiple_reference_hits,results/connexin_evolutionary_discovery/Ceratotherium_simum_simum
connexin,connexin_evolutionary_discovery,Ceratotherium_simum_simum,Ceratotherium simum simum,candidate_inx_007,NW_004454172.1,+,27520640,27521455,1,75,1,0.0,0.0,,rejected_false_positive,-10.0,too_short;few_tm_helices;low_reference_similarity;gene_like_exons;multiple_reference_hits,results/connexin_evolutionary_discovery/Ceratotherium_simum_simum
connexin,connexin_evolutionary_discovery,Ceratotherium_simum_simum,Ceratotherium simum simum,candidate_inx_003,NW_004454208.1,-,1153568,1154890,1,98,0,0.0,0.0,,rejected_false_positive,-25.0,too_short;few_tm_helices;low_reference_similarity;gene_like_exons;multiple_reference_hits,results/connexin_evolutionary_discovery/Ceratotherium_simum_simum
connexin,connexin_evolutionary_discovery,Ceratotherium_simum_simum,Ceratotherium simum simum,candidate_inx_004,NW_004454208.1,-,1196418,1197098,1,74,0,0.0,0.0,,rejected_false_positive,-25.0,too_short;few_tm_helices;low_reference_similarity;gene_like_exons;multiple_reference_hits,results/connexin_evolutionary_discovery/Ceratotherium_simum_simum
connexin,connexin_evolutionary_discovery,Ceratotherium_simum_simum,Ceratotherium simum simum,candidate_inx_006,NW_004454172.1,+,27494488,27499384,2,91,0,0.0,0.0,,rejected_false_positive,-25.0,too_short;few_tm_helices;low_reference_similarity;gene_like_exons;multiple_reference_hits,results/connexin_evolutionary_discovery/Ceratotherium_simum_simum
connexin,connexin_evolutionary_discovery,Correlophus_ciliatus,Correlophus ciliatus,candidate_inx_008,CM173125.1,+,22740624,22741430,1,73,2,0.0,0.0,,weak_manual_review,15.0,too_short;tm_helices_ok;low_reference_similarity;gene_like_exons;multiple_reference_hits,results/connexin_evolutionary_discovery/Correlophus_ciliatus
connexin,connexin_evolutionary_discovery,Correlophus_ciliatus,Correlophus ciliatus,candidate_inx_019,CM173114.1,+,70854525,70909342,1,133,0,0.0,0.0,,rejected_false_positive,-5.0,too_short;few_tm_helices;low_reference_similarity;gene_like_exons,results/connexin_evolutionary_discovery/Correlophus_ciliatus
connexin,connexin_evolutionary_discovery,Correlophus_ciliatus,Correlophus ciliatus,candidate_inx_007,CM173125.1,+,22680042,22680821,1,91,1,0.0,0.0,,rejected_false_positive,-10.0,too_short;few_tm_helices;low_reference_similarity;gene_like_exons;multiple_reference_hits,results/connexin_evolutionary_discovery/Correlophus_ciliatus
connexin,connexin_evolutionary_discovery,Correlophus_ciliatus,Correlophus ciliatus,candidate_inx_009,CM173125.1,+,22764896,22765951,1,73,0,0.0,0.0,,rejected_false_positive,-25.0,too_short;few_tm_helices;low_reference_similarity;gene_like_exons;multiple_reference_hits,results/connexin_evolutionary_discovery/Correlophus_ciliatus
connexin,connexin_evolutionary_discovery,Desmognathus_fuscus,Desmognathus fuscus,candidate_inx_009,CM113871.1,+,648576683,648689546,1,366,2,0.0,0.0,,high_confidence_connexin_candidate,65.0,plausible_length;tm_helices_ok;low_reference_similarity;gene_like_exons;multiple_reference_hits,results/connexin_evolutionary_discovery/Desmognathus_fuscus
connexin,connexin_evolutionary_discovery,Desmognathus_fuscus,Desmognathus fuscus,candidate_inx_038,JBBULT010004612.1,-,2432266,2432367,1,237,2,0.0,0.0,,high_confidence_connexin_candidate,65.0,plausible_length;tm_helices_ok;low_reference_similarity;gene_like_exons;multiple_reference_hits,results/connexin_evolutionary_discovery/Desmognathus_fuscus
connexin,connexin_evolutionary_discovery,Desmognathus_fuscus,Desmognathus fuscus,candidate_inx_125,JBBULT010011602.1,-,965235,966032,1,171,10,0.0,0.0,,high_confidence_connexin_candidate,65.0,plausible_length;tm_helices_ok;low_reference_similarity;gene_like_exons;multiple_reference_hits,results/connexin_evolutionary_discovery/Desmognathus_fuscus
connexin,connexin_evolutionary_discovery,Desmognathus_fuscus,Desmognathus fuscus,candidate_inx_042,JBBULT010000027.1,-,2655469,2655588,1,167,11,0.0,0.0,,possible_connexin_candidate,55.0,plausible_length;tm_helices_ok;low_reference_similarity;gene_like_exons,results/connexin_evolutionary_discovery/Desmognathus_fuscus
connexin,connexin_evolutionary_discovery,Desmognathus_fuscus,Desmognathus fuscus,candidate_inx_094,JBBULT010000422.1,-,234871,249320,1,306,5,0.0,0.0,,possible_connexin_candidate,55.0,plausible_length;tm_helices_ok;low_reference_similarity;gene_like_exons,results/connexin_evolutionary_discovery/Desmognathus_fuscus
connexin,connexin_evolutionary_discovery,Desmognathus_fuscus,Desmognathus fuscus,candidate_inx_150,JBBULT010005048.1,+,900968,901156,1,534,6,0.0,0.0,,possible_connexin_candidate,55.0,plausible_length;tm_helices_ok;low_reference_similarity;gene_like_exons,results/connexin_evolutionary_discovery/Desmognathus_fuscus
connexin,connexin_evolutionary_discovery,Desmognathus_fuscus,Desmognathus fuscus,candidate_inx_173,JBBULT010003247.1,-,626761,626832,1,236,2,0.0,0.0,,possible_connexin_candidate,55.0,plausible_length;tm_helices_ok;low_reference_similarity;gene_like_exons,results/connexin_evolutionary_discovery/Desmognathus_fuscus
connexin,connexin_evolutionary_discovery,Desmognathus_fuscus,Desmognathus fuscus,candidate_inx_184,JBBULT010000383.1,-,164661,164729,1,311,2,0.0,0.0,,possible_connexin_candidate,55.0,plausible_length;tm_helices_ok;low_reference_similarity;gene_like_exons,results/connexin_evolutionary_discovery/Desmognathus_fuscus
connexin,connexin_evolutionary_discovery,Desmognathus_fuscus,Desmognathus fuscus,candidate_inx_190,JBBULT010002709.1,-,335758,335853,1,179,3,0.0,0.0,,possible_connexin_candidate,55.0,plausible_length;tm_helices_ok;low_reference_similarity;gene_like_exons,results/connexin_evolutionary_discovery/Desmognathus_fuscus
connexin,connexin_evolutionary_discovery,Desmognathus_fuscus,Desmognathus fuscus,candidate_inx_191,JBBULT010002709.1,-,350738,350833,1,179,3,0.0,0.0,,possible_connexin_candidate,55.0,plausible_length;tm_helices_ok;low_reference_similarity;gene_like_exons,results/connexin_evolutionary_discovery/Desmognathus_fuscus
connexin,connexin_evolutionary_discovery,Desmognathus_fuscus,Desmognathus fuscus,candidate_inx_219,JBBULT010003732.1,+,70791,70898,1,155,7,0.0,0.0,,possible_connexin_candidate,55.0,plausible_length;tm_helices_ok;low_reference_similarity;gene_like_exons,results/connexin_evolutionary_discovery/Desmognathus_fuscus
connexin,connexin_evolutionary_discovery,Desmognathus_fuscus,Desmognathus fuscus,candidate_inx_228,JBBULT010008095.1,+,520356,520496,1,717,7,0.0,0.0,,possible_connexin_candidate,55.0,plausible_length;tm_helices_ok;low_reference_similarity;gene_like_exons,results/connexin_evolutionary_discovery/Desmognathus_fuscus
connexin,connexin_evolutionary_discovery,Desmognathus_fuscus,Desmognathus fuscus,candidate_inx_241,JBBULT010003977.1,+,492721,492850,1,291,4,0.0,0.0,,possible_connexin_candidate,55.0,plausible_length;tm_helices_ok;low_reference_similarity;gene_like_exons,results/connexin_evolutionary_discovery/Desmognathus_fuscus
connexin,connexin_evolutionary_discovery,Desmognathus_fuscus,Desmognathus fuscus,candidate_inx_058,JBBULT010007085.1,+,833039,833221,1,138,3,0.0,0.0,,weak_manual_review,45.0,too_short;tm_helices_ok;low_reference_similarity;gene_like_exons;multiple_reference_hits,results/connexin_evolutionary_discovery/Desmognathus_fuscus
connexin,connexin_evolutionary_discovery,Desmognathus_fuscus,Desmognathus fuscus,candidate_inx_050,JBBULT010007286.1,+,596107,650418,1,322,1,0.0,0.0,,possible_connexin_candidate,40.0,plausible_length;few_tm_helices;low_reference_similarity;gene_like_exons;multiple_reference_hits,results/connexin_evolutionary_discovery/Desmognathus_fuscus
connexin,connexin_evolutionary_discovery,Desmognathus_fuscus,Desmognathus fuscus,candidate_inx_113,JBBULT010008250.1,+,587517,681672,1,191,1,0.0,0.0,,possible_connexin_candidate,40.0,plausible_length;few_tm_helices;low_reference_similarity;gene_like_exons;multiple_reference_hits,results/connexin_evolutionary_discovery/Desmognathus_fuscus
connexin,connexin_evolutionary_discovery,Desmognathus_fuscus,Desmognathus fuscus,candidate_inx_129,JBBULT010009279.1,-,659110,659238,1,173,1,0.0,0.0,,weak_manual_review,30.0,plausible_length;few_tm_helices;low_reference_similarity;gene_like_exons,results/connexin_evolutionary_discovery/Desmognathus_fuscus
connexin,connexin_evolutionary_discovery,Desmognathus_fuscus,Desmognathus fuscus,candidate_inx_203,JBBULT010004869.1,-,544035,544195,1,178,1,0.0,0.0,,weak_manual_review,30.0,plausible_length;few_tm_helices;low_reference_similarity;gene_like_exons,results/connexin_evolutionary_discovery/Desmognathus_fuscus
connexin,connexin_evolutionary_discovery,Desmognathus_fuscus,Desmognathus fuscus,candidate_inx_115,JBBULT010006807.1,+,258089,340800,1,287,0,0.0,0.0,,weak_manual_review,25.0,plausible_length;few_tm_helices;low_reference_similarity;gene_like_exons;complete_orf,results/connexin_evolutionary_discovery/Desmognathus_fuscus
connexin,connexin_evolutionary_discovery,Desmognathus_fuscus,Desmognathus fuscus,candidate_inx_202,JBBULT010005750.1,+,409999,410091,1,163,0,0.0,0.0,,weak_manual_review,25.0,plausible_length;few_tm_helices;low_reference_similarity;gene_like_exons;complete_orf,results/connexin_evolutionary_discovery/Desmognathus_fuscus
connexin,connexin_evolutionary_discovery,Desmognathus_fuscus,Desmognathus fuscus,candidate_inx_002,CM113870.1,-,556384776,556403302,1,70,3,0.0,0.0,,weak_manual_review,15.0,too_short;tm_helices_ok;low_reference_similarity;gene_like_exons;multiple_reference_hits,results/connexin_evolutionary_discovery/Desmognathus_fuscus
connexin,connexin_evolutionary_discovery,Desmognathus_fuscus,Desmognathus fuscus,candidate_inx_018,CM113875.1,+,208166704,208263502,1,78,3,0.0,0.0,,weak_manual_review,15.0,too_short;tm_helices_ok;low_reference_similarity;gene_like_exons;multiple_reference_hits,results/connexin_evolutionary_discovery/Desmognathus_fuscus
connexin,connexin_evolutionary_discovery,Desmognathus_fuscus,Desmognathus fuscus,candidate_inx_029,JBBULT010000963.1,-,2293211,2388697,1,163,0,0.0,0.0,,weak_manual_review,15.0,plausible_length;few_tm_helices;low_reference_similarity;gene_like_exons,results/connexin_evolutionary_discovery/Desmognathus_fuscus
connexin,connexin_evolutionary_discovery,Desmognathus_fuscus,Desmognathus fuscus,candidate_inx_167,JBBULT010005168.1,-,753068,753244,1,193,0,0.0,0.0,,weak_manual_review,15.0,plausible_length;few_tm_helices;low_reference_similarity;gene_like_exons,results/connexin_evolutionary_discovery/Desmognathus_fuscus
connexin,connexin_evolutionary_discovery,Desmognathus_fuscus,Desmognathus fuscus,candidate_inx_189,JBBULT010001189.1,-,436614,436721,1,237,0,0.0,0.0,,weak_manual_review,15.0,plausible_length;few_tm_helices;low_reference_similarity;gene_like_exons,results/connexin_evolutionary_discovery/Desmognathus_fuscus
connexin,connexin_evolutionary_discovery,Desmognathus_fuscus,Desmognathus fuscus,candidate_inx_212,JBBULT010006966.1,+,26066,59148,1,261,0,0.0,0.0,,weak_manual_review,15.0,plausible_length;few_tm_helices;low_reference_similarity;gene_like_exons,results/connexin_evolutionary_discovery/Desmognathus_fuscus
connexin,connexin_evolutionary_discovery,Desmognathus_fuscus,Desmognathus fuscus,candidate_inx_235,JBBULT010004232.1,-,73567,73662,1,151,0,0.0,0.0,,weak_manual_review,15.0,plausible_length;few_tm_helices;low_reference_similarity;gene_like_exons,results/connexin_evolutionary_discovery/Desmognathus_fuscus
connexin,connexin_evolutionary_discovery,Desmognathus_fuscus,Desmognathus fuscus,candidate_inx_193,JBBULT010001977.1,-,66291,140550,1,138,1,0.0,0.0,,rejected_false_positive,10.0,too_short;few_tm_helices;low_reference_similarity;gene_like_exons,results/connexin_evolutionary_discovery/Desmognathus_fuscus
connexin,connexin_evolutionary_discovery,Desmognathus_fuscus,Desmognathus fuscus,candidate_inx_207,JBBULT010001599.1,-,275921,276031,1,136,1,0.0,0.0,,rejected_false_positive,10.0,too_short;few_tm_helices;low_reference_similarity;gene_like_exons,results/connexin_evolutionary_discovery/Desmognathus_fuscus
connexin,connexin_evolutionary_discovery,Desmognathus_fuscus,Desmognathus fuscus,candidate_inx_052,JBBULT010003490.1,+,1963474,2052861,1,73,2,0.0,0.0,,rejected_false_positive,5.0,too_short;tm_helices_ok;low_reference_similarity;gene_like_exons,results/connexin_evolutionary_discovery/Desmognathus_fuscus
connexin,connexin_evolutionary_discovery,Desmognathus_fuscus,Desmognathus fuscus,candidate_inx_054,JBBULT010001235.1,+,379483,379620,1,136,0,0.0,0.0,,rejected_false_positive,5.0,too_short;few_tm_helices;low_reference_similarity;gene_like_exons;multiple_reference_hits,results/connexin_evolutionary_discovery/Desmognathus_fuscus
connexin,connexin_evolutionary_discovery,Desmognathus_fuscus,Desmognathus fuscus,candidate_inx_062,JBBULT010005749.1,-,21807,23376,1,87,2,0.0,0.0,,rejected_false_positive,5.0,too_short;tm_helices_ok;low_reference_similarity;gene_like_exons,results/connexin_evolutionary_discovery/Desmognathus_fuscus
connexin,connexin_evolutionary_discovery,Desmognathus_fuscus,Desmognathus fuscus,candidate_inx_073,JBBULT010015006.1,-,1380082,1380261,1,74,5,0.0,0.0,,rejected_false_positive,5.0,too_short;tm_helices_ok;low_reference_similarity;gene_like_exons,results/connexin_evolutionary_discovery/Desmognathus_fuscus
connexin,connexin_evolutionary_discovery,Desmognathus_fuscus,Desmognathus fuscus,candidate_inx_075,JBBULT010002840.1,+,801062,801160,1,84,2,0.0,0.0,,rejected_false_positive,5.0,too_short;tm_helices_ok;low_reference_similarity;gene_like_exons,results/connexin_evolutionary_discovery/Desmognathus_fuscus
connexin,connexin_evolutionary_discovery,Desmognathus_fuscus,Desmognathus fuscus,candidate_inx_095,JBBULT010001857.1,+,1225727,1225856,1,101,3,0.0,0.0,,rejected_false_positive,5.0,too_short;tm_helices_ok;low_reference_similarity;gene_like_exons,results/connexin_evolutionary_discovery/Desmognathus_fuscus
connexin,connexin_evolutionary_discovery,Desmognathus_fuscus,Desmognathus fuscus,candidate_inx_101,JBBULT010002796.1,+,1251687,1251827,1,119,3,0.0,0.0,,rejected_false_positive,5.0,too_short;tm_helices_ok;low_reference_similarity;gene_like_exons,results/connexin_evolutionary_discovery/Desmognathus_fuscus
connexin,connexin_evolutionary_discovery,Desmognathus_fuscus,Desmognathus fuscus,candidate_inx_109,JBBULT010006252.1,-,1054221,1054355,1,92,2,0.0,0.0,,rejected_false_positive,5.0,too_short;tm_helices_ok;low_reference_similarity;gene_like_exons,results/connexin_evolutionary_discovery/Desmognathus_fuscus
connexin,connexin_evolutionary_discovery,Desmognathus_fuscus,Desmognathus fuscus,candidate_inx_142,JBBULT010009739.1,+,243769,243858,1,96,2,0.0,0.0,,rejected_false_positive,5.0,too_short;tm_helices_ok;low_reference_similarity;gene_like_exons,results/connexin_evolutionary_discovery/Desmognathus_fuscus
connexin,connexin_evolutionary_discovery,Desmognathus_fuscus,Desmognathus fuscus,candidate_inx_148,JBBULT010009751.1,-,803302,803445,1,115,3,0.0,0.0,,rejected_false_positive,5.0,too_short;tm_helices_ok;low_reference_similarity;gene_like_exons,results/connexin_evolutionary_discovery/Desmognathus_fuscus
connexin,connexin_evolutionary_discovery,Desmognathus_fuscus,Desmognathus fuscus,candidate_inx_178,JBBULT010003013.1,-,315566,315640,1,105,3,0.0,0.0,,rejected_false_positive,5.0,too_short;tm_helices_ok;low_reference_similarity;gene_like_exons,results/connexin_evolutionary_discovery/Desmognathus_fuscus
connexin,connexin_evolutionary_discovery,Desmognathus_fuscus,Desmognathus fuscus,candidate_inx_204,JBBULT010000358.1,+,275681,275782,1,72,2,0.0,0.0,,rejected_false_positive,5.0,too_short;tm_helices_ok;low_reference_similarity;gene_like_exons,results/connexin_evolutionary_discovery/Desmognathus_fuscus
connexin,connexin_evolutionary_discovery,Desmognathus_fuscus,Desmognathus fuscus,candidate_inx_210,JBBULT010011021.1,+,182669,205025,1,102,7,0.0,0.0,,rejected_false_positive,5.0,too_short;tm_helices_ok;low_reference_similarity;gene_like_exons,results/connexin_evolutionary_discovery/Desmognathus_fuscus
connexin,connexin_evolutionary_discovery,Desmognathus_fuscus,Desmognathus fuscus,candidate_inx_028,JBBULT010000864.1,+,350735,425826,1,148,0,0.0,0.0,,rejected_false_positive,-5.0,too_short;few_tm_helices;low_reference_similarity;gene_like_exons,results/connexin_evolutionary_discovery/Desmognathus_fuscus
connexin,connexin_evolutionary_discovery,Desmognathus_fuscus,Desmognathus fuscus,candidate_inx_105,JBBULT010011252.1,-,1206824,1268149,1,133,0,0.0,0.0,,rejected_false_positive,-5.0,too_short;few_tm_helices;low_reference_similarity;gene_like_exons,results/connexin_evolutionary_discovery/Desmognathus_fuscus
connexin,connexin_evolutionary_discovery,Desmognathus_fuscus,Desmognathus fuscus,candidate_inx_118,JBBULT010009828.1,-,458189,458320,1,122,0,0.0,0.0,,rejected_false_positive,-5.0,too_short;few_tm_helices;low_reference_similarity;gene_like_exons,results/connexin_evolutionary_discovery/Desmognathus_fuscus
connexin,connexin_evolutionary_discovery,Desmognathus_fuscus,Desmognathus fuscus,candidate_inx_223,JBBULT010013328.1,-,326898,327065,1,123,0,0.0,0.0,,rejected_false_positive,-5.0,too_short;few_tm_helices;low_reference_similarity;gene_like_exons,results/connexin_evolutionary_discovery/Desmognathus_fuscus
connexin,connexin_evolutionary_discovery,Desmognathus_fuscus,Desmognathus fuscus,candidate_inx_025,JBBULT010012990.1,-,2393493,2402223,1,108,1,0.0,0.0,,rejected_false_positive,-20.0,too_short;few_tm_helices;low_reference_similarity;gene_like_exons,results/connexin_evolutionary_discovery/Desmognathus_fuscus
connexin,connexin_evolutionary_discovery,Desmognathus_fuscus,Desmognathus fuscus,candidate_inx_053,JBBULT010001967.1,-,2699502,2699582,1,88,1,0.0,0.0,,rejected_false_positive,-20.0,too_short;few_tm_helices;low_reference_similarity;gene_like_exons,results/connexin_evolutionary_discovery/Desmognathus_fuscus
connexin,connexin_evolutionary_discovery,Desmognathus_fuscus,Desmognathus fuscus,candidate_inx_056,JBBULT010002008.1,-,1018767,1018880,1,98,1,0.0,0.0,,rejected_false_positive,-20.0,too_short;few_tm_helices;low_reference_similarity;gene_like_exons,results/connexin_evolutionary_discovery/Desmognathus_fuscus
connexin,connexin_evolutionary_discovery,Desmognathus_fuscus,Desmognathus fuscus,candidate_inx_071,JBBULT010000721.1,+,2045661,2045897,1,98,1,0.0,0.0,,rejected_false_positive,-20.0,too_short;few_tm_helices;low_reference_similarity;gene_like_exons,results/connexin_evolutionary_discovery/Desmognathus_fuscus
connexin,connexin_evolutionary_discovery,Desmognathus_fuscus,Desmognathus fuscus,candidate_inx_098,JBBULT010001976.1,-,974047,974139,1,79,1,0.0,0.0,,rejected_false_positive,-20.0,too_short;few_tm_helices;low_reference_similarity;gene_like_exons,results/connexin_evolutionary_discovery/Desmognathus_fuscus
connexin,connexin_evolutionary_discovery,Desmognathus_fuscus,Desmognathus fuscus,candidate_inx_127,JBBULT010006860.1,+,325614,325739,1,75,1,0.0,0.0,,rejected_false_positive,-20.0,too_short;few_tm_helices;low_reference_similarity;gene_like_exons,results/connexin_evolutionary_discovery/Desmognathus_fuscus
connexin,connexin_evolutionary_discovery,Desmognathus_fuscus,Desmognathus fuscus,candidate_inx_156,JBBULT010012258.1,+,103863,104003,1,87,1,0.0,0.0,,rejected_false_positive,-20.0,too_short;few_tm_helices;low_reference_similarity;gene_like_exons,results/connexin_evolutionary_discovery/Desmognathus_fuscus
connexin,connexin_evolutionary_discovery,Desmognathus_fuscus,Desmognathus fuscus,candidate_inx_169,JBBULT010012305.1,-,676373,676544,1,71,1,0.0,0.0,,rejected_false_positive,-20.0,too_short;few_tm_helices;low_reference_similarity;gene_like_exons,results/connexin_evolutionary_discovery/Desmognathus_fuscus
connexin,connexin_evolutionary_discovery,Desmognathus_fuscus,Desmognathus fuscus,candidate_inx_175,JBBULT010005746.1,+,432112,432241,1,101,1,0.0,0.0,,rejected_false_positive,-20.0,too_short;few_tm_helices;low_reference_similarity;gene_like_exons,results/connexin_evolutionary_discovery/Desmognathus_fuscus
connexin,connexin_evolutionary_discovery,Desmognathus_fuscus,Desmognathus fuscus,candidate_inx_181,JBBULT010010929.1,+,502477,502560,1,94,1,0.0,0.0,,rejected_false_positive,-20.0,too_short;few_tm_helices;low_reference_similarity;gene_like_exons,results/connexin_evolutionary_discovery/Desmognathus_fuscus
connexin,connexin_evolutionary_discovery,Desmognathus_fuscus,Desmognathus fuscus,candidate_inx_200,JBBULT010010125.1,-,63037,63125,1,111,1,0.0,0.0,,rejected_false_positive,-20.0,too_short;few_tm_helices;low_reference_similarity;gene_like_exons,results/connexin_evolutionary_discovery/Desmognathus_fuscus
connexin,connexin_evolutionary_discovery,Desmognathus_fuscus,Desmognathus fuscus,candidate_inx_218,JBBULT010002853.1,-,57549,57689,1,95,1,0.0,0.0,,rejected_false_positive,-20.0,too_short;few_tm_helices;low_reference_similarity;gene_like_exons,results/connexin_evolutionary_discovery/Desmognathus_fuscus
connexin,connexin_evolutionary_discovery,Desmognathus_fuscus,Desmognathus fuscus,candidate_inx_015,CM113874.1,+,287065801,287067093,1,73,0,0.0,0.0,,rejected_false_positive,-25.0,too_short;few_tm_helices;low_reference_similarity;gene_like_exons;multiple_reference_hits,results/connexin_evolutionary_discovery/Desmognathus_fuscus
connexin,connexin_evolutionary_discovery,Desmognathus_fuscus,Desmognathus fuscus,candidate_inx_031,JBBULT010003105.1,+,896896,912680,1,103,0,0.0,0.0,,rejected_false_positive,-25.0,too_short;few_tm_helices;low_reference_similarity;gene_like_exons;multiple_reference_hits,results/connexin_evolutionary_discovery/Desmognathus_fuscus
connexin,connexin_evolutionary_discovery,Desmognathus_fuscus,Desmognathus fuscus,candidate_inx_078,JBBULT010003486.1,-,563111,618777,1,85,0,0.0,0.0,,rejected_false_positive,-25.0,too_short;few_tm_helices;low_reference_similarity;gene_like_exons;multiple_reference_hits,results/connexin_evolutionary_discovery/Desmognathus_fuscus
connexin,connexin_evolutionary_discovery,Desmognathus_fuscus,Desmognathus fuscus,candidate_inx_011,CM113872.1,+,313032619,313032720,1,86,0,0.0,0.0,,rejected_false_positive,-35.0,too_short;few_tm_helices;low_reference_similarity;gene_like_exons,results/connexin_evolutionary_discovery/Desmognathus_fuscus
connexin,connexin_evolutionary_discovery,Desmognathus_fuscus,Desmognathus fuscus,candidate_inx_037,JBBULT010006385.1,+,2284325,2376964,1,102,0,0.0,0.0,,rejected_false_positive,-35.0,too_short;few_tm_helices;low_reference_similarity;gene_like_exons,results/connexin_evolutionary_discovery/Desmognathus_fuscus
connexin,connexin_evolutionary_discovery,Desmognathus_fuscus,Desmognathus fuscus,candidate_inx_057,JBBULT010003432.1,-,354175,415301,1,113,0,0.0,0.0,,rejected_false_positive,-35.0,too_short;few_tm_helices;low_reference_similarity;gene_like_exons,results/connexin_evolutionary_discovery/Desmognathus_fuscus
connexin,connexin_evolutionary_discovery,Desmognathus_fuscus,Desmognathus fuscus,candidate_inx_072,JBBULT010012881.1,-,1661823,1661915,1,98,0,0.0,0.0,,rejected_false_positive,-35.0,too_short;few_tm_helices;low_reference_similarity;gene_like_exons,results/connexin_evolutionary_discovery/Desmognathus_fuscus
connexin,connexin_evolutionary_discovery,Desmognathus_fuscus,Desmognathus fuscus,candidate_inx_074,JBBULT010006595.1,-,811257,811379,1,85,0,0.0,0.0,,rejected_false_positive,-35.0,too_short;few_tm_helices;low_reference_similarity;gene_like_exons,results/connexin_evolutionary_discovery/Desmognathus_fuscus
connexin,connexin_evolutionary_discovery,Desmognathus_fuscus,Desmognathus fuscus,candidate_inx_082,JBBULT010009816.1,-,490819,490920,1,79,0,0.0,0.0,,rejected_false_positive,-35.0,too_short;few_tm_helices;low_reference_similarity;gene_like_exons,results/connexin_evolutionary_discovery/Desmognathus_fuscus
connexin,connexin_evolutionary_discovery,Desmognathus_fuscus,Desmognathus fuscus,candidate_inx_084,JBBULT010000836.1,+,1266337,1266414,1,102,0,0.0,0.0,,rejected_false_positive,-35.0,too_short;few_tm_helices;low_reference_similarity;gene_like_exons,results/connexin_evolutionary_discovery/Desmognathus_fuscus
connexin,connexin_evolutionary_discovery,Desmognathus_fuscus,Desmognathus fuscus,candidate_inx_086,JBBULT010012741.1,+,194787,194966,1,89,0,0.0,0.0,,rejected_false_positive,-35.0,too_short;few_tm_helices;low_reference_similarity;gene_like_exons,results/connexin_evolutionary_discovery/Desmognathus_fuscus
connexin,connexin_evolutionary_discovery,Desmognathus_fuscus,Desmognathus fuscus,candidate_inx_088,JBBULT010000598.1,+,1382350,1382631,1,102,0,0.0,0.0,,rejected_false_positive,-35.0,too_short;few_tm_helices;low_reference_similarity;gene_like_exons,results/connexin_evolutionary_discovery/Desmognathus_fuscus
connexin,connexin_evolutionary_discovery,Desmognathus_fuscus,Desmognathus fuscus,candidate_inx_090,JBBULT010003086.1,+,1225505,1225600,1,77,0,0.0,0.0,,rejected_false_positive,-35.0,too_short;few_tm_helices;low_reference_similarity;gene_like_exons,results/connexin_evolutionary_discovery/Desmognathus_fuscus
connexin,connexin_evolutionary_discovery,Desmognathus_fuscus,Desmognathus fuscus,candidate_inx_093,JBBULT010007388.1,+,1473806,1475376,1,82,0,0.0,0.0,,rejected_false_positive,-35.0,too_short;few_tm_helices;low_reference_similarity;gene_like_exons,results/connexin_evolutionary_discovery/Desmognathus_fuscus
connexin,connexin_evolutionary_discovery,Desmognathus_fuscus,Desmognathus fuscus,candidate_inx_096,JBBULT010006693.1,-,819896,819964,1,101,0,0.0,0.0,,rejected_false_positive,-35.0,too_short;few_tm_helices;low_reference_similarity;gene_like_exons,results/connexin_evolutionary_discovery/Desmognathus_fuscus
connexin,connexin_evolutionary_discovery,Desmognathus_fuscus,Desmognathus fuscus,candidate_inx_111,JBBULT010003415.1,-,69385,69504,1,101,0,0.0,0.0,,rejected_false_positive,-35.0,too_short;few_tm_helices;low_reference_similarity;gene_like_exons,results/connexin_evolutionary_discovery/Desmognathus_fuscus
connexin,connexin_evolutionary_discovery,Desmognathus_fuscus,Desmognathus fuscus,candidate_inx_117,JBBULT010005657.1,-,808997,809065,1,102,0,0.0,0.0,,rejected_false_positive,-35.0,too_short;few_tm_helices;low_reference_similarity;gene_like_exons,results/connexin_evolutionary_discovery/Desmognathus_fuscus
connexin,connexin_evolutionary_discovery,Desmognathus_fuscus,Desmognathus fuscus,candidate_inx_120,JBBULT010012217.1,-,859256,859356,1,85,0,0.0,0.0,,rejected_false_positive,-35.0,too_short;few_tm_helices;low_reference_similarity;gene_like_exons,results/connexin_evolutionary_discovery/Desmognathus_fuscus
connexin,connexin_evolutionary_discovery,Desmognathus_fuscus,Desmognathus fuscus,candidate_inx_132,JBBULT010003076.1,-,903588,932933,1,70,0,0.0,0.0,,rejected_false_positive,-35.0,too_short;few_tm_helices;low_reference_similarity;gene_like_exons,results/connexin_evolutionary_discovery/Desmognathus_fuscus
connexin,connexin_evolutionary_discovery,Desmognathus_fuscus,Desmognathus fuscus,candidate_inx_144,JBBULT010009030.1,+,260271,260438,1,79,0,0.0,0.0,,rejected_false_positive,-35.0,too_short;few_tm_helices;low_reference_similarity;gene_like_exons,results/connexin_evolutionary_discovery/Desmognathus_fuscus
connexin,connexin_evolutionary_discovery,Desmognathus_fuscus,Desmognathus fuscus,candidate_inx_165,JBBULT010004224.1,+,128546,128836,1,71,0,0.0,0.0,,rejected_false_positive,-35.0,too_short;few_tm_helices;low_reference_similarity;gene_like_exons,results/connexin_evolutionary_discovery/Desmognathus_fuscus
connexin,connexin_evolutionary_discovery,Desmognathus_fuscus,Desmognathus fuscus,candidate_inx_168,JBBULT010000420.1,-,590210,590314,1,93,0,0.0,0.0,,rejected_false_positive,-35.0,too_short;few_tm_helices;low_reference_similarity;gene_like_exons,results/connexin_evolutionary_discovery/Desmognathus_fuscus
connexin,connexin_evolutionary_discovery,Desmognathus_fuscus,Desmognathus fuscus,candidate_inx_182,JBBULT010006453.1,-,295058,295126,1,102,0,0.0,0.0,,rejected_false_positive,-35.0,too_short;few_tm_helices;low_reference_similarity;gene_like_exons,results/connexin_evolutionary_discovery/Desmognathus_fuscus
connexin,connexin_evolutionary_discovery,Desmognathus_fuscus,Desmognathus fuscus,candidate_inx_185,JBBULT010008075.1,+,508375,508503,1,74,0,0.0,0.0,,rejected_false_positive,-35.0,too_short;few_tm_helices;low_reference_similarity;gene_like_exons,results/connexin_evolutionary_discovery/Desmognathus_fuscus
connexin,connexin_evolutionary_discovery,Desmognathus_fuscus,Desmognathus fuscus,candidate_inx_188,JBBULT010007971.1,+,496450,496748,1,72,0,0.0,0.0,,rejected_false_positive,-35.0,too_short;few_tm_helices;low_reference_similarity;gene_like_exons,results/connexin_evolutionary_discovery/Desmognathus_fuscus
connexin,connexin_evolutionary_discovery,Desmognathus_fuscus,Desmognathus fuscus,candidate_inx_195,JBBULT010013215.1,+,600955,601050,1,95,0,0.0,0.0,,rejected_false_positive,-35.0,too_short;few_tm_helices;low_reference_similarity;gene_like_exons,results/connexin_evolutionary_discovery/Desmognathus_fuscus
connexin,connexin_evolutionary_discovery,Desmognathus_fuscus,Desmognathus fuscus,candidate_inx_201,JBBULT010002105.1,+,425034,425198,1,74,0,0.0,0.0,,rejected_false_positive,-35.0,too_short;few_tm_helices;low_reference_similarity;gene_like_exons,results/connexin_evolutionary_discovery/Desmognathus_fuscus
connexin,connexin_evolutionary_discovery,Desmognathus_fuscus,Desmognathus fuscus,candidate_inx_222,JBBULT010004476.1,+,322127,322265,1,82,0,0.0,0.0,,rejected_false_positive,-35.0,too_short;few_tm_helices;low_reference_similarity;gene_like_exons,results/connexin_evolutionary_discovery/Desmognathus_fuscus
connexin,connexin_evolutionary_discovery,Desmognathus_fuscus,Desmognathus fuscus,candidate_inx_224,JBBULT010011886.1,+,375708,375872,1,87,0,0.0,0.0,,rejected_false_positive,-35.0,too_short;few_tm_helices;low_reference_similarity;gene_like_exons,results/connexin_evolutionary_discovery/Desmognathus_fuscus
connexin,connexin_evolutionary_discovery,Desmognathus_fuscus,Desmognathus fuscus,candidate_inx_226,JBBULT010005215.1,-,329569,329730,1,91,0,0.0,0.0,,rejected_false_positive,-35.0,too_short;few_tm_helices;low_reference_similarity;gene_like_exons,results/connexin_evolutionary_discovery/Desmognathus_fuscus
connexin,connexin_evolutionary_discovery,Desmognathus_fuscus,Desmognathus fuscus,candidate_inx_239,JBBULT010001945.1,+,117619,117717,1,93,0,0.0,0.0,,rejected_false_positive,-35.0,too_short;few_tm_helices;low_reference_similarity;gene_like_exons,results/connexin_evolutionary_discovery/Desmognathus_fuscus
connexin,connexin_evolutionary_discovery,Discoglossus_pictus,Discoglossus pictus,candidate_inx_020,CM050173.1,+,19470394,19471524,1,141,4,0.0,0.0,,weak_manual_review,35.0,too_short;tm_helices_ok;low_reference_similarity;gene_like_exons,results/connexin_evolutionary_discovery/Discoglossus_pictus
connexin,connexin_evolutionary_discovery,Discoglossus_pictus,Discoglossus pictus,candidate_inx_003,CM050165.1,-,255765947,255767581,1,101,7,0.0,0.0,,weak_manual_review,15.0,too_short;tm_helices_ok;low_reference_similarity;gene_like_exons;multiple_reference_hits,results/connexin_evolutionary_discovery/Discoglossus_pictus
connexin,connexin_evolutionary_discovery,Discoglossus_pictus,Discoglossus pictus,candidate_inx_004,CM050165.1,-,256736422,256738056,1,100,6,0.0,0.0,,weak_manual_review,15.0,too_short;tm_helices_ok;low_reference_similarity;gene_like_exons;multiple_reference_hits,results/connexin_evolutionary_discovery/Discoglossus_pictus
connexin,connexin_evolutionary_discovery,Discoglossus_pictus,Discoglossus pictus,candidate_inx_022,CM050166.1,+,401346028,401350397,1,90,1,0.0,0.0,,rejected_false_positive,-10.0,too_short;few_tm_helices;low_reference_similarity;gene_like_exons;multiple_reference_hits,results/connexin_evolutionary_discovery/Discoglossus_pictus
connexin,connexin_evolutionary_discovery,Dumetella_carolinensis,Dumetella carolinensis,candidate_inx_013,CM171755.1,+,22851792,22852955,1,221,3,0.0,0.0,,high_confidence_connexin_candidate,65.0,plausible_length;tm_helices_ok;low_reference_similarity;gene_like_exons;multiple_reference_hits,results/connexin_evolutionary_discovery/Dumetella_carolinensis
connexin,connexin_evolutionary_discovery,Dumetella_carolinensis,Dumetella carolinensis,candidate_inx_010,CM171772.1,-,5332535,5333716,1,187,0,0.0,0.0,,weak_manual_review,25.0,plausible_length;few_tm_helices;low_reference_similarity;gene_like_exons;multiple_reference_hits,results/connexin_evolutionary_discovery/Dumetella_carolinensis
connexin,connexin_evolutionary_discovery,Dumetella_carolinensis,Dumetella carolinensis,candidate_inx_016,CM171748.1,+,2483187,2484428,1,102,2,0.0,0.0,,weak_manual_review,15.0,too_short;tm_helices_ok;low_reference_similarity;gene_like_exons;multiple_reference_hits,results/connexin_evolutionary_discovery/Dumetella_carolinensis
connexin,connexin_evolutionary_discovery,Dumetella_carolinensis,Dumetella carolinensis,candidate_inx_009,CM171772.1,-,2976644,2998309,1,137,0,0.0,0.0,,rejected_false_positive,5.0,too_short;few_tm_helices;low_reference_similarity;gene_like_exons;multiple_reference_hits,results/connexin_evolutionary_discovery/Dumetella_carolinensis
connexin,connexin_evolutionary_discovery,Dumetella_carolinensis,Dumetella carolinensis,candidate_inx_003,CM171750.1,-,5329344,5330456,1,103,0,0.0,0.0,,rejected_false_positive,-25.0,too_short;few_tm_helices;low_reference_similarity;gene_like_exons;multiple_reference_hits,results/connexin_evolutionary_discovery/Dumetella_carolinensis
connexin,connexin_evolutionary_discovery,Dumetella_carolinensis,Dumetella carolinensis,candidate_inx_006,CM171775.1,-,4977755,4989611,3,93,0,0.0,0.0,,rejected_false_positive,-25.0,too_short;few_tm_helices;low_reference_similarity;gene_like_exons;multiple_reference_hits,results/connexin_evolutionary_discovery/Dumetella_carolinensis
connexin,connexin_evolutionary_discovery,Dumetella_carolinensis,Dumetella carolinensis,candidate_inx_007,CM171761.1,+,17852305,17853144,1,73,0,0.0,0.0,,rejected_false_positive,-25.0,too_short;few_tm_helices;low_reference_similarity;gene_like_exons;multiple_reference_hits,results/connexin_evolutionary_discovery/Dumetella_carolinensis
connexin,connexin_evolutionary_discovery,Echinorhinus_cookei,Echinorhinus cookei,candidate_inx_015,CM174629.1,+,181715987,181717096,1,140,2,0.0,0.0,,weak_manual_review,45.0,too_short;tm_helices_ok;low_reference_similarity;gene_like_exons;multiple_reference_hits,results/connexin_evolutionary_discovery/Echinorhinus_cookei
connexin,connexin_evolutionary_discovery,Echinorhinus_cookei,Echinorhinus cookei,candidate_inx_006,CM174652.1,-,36794035,36795093,1,472,1,0.0,0.0,,possible_connexin_candidate,40.0,plausible_length;few_tm_helices;low_reference_similarity;gene_like_exons;multiple_reference_hits,results/connexin_evolutionary_discovery/Echinorhinus_cookei
connexin,connexin_evolutionary_discovery,Echinorhinus_cookei,Echinorhinus cookei,candidate_inx_022,CM174624.1,+,211916004,211929638,1,328,0,0.0,0.0,,weak_manual_review,25.0,plausible_length;few_tm_helices;low_reference_similarity;gene_like_exons;multiple_reference_hits,results/connexin_evolutionary_discovery/Echinorhinus_cookei
connexin,connexin_evolutionary_discovery,Echinorhinus_cookei,Echinorhinus cookei,candidate_inx_021,CM174651.1,-,52272920,52273663,1,74,2,0.0,0.0,,rejected_false_positive,5.0,too_short;tm_helices_ok;low_reference_similarity;gene_like_exons,results/connexin_evolutionary_discovery/Echinorhinus_cookei
connexin,connexin_evolutionary_discovery,Echinorhinus_cookei,Echinorhinus cookei,candidate_inx_005,CM174630.1,-,142242971,142243750,1,98,1,0.0,0.0,,rejected_false_positive,-10.0,too_short;few_tm_helices;low_reference_similarity;gene_like_exons;multiple_reference_hits,results/connexin_evolutionary_discovery/Echinorhinus_cookei
connexin,connexin_evolutionary_discovery,Echinorhinus_cookei,Echinorhinus cookei,candidate_inx_001,CM174626.1,+,122673651,122674340,1,81,0,0.0,0.0,,rejected_false_positive,-35.0,too_short;few_tm_helices;low_reference_similarity;gene_like_exons,results/connexin_evolutionary_discovery/Echinorhinus_cookei
connexin,connexin_evolutionary_discovery,Emberiza_tahapisi,Emberiza tahapisi,candidate_inx_004,CM176740.1,-,5422604,5423716,1,134,2,0.0,0.0,,weak_manual_review,45.0,too_short;tm_helices_ok;low_reference_similarity;gene_like_exons;multiple_reference_hits,results/connexin_evolutionary_discovery/Emberiza_tahapisi
connexin,connexin_evolutionary_discovery,Emberiza_tahapisi,Emberiza tahapisi,candidate_inx_007,CM176763.1,+,3138118,3151529,3,283,0,0.0,0.0,,weak_manual_review,25.0,plausible_length;few_tm_helices;low_reference_similarity;gene_like_exons;multiple_reference_hits,results/connexin_evolutionary_discovery/Emberiza_tahapisi
connexin,connexin_evolutionary_discovery,Emberiza_tahapisi,Emberiza tahapisi,candidate_inx_010,CM176764.1,+,2857306,2858487,1,102,0,0.0,0.0,,rejected_false_positive,-25.0,too_short;few_tm_helices;low_reference_similarity;gene_like_exons;multiple_reference_hits,results/connexin_evolutionary_discovery/Emberiza_tahapisi
connexin,connexin_evolutionary_discovery,Emberiza_tahapisi,Emberiza tahapisi,candidate_inx_012,CM176745.1,-,14633169,14634332,1,81,0,0.0,0.0,,rejected_false_positive,-25.0,too_short;few_tm_helices;low_reference_similarity;gene_like_exons;multiple_reference_hits,results/connexin_evolutionary_discovery/Emberiza_tahapisi
connexin,connexin_evolutionary_discovery,Epinephelus_cyanopodus,Epinephelus cyanopodus,candidate_inx_004,CM178616.1,+,11485389,11488931,1,137,1,0.0,0.0,,weak_manual_review,20.0,too_short;few_tm_helices;low_reference_similarity;gene_like_exons;multiple_reference_hits,results/connexin_evolutionary_discovery/Epinephelus_cyanopodus
connexin,connexin_evolutionary_discovery,Galeorhinus_galeus,Galeorhinus galeus,candidate_inx_010,CM146991.1,+,71094014,71094862,1,95,4,0.0,0.0,,weak_manual_review,15.0,too_short;tm_helices_ok;low_reference_similarity;gene_like_exons;multiple_reference_hits,results/connexin_evolutionary_discovery/Galeorhinus_galeus
connexin,connexin_evolutionary_discovery,Galeorhinus_galeus,Galeorhinus galeus,candidate_inx_021,CM146979.1,+,134065596,134066633,1,148,0,0.0,0.0,,rejected_false_positive,-5.0,too_short;few_tm_helices;low_reference_similarity;gene_like_exons,results/connexin_evolutionary_discovery/Galeorhinus_galeus
connexin,connexin_evolutionary_discovery,Galeorhinus_galeus,Galeorhinus galeus,candidate_inx_012,CM147007.1,+,9241620,9314503,1,93,0,0.0,0.0,,rejected_false_positive,-25.0,too_short;few_tm_helices;low_reference_similarity;gene_like_exons;multiple_reference_hits,results/connexin_evolutionary_discovery/Galeorhinus_galeus
connexin,connexin_evolutionary_discovery,Galeorhinus_galeus,Galeorhinus galeus,candidate_inx_013,CM147007.1,+,29586420,29587592,1,92,0,0.0,0.0,,rejected_false_positive,-25.0,too_short;few_tm_helices;low_reference_similarity;gene_like_exons;multiple_reference_hits,results/connexin_evolutionary_discovery/Galeorhinus_galeus
connexin,connexin_evolutionary_discovery,Galeorhinus_galeus,Galeorhinus galeus,candidate_inx_017,CM146982.1,-,34946567,34947451,1,72,0,0.0,0.0,,rejected_false_positive,-25.0,too_short;few_tm_helices;low_reference_similarity;gene_like_exons;multiple_reference_hits,results/connexin_evolutionary_discovery/Galeorhinus_galeus
connexin,connexin_evolutionary_discovery,Hemibarbus_labeo,Hemibarbus labeo,candidate_inx_010,CM152873.1,+,13617270,13619216,1,96,2,0.0,0.0,,weak_manual_review,15.0,too_short;tm_helices_ok;low_reference_similarity;gene_like_exons;multiple_reference_hits,results/connexin_evolutionary_discovery/Hemibarbus_labeo
connexin,connexin_evolutionary_discovery,Hucho_bleekeri,Hucho bleekeri,candidate_inx_004,CM170443.1,-,15151571,15152425,1,235,7,54.4,0.719,GJA3__Q9Y6H8,high_confidence_connexin_candidate,80.0,plausible_length;tm_helices_ok;reference_similarity_ok;gene_like_exons,results/connexin_evolutionary_discovery/Hucho_bleekeri
connexin,connexin_evolutionary_discovery,Hucho_bleekeri,Hucho bleekeri,candidate_inx_034,CM170461.1,-,46731490,46732750,1,139,3,0.0,0.0,,weak_manual_review,45.0,too_short;tm_helices_ok;low_reference_similarity;gene_like_exons;multiple_reference_hits,results/connexin_evolutionary_discovery/Hucho_bleekeri
connexin,connexin_evolutionary_discovery,Hucho_bleekeri,Hucho bleekeri,candidate_inx_017,CM170455.1,-,52503092,52504468,1,111,5,0.0,0.0,,weak_manual_review,15.0,too_short;tm_helices_ok;low_reference_similarity;gene_like_exons;multiple_reference_hits,results/connexin_evolutionary_discovery/Hucho_bleekeri
connexin,connexin_evolutionary_discovery,Hucho_bleekeri,Hucho bleekeri,candidate_inx_010,CM170469.1,+,8521912,8523506,1,87,2,0.0,0.0,,rejected_false_positive,5.0,too_short;tm_helices_ok;low_reference_similarity;gene_like_exons,results/connexin_evolutionary_discovery/Hucho_bleekeri
connexin,connexin_evolutionary_discovery,Hucho_bleekeri,Hucho bleekeri,candidate_inx_006,CM170431.1,+,51922552,51929788,2,75,1,0.0,0.0,,rejected_false_positive,-10.0,too_short;few_tm_helices;low_reference_similarity;gene_like_exons;multiple_reference_hits,results/connexin_evolutionary_discovery/Hucho_bleekeri
connexin,connexin_evolutionary_discovery,Hucho_bleekeri,Hucho bleekeri,candidate_inx_018,CM170440.1,+,40800446,40801776,1,99,1,0.0,0.0,,rejected_false_positive,-10.0,too_short;few_tm_helices;low_reference_similarity;gene_like_exons;multiple_reference_hits,results/connexin_evolutionary_discovery/Hucho_bleekeri
connexin,connexin_evolutionary_discovery,Hucho_bleekeri,Hucho bleekeri,candidate_inx_023,CM170451.1,-,29734927,29736297,1,107,1,0.0,0.0,,rejected_false_positive,-20.0,too_short;few_tm_helices;low_reference_similarity;gene_like_exons,results/connexin_evolutionary_discovery/Hucho_bleekeri
connexin,connexin_evolutionary_discovery,Hucho_bleekeri,Hucho bleekeri,candidate_inx_021,CM170427.1,+,77589898,77673071,1,72,0,0.0,0.0,,rejected_false_positive,-25.0,too_short;few_tm_helices;low_reference_similarity;gene_like_exons;multiple_reference_hits,results/connexin_evolutionary_discovery/Hucho_bleekeri
connexin,connexin_evolutionary_discovery,Hucho_bleekeri,Hucho bleekeri,candidate_inx_002,CM170451.1,+,30265275,30265919,1,84,0,0.0,0.0,,rejected_false_positive,-35.0,too_short;few_tm_helices;low_reference_similarity;gene_like_exons,results/connexin_evolutionary_discovery/Hucho_bleekeri
connexin,connexin_evolutionary_discovery,Mus_musculus_domesticus,Mus musculus domesticus,candidate_inx_006,CM166251.1,-,126305986,126306987,1,90,3,0.0,0.0,,weak_manual_review,15.0,too_short;tm_helices_ok;low_reference_similarity;gene_like_exons;multiple_reference_hits,results/connexin_evolutionary_discovery/Mus_musculus_domesticus
connexin,connexin_evolutionary_discovery,Mus_musculus_domesticus,Mus musculus domesticus,candidate_inx_007,CM166251.1,-,126319944,126320756,1,95,2,0.0,0.0,,weak_manual_review,15.0,too_short;tm_helices_ok;low_reference_similarity;gene_like_exons;multiple_reference_hits,results/connexin_evolutionary_discovery/Mus_musculus_domesticus
connexin,connexin_evolutionary_discovery,Mus_musculus_domesticus,Mus musculus domesticus,candidate_inx_010,CM166267.1,+,102599272,102600123,1,92,2,0.0,0.0,,weak_manual_review,15.0,too_short;tm_helices_ok;low_reference_similarity;gene_like_exons;multiple_reference_hits,results/connexin_evolutionary_discovery/Mus_musculus_domesticus
connexin,connexin_evolutionary_discovery,Mus_musculus_domesticus,Mus musculus domesticus,candidate_inx_001,CM166257.1,+,61867946,61869094,1,76,0,0.0,0.0,,rejected_false_positive,-25.0,too_short;few_tm_helices;low_reference_similarity;gene_like_exons;multiple_reference_hits,results/connexin_evolutionary_discovery/Mus_musculus_domesticus
connexin,connexin_evolutionary_discovery,Mus_musculus_domesticus,Mus musculus domesticus,candidate_inx_009,CM166250.1,+,99607121,99608197,1,77,0,0.0,0.0,,rejected_false_positive,-25.0,too_short;few_tm_helices;low_reference_similarity;gene_like_exons;multiple_reference_hits,results/connexin_evolutionary_discovery/Mus_musculus_domesticus
connexin,connexin_evolutionary_batch2_discovery,Acanthurus_chirurgus,Acanthurus chirurgus,candidate_inx_007,CM147756.1,-,9362894,9364523,1,154,1,0.0,0.0,,possible_connexin_candidate,40.0,plausible_length;few_tm_helices;low_reference_similarity;gene_like_exons;multiple_reference_hits,results/connexin_evolutionary_batch2_discovery/Acanthurus_chirurgus
connexin,connexin_evolutionary_batch2_discovery,Acanthurus_chirurgus,Acanthurus chirurgus,candidate_inx_005,CM147749.1,+,45077920,45079188,1,71,0,0.0,0.0,,rejected_false_positive,-25.0,too_short;few_tm_helices;low_reference_similarity;gene_like_exons;multiple_reference_hits,results/connexin_evolutionary_batch2_discovery/Acanthurus_chirurgus
connexin,connexin_evolutionary_batch2_discovery,Acanthurus_chirurgus,Acanthurus chirurgus,candidate_inx_015,CM147753.1,-,1134437,1136978,1,87,0,0.0,0.0,,rejected_false_positive,-25.0,too_short;few_tm_helices;low_reference_similarity;gene_like_exons;multiple_reference_hits,results/connexin_evolutionary_batch2_discovery/Acanthurus_chirurgus
connexin,connexin_evolutionary_batch2_discovery,Acanthurus_chirurgus,Acanthurus chirurgus,candidate_inx_002,CM147753.1,+,23260243,23260884,1,79,0,0.0,0.0,,rejected_false_positive,-35.0,too_short;few_tm_helices;low_reference_similarity;gene_like_exons,results/connexin_evolutionary_batch2_discovery/Acanthurus_chirurgus
connexin,connexin_evolutionary_batch2_discovery,Eleutherodactylus_marnockii,Eleutherodactylus marnockii,candidate_inx_009,CM144286.1,-,322346098,322355458,1,166,2,0.0,0.0,,high_confidence_connexin_candidate,65.0,plausible_length;tm_helices_ok;low_reference_similarity;gene_like_exons;multiple_reference_hits,results/connexin_evolutionary_batch2_discovery/Eleutherodactylus_marnockii
connexin,connexin_evolutionary_batch2_discovery,Eleutherodactylus_marnockii,Eleutherodactylus marnockii,candidate_inx_018,CM144292.1,+,220338931,220389094,1,78,3,0.0,0.0,,weak_manual_review,15.0,too_short;tm_helices_ok;low_reference_similarity;gene_like_exons;multiple_reference_hits,results/connexin_evolutionary_batch2_discovery/Eleutherodactylus_marnockii
connexin,connexin_evolutionary_batch2_discovery,Eleutherodactylus_marnockii,Eleutherodactylus marnockii,candidate_inx_026,CM144295.1,+,83513476,83517352,2,79,3,0.0,0.0,,weak_manual_review,15.0,too_short;tm_helices_ok;low_reference_similarity;gene_like_exons;multiple_reference_hits,results/connexin_evolutionary_batch2_discovery/Eleutherodactylus_marnockii
connexin,connexin_evolutionary_batch2_discovery,Eleutherodactylus_marnockii,Eleutherodactylus marnockii,candidate_inx_010,CM144286.1,-,322450849,322451508,1,72,2,0.0,0.0,,rejected_false_positive,5.0,too_short;tm_helices_ok;low_reference_similarity;gene_like_exons,results/connexin_evolutionary_batch2_discovery/Eleutherodactylus_marnockii
connexin,connexin_evolutionary_batch2_discovery,Eleutherodactylus_marnockii,Eleutherodactylus marnockii,candidate_inx_016,CM144286.1,+,435940994,435942607,1,80,1,0.0,0.0,,rejected_false_positive,-10.0,too_short;few_tm_helices;low_reference_similarity;gene_like_exons;multiple_reference_hits,results/connexin_evolutionary_batch2_discovery/Eleutherodactylus_marnockii
connexin,connexin_evolutionary_batch2_discovery,Eleutherodactylus_marnockii,Eleutherodactylus marnockii,candidate_inx_020,CM144294.1,-,151911339,151940876,1,81,0,0.0,0.0,,rejected_false_positive,-15.0,too_short;few_tm_helices;low_reference_similarity;gene_like_exons;multiple_reference_hits;complete_orf,results/connexin_evolutionary_batch2_discovery/Eleutherodactylus_marnockii
connexin,connexin_evolutionary_batch2_discovery,Eleutherodactylus_marnockii,Eleutherodactylus marnockii,candidate_inx_014,CM144286.1,+,18691134,18692084,1,95,0,0.0,0.0,,rejected_false_positive,-25.0,too_short;few_tm_helices;low_reference_similarity;gene_like_exons;multiple_reference_hits,results/connexin_evolutionary_batch2_discovery/Eleutherodactylus_marnockii
connexin,connexin_evolutionary_batch2_discovery,Eleutherodactylus_marnockii,Eleutherodactylus marnockii,candidate_inx_028,CM144297.1,-,19614392,19614610,1,71,0,0.0,0.0,,rejected_false_positive,-25.0,too_short;few_tm_helices;low_reference_similarity;gene_like_exons;multiple_reference_hits,results/connexin_evolutionary_batch2_discovery/Eleutherodactylus_marnockii
connexin,connexin_evolutionary_batch2_discovery,Eleutherodactylus_marnockii,Eleutherodactylus marnockii,candidate_inx_029,CM144299.1,-,8520179,8520337,1,103,0,0.0,0.0,,rejected_false_positive,-25.0,too_short;few_tm_helices;low_reference_similarity;gene_like_exons;multiple_reference_hits,results/connexin_evolutionary_batch2_discovery/Eleutherodactylus_marnockii
connexin,connexin_evolutionary_batch2_discovery,Eleutherodactylus_marnockii,Eleutherodactylus marnockii,candidate_inx_008,CM144286.1,-,322318458,322319459,1,79,0,0.0,0.0,,rejected_false_positive,-35.0,too_short;few_tm_helices;low_reference_similarity;gene_like_exons,results/connexin_evolutionary_batch2_discovery/Eleutherodactylus_marnockii
connexin,connexin_evolutionary_batch2_discovery,Epidalea_calamita,Epidalea calamita,candidate_inx_019,OZ405040.1,-,100790698,100791870,1,126,2,0.0,0.0,,weak_manual_review,45.0,too_short;tm_helices_ok;low_reference_similarity;gene_like_exons;multiple_reference_hits,results/connexin_evolutionary_batch2_discovery/Epidalea_calamita
connexin,connexin_evolutionary_batch2_discovery,Epidalea_calamita,Epidalea calamita,candidate_inx_023,OZ405039.1,+,353036437,353048236,1,71,4,0.0,0.0,,weak_manual_review,15.0,too_short;tm_helices_ok;low_reference_similarity;gene_like_exons;multiple_reference_hits,results/connexin_evolutionary_batch2_discovery/Epidalea_calamita
connexin,connexin_evolutionary_batch2_discovery,Epidalea_calamita,Epidalea calamita,candidate_inx_014,OZ405037.1,+,487618371,487619453,1,98,1,0.0,0.0,,rejected_false_positive,-10.0,too_short;few_tm_helices;low_reference_similarity;gene_like_exons;multiple_reference_hits,results/connexin_evolutionary_batch2_discovery/Epidalea_calamita
connexin,connexin_evolutionary_batch2_discovery,Epidalea_calamita,Epidalea calamita,candidate_inx_012,OZ405037.1,+,244697560,244699137,1,72,0,0.0,0.0,,rejected_false_positive,-35.0,too_short;few_tm_helices;low_reference_similarity;gene_like_exons,results/connexin_evolutionary_batch2_discovery/Epidalea_calamita
connexin,connexin_evolutionary_batch2_discovery,Equus_grevyi,Equus grevyi,candidate_inx_004,CM174800.1,-,99134147,99135337,1,96,2,0.0,0.0,,weak_manual_review,15.0,too_short;tm_helices_ok;low_reference_similarity;gene_like_exons;multiple_reference_hits,results/connexin_evolutionary_batch2_discovery/Equus_grevyi
connexin,connexin_evolutionary_batch2_discovery,Equus_grevyi,Equus grevyi,candidate_inx_018,CM174795.1,-,39191313,39192098,1,88,3,0.0,0.0,,weak_manual_review,15.0,too_short;tm_helices_ok;low_reference_similarity;gene_like_exons;multiple_reference_hits,results/connexin_evolutionary_batch2_discovery/Equus_grevyi
connexin,connexin_evolutionary_batch2_discovery,Equus_grevyi,Equus grevyi,candidate_inx_008,CM174796.1,-,62306322,62307107,1,98,1,0.0,0.0,,rejected_false_positive,-10.0,too_short;few_tm_helices;low_reference_similarity;gene_like_exons;multiple_reference_hits,results/connexin_evolutionary_batch2_discovery/Equus_grevyi
connexin,connexin_evolutionary_batch2_discovery,Equus_grevyi,Equus grevyi,candidate_inx_009,CM174794.1,+,26724301,26728904,2,79,1,0.0,0.0,,rejected_false_positive,-10.0,too_short;few_tm_helices;low_reference_similarity;gene_like_exons;multiple_reference_hits,results/connexin_evolutionary_batch2_discovery/Equus_grevyi
connexin,connexin_evolutionary_batch2_discovery,Equus_grevyi,Equus grevyi,candidate_inx_010,CM174794.1,+,26751334,26761122,2,117,0,0.0,0.0,,rejected_false_positive,-25.0,too_short;few_tm_helices;low_reference_similarity;gene_like_exons;multiple_reference_hits,results/connexin_evolutionary_batch2_discovery/Equus_grevyi
connexin,connexin_evolutionary_batch2_discovery,Euprepiophis_mandarinus,Euprepiophis mandarinus,candidate_inx_004,CM169734.1,-,29905459,29906697,1,85,2,0.0,0.0,,weak_manual_review,15.0,too_short;tm_helices_ok;low_reference_similarity;gene_like_exons;multiple_reference_hits,results/connexin_evolutionary_batch2_discovery/Euprepiophis_mandarinus
connexin,connexin_evolutionary_batch2_discovery,Euprepiophis_mandarinus,Euprepiophis mandarinus,candidate_inx_006,CM169737.1,+,10180517,10181320,1,80,5,0.0,0.0,,weak_manual_review,15.0,too_short;tm_helices_ok;low_reference_similarity;gene_like_exons;multiple_reference_hits,results/connexin_evolutionary_batch2_discovery/Euprepiophis_mandarinus
connexin,connexin_evolutionary_batch2_discovery,Euprepiophis_mandarinus,Euprepiophis mandarinus,candidate_inx_010,CM169738.1,-,600715,601554,1,123,0,0.0,0.0,,rejected_false_positive,5.0,too_short;few_tm_helices;low_reference_similarity;gene_like_exons;multiple_reference_hits,results/connexin_evolutionary_batch2_discovery/Euprepiophis_mandarinus
connexin,connexin_evolutionary_batch2_discovery,Euprepiophis_mandarinus,Euprepiophis mandarinus,candidate_inx_003,CM169727.1,+,252232838,252233986,1,87,0,0.0,0.0,,rejected_false_positive,-25.0,too_short;few_tm_helices;low_reference_similarity;gene_like_exons;multiple_reference_hits,results/connexin_evolutionary_batch2_discovery/Euprepiophis_mandarinus
connexin,connexin_evolutionary_batch2_discovery,Fejervarya_limnocharis,Fejervarya limnocharis,candidate_inx_003,CM133572.1,-,1757172,1758284,1,437,5,0.0,0.0,,high_confidence_connexin_candidate,65.0,plausible_length;tm_helices_ok;low_reference_similarity;gene_like_exons;multiple_reference_hits,results/connexin_evolutionary_batch2_discovery/Fejervarya_limnocharis
connexin,connexin_evolutionary_batch2_discovery,Fejervarya_limnocharis,Fejervarya limnocharis,candidate_inx_020,CM133572.1,+,79503236,79503970,1,291,17,0.0,0.0,,possible_connexin_candidate,55.0,plausible_length;tm_helices_ok;low_reference_similarity;gene_like_exons,results/connexin_evolutionary_batch2_discovery/Fejervarya_limnocharis
connexin,connexin_evolutionary_batch2_discovery,Fejervarya_limnocharis,Fejervarya limnocharis,candidate_inx_017,CM133573.1,-,260289470,260300160,1,149,4,0.0,0.0,,weak_manual_review,45.0,too_short;tm_helices_ok;low_reference_similarity;gene_like_exons;multiple_reference_hits,results/connexin_evolutionary_batch2_discovery/Fejervarya_limnocharis
connexin,connexin_evolutionary_batch2_discovery,Fejervarya_limnocharis,Fejervarya limnocharis,candidate_inx_022,CM133575.1,-,297340282,297349234,1,216,0,0.0,0.0,,weak_manual_review,25.0,plausible_length;few_tm_helices;low_reference_similarity;gene_like_exons;multiple_reference_hits,results/connexin_evolutionary_batch2_discovery/Fejervarya_limnocharis
connexin,connexin_evolutionary_batch2_discovery,Fejervarya_limnocharis,Fejervarya limnocharis,candidate_inx_019,CM133572.1,+,1955422,1957218,1,77,2,0.0,0.0,,weak_manual_review,15.0,too_short;tm_helices_ok;low_reference_similarity;gene_like_exons;multiple_reference_hits,results/connexin_evolutionary_batch2_discovery/Fejervarya_limnocharis
connexin,connexin_evolutionary_batch2_discovery,Fejervarya_limnocharis,Fejervarya limnocharis,candidate_inx_021,CM133575.1,+,344545837,344547069,1,109,4,0.0,0.0,,weak_manual_review,15.0,too_short;tm_helices_ok;low_reference_similarity;gene_like_exons;multiple_reference_hits,results/connexin_evolutionary_batch2_discovery/Fejervarya_limnocharis
connexin,connexin_evolutionary_batch2_discovery,Fejervarya_limnocharis,Fejervarya limnocharis,candidate_inx_018,CM133576.1,-,178906037,178907179,1,81,2,0.0,0.0,,rejected_false_positive,5.0,too_short;tm_helices_ok;low_reference_similarity;gene_like_exons,results/connexin_evolutionary_batch2_discovery/Fejervarya_limnocharis
connexin,connexin_evolutionary_batch2_discovery,Fejervarya_limnocharis,Fejervarya limnocharis,candidate_inx_014,CM133582.1,+,33690111,33691283,1,100,1,0.0,0.0,,rejected_false_positive,-10.0,too_short;few_tm_helices;low_reference_similarity;gene_like_exons;multiple_reference_hits,results/connexin_evolutionary_batch2_discovery/Fejervarya_limnocharis
connexin,connexin_evolutionary_batch2_discovery,Fejervarya_limnocharis,Fejervarya limnocharis,candidate_inx_002,CM133573.1,+,205927593,205928732,1,76,0,0.0,0.0,,rejected_false_positive,-25.0,too_short;few_tm_helices;low_reference_similarity;gene_like_exons;multiple_reference_hits,results/connexin_evolutionary_batch2_discovery/Fejervarya_limnocharis
connexin,connexin_evolutionary_batch2_discovery,Gastrophryne_carolinensis,Gastrophryne carolinensis,candidate_inx_002,CM051234.1,-,256662452,256693338,1,407,9,0.0,0.0,,possible_connexin_candidate,55.0,plausible_length;tm_helices_ok;low_reference_similarity;gene_like_exons,results/connexin_evolutionary_batch2_discovery/Gastrophryne_carolinensis
connexin,connexin_evolutionary_batch2_discovery,Gastrophryne_carolinensis,Gastrophryne carolinensis,candidate_inx_029,CM051239.1,+,328367001,328367096,1,267,2,0.0,0.0,,possible_connexin_candidate,55.0,plausible_length;tm_helices_ok;low_reference_similarity;gene_like_exons,results/connexin_evolutionary_batch2_discovery/Gastrophryne_carolinensis
connexin,connexin_evolutionary_batch2_discovery,Gastrophryne_carolinensis,Gastrophryne carolinensis,candidate_inx_023,CM051237.1,+,348488319,348519581,1,147,3,0.0,0.0,,weak_manual_review,45.0,too_short;tm_helices_ok;low_reference_similarity;gene_like_exons;multiple_reference_hits,results/connexin_evolutionary_batch2_discovery/Gastrophryne_carolinensis
connexin,connexin_evolutionary_batch2_discovery,Gastrophryne_carolinensis,Gastrophryne carolinensis,candidate_inx_035,CM051244.1,+,126919492,127011747,1,150,1,0.0,0.0,,possible_connexin_candidate,40.0,plausible_length;few_tm_helices;low_reference_similarity;gene_like_exons;multiple_reference_hits,results/connexin_evolutionary_batch2_discovery/Gastrophryne_carolinensis
connexin,connexin_evolutionary_batch2_discovery,Gastrophryne_carolinensis,Gastrophryne carolinensis,candidate_inx_032,CM051243.1,-,9067234,9148846,1,387,0,0.0,0.0,,weak_manual_review,25.0,plausible_length;few_tm_helices;low_reference_similarity;gene_like_exons;multiple_reference_hits,results/connexin_evolutionary_batch2_discovery/Gastrophryne_carolinensis
connexin,connexin_evolutionary_batch2_discovery,Gastrophryne_carolinensis,Gastrophryne carolinensis,candidate_inx_016,CM051236.1,-,67657673,67658929,1,139,1,0.0,0.0,,weak_manual_review,20.0,too_short;few_tm_helices;low_reference_similarity;gene_like_exons;multiple_reference_hits,results/connexin_evolutionary_batch2_discovery/Gastrophryne_carolinensis
connexin,connexin_evolutionary_batch2_discovery,Gastrophryne_carolinensis,Gastrophryne carolinensis,candidate_inx_007,CM051235.1,+,138191544,138273082,1,132,0,0.0,0.0,,rejected_false_positive,5.0,too_short;few_tm_helices;low_reference_similarity;gene_like_exons;multiple_reference_hits,results/connexin_evolutionary_batch2_discovery/Gastrophryne_carolinensis
connexin,connexin_evolutionary_batch2_discovery,Gastrophryne_carolinensis,Gastrophryne carolinensis,candidate_inx_026,CM051238.1,-,455872761,455872976,1,863,0,0.0,0.0,,rejected_false_positive,5.0,long_protein;few_tm_helices;low_reference_similarity;gene_like_exons;multiple_reference_hits,results/connexin_evolutionary_batch2_discovery/Gastrophryne_carolinensis
connexin,connexin_evolutionary_batch2_discovery,Gastrophryne_carolinensis,Gastrophryne carolinensis,candidate_inx_027,CM051239.1,-,25420152,25486660,1,140,0,0.0,0.0,,rejected_false_positive,5.0,too_short;few_tm_helices;low_reference_similarity;gene_like_exons;multiple_reference_hits,results/connexin_evolutionary_batch2_discovery/Gastrophryne_carolinensis
connexin,connexin_evolutionary_batch2_discovery,Gastrophryne_carolinensis,Gastrophryne carolinensis,candidate_inx_036,JAQIHN010000014.1,-,763410,763547,1,144,0,0.0,0.0,,rejected_false_positive,-5.0,too_short;few_tm_helices;low_reference_similarity;gene_like_exons,results/connexin_evolutionary_batch2_discovery/Gastrophryne_carolinensis
connexin,connexin_evolutionary_batch2_discovery,Gastrophryne_carolinensis,Gastrophryne carolinensis,candidate_inx_006,CM051235.1,+,138132594,138189098,1,95,1,0.0,0.0,,rejected_false_positive,-10.0,too_short;few_tm_helices;low_reference_similarity;gene_like_exons;multiple_reference_hits,results/connexin_evolutionary_batch2_discovery/Gastrophryne_carolinensis
connexin,connexin_evolutionary_batch2_discovery,Gastrophryne_carolinensis,Gastrophryne carolinensis,candidate_inx_030,CM051240.1,-,189114234,189143993,1,70,1,0.0,0.0,,rejected_false_positive,-10.0,too_short;few_tm_helices;low_reference_similarity;gene_like_exons;multiple_reference_hits,results/connexin_evolutionary_batch2_discovery/Gastrophryne_carolinensis
connexin,connexin_evolutionary_batch2_discovery,Gastrophryne_carolinensis,Gastrophryne carolinensis,candidate_inx_019,CM051236.1,-,443951398,443952150,1,86,0,0.0,0.0,,rejected_false_positive,-25.0,too_short;few_tm_helices;low_reference_similarity;gene_like_exons;multiple_reference_hits,results/connexin_evolutionary_batch2_discovery/Gastrophryne_carolinensis
connexin,connexin_evolutionary_batch2_discovery,Gastrophryne_carolinensis,Gastrophryne carolinensis,candidate_inx_020,CM051236.1,-,500790184,500796694,1,97,0,0.0,0.0,,rejected_false_positive,-25.0,too_short;few_tm_helices;low_reference_similarity;gene_like_exons;multiple_reference_hits,results/connexin_evolutionary_batch2_discovery/Gastrophryne_carolinensis
connexin,connexin_evolutionary_batch2_discovery,Gastrophryne_carolinensis,Gastrophryne carolinensis,candidate_inx_033,CM051243.1,+,169381986,169382858,1,76,0,0.0,0.0,,rejected_false_positive,-25.0,too_short;few_tm_helices;low_reference_similarity;gene_like_exons;multiple_reference_hits,results/connexin_evolutionary_batch2_discovery/Gastrophryne_carolinensis
connexin,connexin_evolutionary_batch2_discovery,Gastrophryne_carolinensis,Gastrophryne carolinensis,candidate_inx_025,CM051238.1,-,129441404,129441581,1,77,0,0.0,0.0,,rejected_false_positive,-35.0,too_short;few_tm_helices;low_reference_similarity;gene_like_exons,results/connexin_evolutionary_batch2_discovery/Gastrophryne_carolinensis
connexin,connexin_evolutionary_batch2_discovery,Gastrophryne_carolinensis,Gastrophryne carolinensis,candidate_inx_031,CM051241.1,+,26013993,26014153,1,115,0,0.0,0.0,,rejected_false_positive,-35.0,too_short;few_tm_helices;low_reference_similarity;gene_like_exons,results/connexin_evolutionary_batch2_discovery/Gastrophryne_carolinensis
connexin,connexin_evolutionary_batch2_discovery,Hydrolagus_colliei,Hydrolagus colliei,candidate_inx_020,CM068742.1,+,130351073,130437933,1,169,2,0.0,0.0,,possible_connexin_candidate,55.0,plausible_length;tm_helices_ok;low_reference_similarity;gene_like_exons,results/connexin_evolutionary_batch2_discovery/Hydrolagus_colliei
connexin,connexin_evolutionary_batch2_discovery,Hydrolagus_colliei,Hydrolagus colliei,candidate_inx_002,CM068744.1,-,15253070,15253789,1,83,0,0.0,0.0,,rejected_false_positive,-35.0,too_short;few_tm_helices;low_reference_similarity;gene_like_exons,results/connexin_evolutionary_batch2_discovery/Hydrolagus_colliei
connexin,connexin_evolutionary_batch2_discovery,Ichthyophis_bannanicus,Ichthyophis bannanicus,candidate_inx_010,CM066035.1,-,211399559,211400347,1,167,2,0.0,0.0,,high_confidence_connexin_candidate,65.0,plausible_length;tm_helices_ok;low_reference_similarity;gene_like_exons;multiple_reference_hits,results/connexin_evolutionary_batch2_discovery/Ichthyophis_bannanicus
connexin,connexin_evolutionary_batch2_discovery,Ichthyophis_bannanicus,Ichthyophis bannanicus,candidate_inx_019,CM066039.1,-,55913857,55995898,1,463,1,0.0,0.0,,possible_connexin_candidate,40.0,plausible_length;few_tm_helices;low_reference_similarity;gene_like_exons;multiple_reference_hits,results/connexin_evolutionary_batch2_discovery/Ichthyophis_bannanicus
connexin,connexin_evolutionary_batch2_discovery,Ichthyophis_bannanicus,Ichthyophis bannanicus,candidate_inx_012,CM066036.1,+,56156200,56157006,1,381,0,0.0,0.0,,weak_manual_review,25.0,plausible_length;few_tm_helices;low_reference_similarity;gene_like_exons;multiple_reference_hits,results/connexin_evolutionary_batch2_discovery/Ichthyophis_bannanicus
connexin,connexin_evolutionary_batch2_discovery,Ichthyophis_bannanicus,Ichthyophis bannanicus,candidate_inx_017,CM066033.1,+,1410428046,1410434971,1,214,0,0.0,0.0,,weak_manual_review,25.0,plausible_length;few_tm_helices;low_reference_similarity;gene_like_exons;multiple_reference_hits,results/connexin_evolutionary_batch2_discovery/Ichthyophis_bannanicus
connexin,connexin_evolutionary_batch2_discovery,Ichthyophis_bannanicus,Ichthyophis bannanicus,candidate_inx_026,CM066045.1,-,78531880,78556894,1,109,2,0.0,0.0,,weak_manual_review,15.0,too_short;tm_helices_ok;low_reference_similarity;gene_like_exons;multiple_reference_hits,results/connexin_evolutionary_batch2_discovery/Ichthyophis_bannanicus
connexin,connexin_evolutionary_batch2_discovery,Ichthyophis_bannanicus,Ichthyophis bannanicus,candidate_inx_028,CM066048.1,-,18972187,18972432,1,108,5,0.0,0.0,,rejected_false_positive,5.0,too_short;tm_helices_ok;low_reference_similarity;gene_like_exons,results/connexin_evolutionary_batch2_discovery/Ichthyophis_bannanicus
connexin,connexin_evolutionary_batch2_discovery,Ichthyophis_bannanicus,Ichthyophis bannanicus,candidate_inx_003,CM066032.1,+,267308020,267308259,1,782,0,0.0,0.0,,rejected_false_positive,-5.0,long_protein;few_tm_helices;low_reference_similarity;gene_like_exons,results/connexin_evolutionary_batch2_discovery/Ichthyophis_bannanicus
connexin,connexin_evolutionary_batch2_discovery,Ichthyophis_bannanicus,Ichthyophis bannanicus,candidate_inx_024,CM066046.1,+,159982511,159982708,1,751,0,0.0,0.0,,rejected_false_positive,-5.0,long_protein;few_tm_helices;low_reference_similarity;gene_like_exons,results/connexin_evolutionary_batch2_discovery/Ichthyophis_bannanicus
connexin,connexin_evolutionary_batch2_discovery,Ichthyophis_bannanicus,Ichthyophis bannanicus,candidate_inx_014,CM066036.1,+,776079370,776114067,1,70,1,0.0,0.0,,rejected_false_positive,-10.0,too_short;few_tm_helices;low_reference_similarity;gene_like_exons;multiple_reference_hits,results/connexin_evolutionary_batch2_discovery/Ichthyophis_bannanicus
connexin,connexin_evolutionary_batch2_discovery,Ichthyophis_bannanicus,Ichthyophis bannanicus,candidate_inx_021,CM066041.1,-,151828966,151829103,1,93,1,0.0,0.0,,rejected_false_positive,-10.0,too_short;few_tm_helices;low_reference_similarity;gene_like_exons;multiple_reference_hits,results/connexin_evolutionary_batch2_discovery/Ichthyophis_bannanicus
connexin,connexin_evolutionary_batch2_discovery,Ichthyophis_bannanicus,Ichthyophis bannanicus,candidate_inx_004,CM066032.1,-,686691236,687707309,1,75,0,0.0,0.0,,rejected_false_positive,-35.0,too_short;few_tm_helices;low_reference_similarity;gene_like_exons,results/connexin_evolutionary_batch2_discovery/Ichthyophis_bannanicus
connexin,connexin_evolutionary_batch2_discovery,Ichthyophis_bannanicus,Ichthyophis bannanicus,candidate_inx_031,CM066051.1,-,17274466,17274657,1,74,0,0.0,0.0,,rejected_false_positive,-35.0,too_short;few_tm_helices;low_reference_similarity;gene_like_exons,results/connexin_evolutionary_batch2_discovery/Ichthyophis_bannanicus
connexin,connexin_evolutionary_batch2_discovery,Leucoraja_naevus,Leucoraja naevus,candidate_inx_019,OZ285740.1,+,15104429,15105979,1,76,2,0.0,0.0,,weak_manual_review,15.0,too_short;tm_helices_ok;low_reference_similarity;gene_like_exons;multiple_reference_hits,results/connexin_evolutionary_batch2_discovery/Leucoraja_naevus
connexin,connexin_evolutionary_batch2_discovery,Leucoraja_naevus,Leucoraja naevus,candidate_inx_021,OZ285716.1,+,63735202,63852767,1,119,3,0.0,0.0,,rejected_false_positive,5.0,too_short;tm_helices_ok;low_reference_similarity;gene_like_exons,results/connexin_evolutionary_batch2_discovery/Leucoraja_naevus
connexin,connexin_evolutionary_batch2_discovery,Leucoraja_naevus,Leucoraja naevus,candidate_inx_010,OZ285714.1,+,168135076,168135921,1,90,1,0.0,0.0,,rejected_false_positive,-10.0,too_short;few_tm_helices;low_reference_similarity;gene_like_exons;multiple_reference_hits,results/connexin_evolutionary_batch2_discovery/Leucoraja_naevus
connexin,connexin_evolutionary_batch2_discovery,Leucoraja_naevus,Leucoraja naevus,candidate_inx_011,OZ285721.1,-,42506244,42508037,1,83,0,0.0,0.0,,rejected_false_positive,-25.0,too_short;few_tm_helices;low_reference_similarity;gene_like_exons;multiple_reference_hits,results/connexin_evolutionary_batch2_discovery/Leucoraja_naevus
connexin,connexin_evolutionary_batch2_discovery,Liasis_olivaceus_olivaceus,Liasis olivaceus olivaceus,candidate_inx_007,CM175375.1,+,40578124,40579371,1,86,2,0.0,0.0,,weak_manual_review,15.0,too_short;tm_helices_ok;low_reference_similarity;gene_like_exons;multiple_reference_hits,results/connexin_evolutionary_batch2_discovery/Liasis_olivaceus_olivaceus
connexin,connexin_evolutionary_batch2_discovery,Liasis_olivaceus_olivaceus,Liasis olivaceus olivaceus,candidate_inx_005,CM175381.1,+,8310425,8311228,1,92,0,0.0,0.0,,rejected_false_positive,-25.0,too_short;few_tm_helices;low_reference_similarity;gene_like_exons;multiple_reference_hits,results/connexin_evolutionary_batch2_discovery/Liasis_olivaceus_olivaceus
connexin,connexin_evolutionary_batch2_discovery,Luscinia_svecica,Luscinia svecica,candidate_inx_007,OZ296842.2,+,15865544,15866383,1,159,0,0.0,0.0,,weak_manual_review,25.0,plausible_length;few_tm_helices;low_reference_similarity;gene_like_exons;multiple_reference_hits,results/connexin_evolutionary_batch2_discovery/Luscinia_svecica
connexin,connexin_evolutionary_batch2_discovery,Luscinia_svecica,Luscinia svecica,candidate_inx_009,OZ296858.2,-,3811834,3836436,1,153,0,0.0,0.0,,weak_manual_review,25.0,plausible_length;few_tm_helices;low_reference_similarity;gene_like_exons;multiple_reference_hits,results/connexin_evolutionary_batch2_discovery/Luscinia_svecica
connexin,connexin_evolutionary_batch2_discovery,Luscinia_svecica,Luscinia svecica,candidate_inx_010,OZ296858.2,-,6181705,6182886,1,187,0,0.0,0.0,,weak_manual_review,25.0,plausible_length;few_tm_helices;low_reference_similarity;gene_like_exons;multiple_reference_hits,results/connexin_evolutionary_batch2_discovery/Luscinia_svecica
connexin,connexin_evolutionary_batch2_discovery,Luscinia_svecica,Luscinia svecica,candidate_inx_013,OZ296836.2,-,15852744,15853907,1,96,1,0.0,0.0,,rejected_false_positive,-10.0,too_short;few_tm_helices;low_reference_similarity;gene_like_exons;multiple_reference_hits,results/connexin_evolutionary_batch2_discovery/Luscinia_svecica
connexin,connexin_evolutionary_batch2_discovery,Luscinia_svecica,Luscinia svecica,candidate_inx_016,OZ296830.2,+,2320919,2322166,1,93,0,0.0,0.0,,rejected_false_positive,-25.0,too_short;few_tm_helices;low_reference_similarity;gene_like_exons;multiple_reference_hits,results/connexin_evolutionary_batch2_discovery/Luscinia_svecica
connexin,connexin_evolutionary_batch2_discovery,Mabuya_desiradae,Mabuya desiradae,candidate_inx_012,CM167192.1,+,16832615,16833454,1,160,5,0.0,0.0,,high_confidence_connexin_candidate,65.0,plausible_length;tm_helices_ok;low_reference_similarity;gene_like_exons;multiple_reference_hits,results/connexin_evolutionary_batch2_discovery/Mabuya_desiradae
connexin,connexin_evolutionary_batch2_discovery,Mabuya_desiradae,Mabuya desiradae,candidate_inx_007,CM167183.1,+,191171836,191173347,1,121,4,0.0,0.0,,weak_manual_review,45.0,too_short;tm_helices_ok;low_reference_similarity;gene_like_exons;multiple_reference_hits,results/connexin_evolutionary_batch2_discovery/Mabuya_desiradae
connexin,connexin_evolutionary_batch2_discovery,Mabuya_desiradae,Mabuya desiradae,candidate_inx_019,CM167185.1,+,3084219,3085475,1,137,1,0.0,0.0,,weak_manual_review,20.0,too_short;few_tm_helices;low_reference_similarity;gene_like_exons;multiple_reference_hits,results/connexin_evolutionary_batch2_discovery/Mabuya_desiradae
connexin,connexin_evolutionary_batch2_discovery,Mabuya_desiradae,Mabuya desiradae,candidate_inx_009,CM167190.1,-,1205882,1206688,1,145,0,0.0,0.0,,rejected_false_positive,5.0,too_short;few_tm_helices;low_reference_similarity;gene_like_exons;multiple_reference_hits,results/connexin_evolutionary_batch2_discovery/Mabuya_desiradae
connexin,connexin_evolutionary_batch2_discovery,Mabuya_desiradae,Mabuya desiradae,candidate_inx_008,CM167190.1,-,1194709,1195767,1,73,0,0.0,0.0,,rejected_false_positive,-25.0,too_short;few_tm_helices;low_reference_similarity;gene_like_exons;multiple_reference_hits,results/connexin_evolutionary_batch2_discovery/Mabuya_desiradae
connexin,connexin_evolutionary_batch2_discovery,Mabuya_desiradae,Mabuya desiradae,candidate_inx_013,CM167181.1,+,125980689,125981339,1,89,0,0.0,0.0,,rejected_false_positive,-35.0,too_short;few_tm_helices;low_reference_similarity;gene_like_exons,results/connexin_evolutionary_batch2_discovery/Mabuya_desiradae
connexin,connexin_evolutionary_batch2_discovery,Malacoraja_senta,Malacoraja senta,candidate_inx_002,JAXLNO010000710.1,+,44090,140711,1,122,3,0.0,0.0,,weak_manual_review,45.0,too_short;tm_helices_ok;low_reference_similarity;gene_like_exons;multiple_reference_hits,results/connexin_evolutionary_batch2_discovery/Malacoraja_senta
connexin,connexin_evolutionary_batch2_discovery,Malacoraja_senta,Malacoraja senta,candidate_inx_005,CM075983.1,+,7335214,7336017,1,122,3,0.0,0.0,,weak_manual_review,45.0,too_short;tm_helices_ok;low_reference_similarity;gene_like_exons;multiple_reference_hits,results/connexin_evolutionary_batch2_discovery/Malacoraja_senta
connexin,connexin_evolutionary_batch2_discovery,Malacoraja_senta,Malacoraja senta,candidate_inx_007,CM075986.1,+,32564933,32646342,1,171,1,0.0,0.0,,possible_connexin_candidate,40.0,plausible_length;few_tm_helices;low_reference_similarity;gene_like_exons;multiple_reference_hits,results/connexin_evolutionary_batch2_discovery/Malacoraja_senta
connexin,connexin_evolutionary_batch2_discovery,Malacoraja_senta,Malacoraja senta,candidate_inx_010,CM075977.1,+,169648103,169769251,1,80,0,0.0,0.0,,rejected_false_positive,-35.0,too_short;few_tm_helices;low_reference_similarity;gene_like_exons,results/connexin_evolutionary_batch2_discovery/Malacoraja_senta
connexin,connexin_evolutionary_batch2_discovery,Malacoraja_senta,Malacoraja senta,candidate_inx_011,JAXLNO010000637.1,+,3469,3630,1,85,0,0.0,0.0,,rejected_false_positive,-35.0,too_short;few_tm_helices;low_reference_similarity;gene_like_exons,results/connexin_evolutionary_batch2_discovery/Malacoraja_senta
connexin,connexin_evolutionary_batch2_discovery,Marmaronetta_angustirostris,Marmaronetta angustirostris,candidate_inx_008,CM170716.1,-,11527550,11528386,1,383,1,0.0,0.0,,possible_connexin_candidate,40.0,plausible_length;few_tm_helices;low_reference_similarity;gene_like_exons;multiple_reference_hits,results/connexin_evolutionary_batch2_discovery/Marmaronetta_angustirostris
connexin,connexin_evolutionary_batch2_discovery,Marmaronetta_angustirostris,Marmaronetta angustirostris,candidate_inx_014,CM170709.1,-,16887722,16888894,1,100,2,0.0,0.0,,weak_manual_review,25.0,too_short;tm_helices_ok;low_reference_similarity;gene_like_exons;multiple_reference_hits;complete_orf,results/connexin_evolutionary_batch2_discovery/Marmaronetta_angustirostris
connexin,connexin_evolutionary_batch2_discovery,Marmaronetta_angustirostris,Marmaronetta angustirostris,candidate_inx_015,CM170726.1,-,3543377,3544933,1,217,0,0.0,0.0,,weak_manual_review,15.0,plausible_length;few_tm_helices;low_reference_similarity;gene_like_exons,results/connexin_evolutionary_batch2_discovery/Marmaronetta_angustirostris
connexin,connexin_evolutionary_batch2_discovery,Marmaronetta_angustirostris,Marmaronetta angustirostris,candidate_inx_012,CM170706.1,+,59138744,59139400,1,133,0,0.0,0.0,,rejected_false_positive,-5.0,too_short;few_tm_helices;low_reference_similarity;gene_like_exons,results/connexin_evolutionary_batch2_discovery/Marmaronetta_angustirostris
connexin,connexin_evolutionary_batch2_discovery,Marmaronetta_angustirostris,Marmaronetta angustirostris,candidate_inx_004,CM170704.1,-,18807592,18808383,1,89,0,0.0,0.0,,rejected_false_positive,-25.0,too_short;few_tm_helices;low_reference_similarity;gene_like_exons;multiple_reference_hits,results/connexin_evolutionary_batch2_discovery/Marmaronetta_angustirostris
connexin,connexin_evolutionary_batch2_discovery,Marmaronetta_angustirostris,Marmaronetta angustirostris,candidate_inx_006,CM170726.1,+,1955616,1970220,3,83,0,0.0,0.0,,rejected_false_positive,-25.0,too_short;few_tm_helices;low_reference_similarity;gene_like_exons;multiple_reference_hits,results/connexin_evolutionary_batch2_discovery/Marmaronetta_angustirostris
connexin,connexin_evolutionary_batch2_discovery,Marmaronetta_angustirostris,Marmaronetta angustirostris,candidate_inx_010,CM170727.1,-,1926773,1972513,1,108,0,0.0,0.0,,rejected_false_positive,-25.0,too_short;few_tm_helices;low_reference_similarity;gene_like_exons;multiple_reference_hits,results/connexin_evolutionary_batch2_discovery/Marmaronetta_angustirostris
connexin,connexin_evolutionary_batch2_discovery,Marmaronetta_angustirostris,Marmaronetta angustirostris,candidate_inx_016,CM170705.1,+,2964044,2965291,1,101,0,0.0,0.0,,rejected_false_positive,-25.0,too_short;few_tm_helices;low_reference_similarity;gene_like_exons;multiple_reference_hits,results/connexin_evolutionary_batch2_discovery/Marmaronetta_angustirostris
connexin,connexin_evolutionary_batch2_discovery,Marmota_vancouverensis,Marmota vancouverensis,candidate_inx_017,JBDUGU020000004.1,-,163885536,163886843,1,70,4,0.0,0.0,,weak_manual_review,15.0,too_short;tm_helices_ok;low_reference_similarity;gene_like_exons;multiple_reference_hits,results/connexin_evolutionary_batch2_discovery/Marmota_vancouverensis
connexin,connexin_evolutionary_batch2_discovery,Marmota_vancouverensis,Marmota vancouverensis,candidate_inx_018,JBDUGU020000021.1,+,30691764,30692537,1,98,1,0.0,0.0,,rejected_false_positive,-10.0,too_short;few_tm_helices;low_reference_similarity;gene_like_exons;multiple_reference_hits,results/connexin_evolutionary_batch2_discovery/Marmota_vancouverensis
connexin,connexin_evolutionary_batch2_discovery,Marmota_vancouverensis,Marmota vancouverensis,candidate_inx_007,JBDUGU020000009.1,+,22684476,22688979,2,89,0,0.0,0.0,,rejected_false_positive,-25.0,too_short;few_tm_helices;low_reference_similarity;gene_like_exons;multiple_reference_hits,results/connexin_evolutionary_batch2_discovery/Marmota_vancouverensis
connexin,connexin_evolutionary_batch2_discovery,Marmota_vancouverensis,Marmota vancouverensis,candidate_inx_009,JBDUGU020000009.1,+,22719427,22720431,1,76,0,0.0,0.0,,rejected_false_positive,-25.0,too_short;few_tm_helices;low_reference_similarity;gene_like_exons;multiple_reference_hits,results/connexin_evolutionary_batch2_discovery/Marmota_vancouverensis
connexin,connexin_evolutionary_batch2_discovery,Marmota_vancouverensis,Marmota vancouverensis,candidate_inx_010,JBDUGU020000009.1,+,112589912,112590991,1,96,0,0.0,0.0,,rejected_false_positive,-25.0,too_short;few_tm_helices;low_reference_similarity;gene_like_exons;multiple_reference_hits,results/connexin_evolutionary_batch2_discovery/Marmota_vancouverensis
connexin,connexin_evolutionary_batch2_discovery,Okamejei_kenojei,Okamejei kenojei,candidate_inx_015,CM069137.1,-,3084141,3156563,1,261,3,0.0,0.0,,high_confidence_connexin_candidate,65.0,plausible_length;tm_helices_ok;low_reference_similarity;gene_like_exons;multiple_reference_hits,results/connexin_evolutionary_batch2_discovery/Okamejei_kenojei
connexin,connexin_evolutionary_batch2_discovery,Okamejei_kenojei,Okamejei kenojei,candidate_inx_010,CM069143.1,+,62969419,62970258,1,116,2,0.0,0.0,,weak_manual_review,15.0,too_short;tm_helices_ok;low_reference_similarity;gene_like_exons;multiple_reference_hits,results/connexin_evolutionary_batch2_discovery/Okamejei_kenojei
connexin,connexin_evolutionary_batch2_discovery,Okamejei_kenojei,Okamejei kenojei,candidate_inx_008,CM069157.1,-,22231125,22231877,1,70,0,0.0,0.0,,rejected_false_positive,-25.0,too_short;few_tm_helices;low_reference_similarity;gene_like_exons;multiple_reference_hits,results/connexin_evolutionary_batch2_discovery/Okamejei_kenojei
connexin,connexin_evolutionary_batch2_discovery,Okamejei_kenojei,Okamejei kenojei,candidate_inx_011,CM069139.1,-,56321017,56322798,1,71,0,0.0,0.0,,rejected_false_positive,-25.0,too_short;few_tm_helices;low_reference_similarity;gene_like_exons;multiple_reference_hits,results/connexin_evolutionary_batch2_discovery/Okamejei_kenojei
connexin,connexin_evolutionary_batch2_discovery,Okamejei_kenojei,Okamejei kenojei,candidate_inx_012,CM069161.1,+,29337669,29338841,1,80,0,0.0,0.0,,rejected_false_positive,-25.0,too_short;few_tm_helices;low_reference_similarity;gene_like_exons;multiple_reference_hits,results/connexin_evolutionary_batch2_discovery/Okamejei_kenojei
connexin,connexin_evolutionary_batch2_discovery,Okamejei_kenojei,Okamejei kenojei,candidate_inx_002,CM069135.1,-,75118001,75118684,1,85,0,0.0,0.0,,rejected_false_positive,-35.0,too_short;few_tm_helices;low_reference_similarity;gene_like_exons,results/connexin_evolutionary_batch2_discovery/Okamejei_kenojei
connexin,connexin_evolutionary_batch2_discovery,Potamotrygon_marinae,Potamotrygon marinae,candidate_inx_008,CM144618.1,+,179226822,179227667,1,222,2,0.0,0.0,,high_confidence_connexin_candidate,65.0,plausible_length;tm_helices_ok;low_reference_similarity;gene_like_exons;multiple_reference_hits,results/connexin_evolutionary_batch2_discovery/Potamotrygon_marinae
connexin,connexin_evolutionary_batch2_discovery,Potamotrygon_marinae,Potamotrygon marinae,candidate_inx_023,CM144627.1,-,43781571,43781663,1,251,2,0.0,0.0,,possible_connexin_candidate,55.0,plausible_length;tm_helices_ok;low_reference_similarity;gene_like_exons,results/connexin_evolutionary_batch2_discovery/Potamotrygon_marinae
connexin,connexin_evolutionary_batch2_discovery,Potamotrygon_marinae,Potamotrygon marinae,candidate_inx_005,CM144615.1,-,103755783,103756970,1,140,4,0.0,0.0,,weak_manual_review,45.0,too_short;tm_helices_ok;low_reference_similarity;gene_like_exons;multiple_reference_hits,results/connexin_evolutionary_batch2_discovery/Potamotrygon_marinae
connexin,connexin_evolutionary_batch2_discovery,Potamotrygon_marinae,Potamotrygon marinae,candidate_inx_040,CM144643.1,-,40519603,40521120,1,128,4,0.0,0.0,,weak_manual_review,45.0,too_short;tm_helices_ok;low_reference_similarity;gene_like_exons;multiple_reference_hits,results/connexin_evolutionary_batch2_discovery/Potamotrygon_marinae
connexin,connexin_evolutionary_batch2_discovery,Potamotrygon_marinae,Potamotrygon marinae,candidate_inx_016,CM144619.1,-,49651429,49651527,1,197,1,0.0,0.0,,weak_manual_review,30.0,plausible_length;few_tm_helices;low_reference_similarity;gene_like_exons,results/connexin_evolutionary_batch2_discovery/Potamotrygon_marinae
connexin,connexin_evolutionary_batch2_discovery,Potamotrygon_marinae,Potamotrygon marinae,candidate_inx_007,CM144617.1,-,124656580,124656774,1,82,2,0.0,0.0,,weak_manual_review,15.0,too_short;tm_helices_ok;low_reference_similarity;gene_like_exons;multiple_reference_hits,results/connexin_evolutionary_batch2_discovery/Potamotrygon_marinae
connexin,connexin_evolutionary_batch2_discovery,Potamotrygon_marinae,Potamotrygon marinae,candidate_inx_012,CM144620.1,-,11665828,11666682,1,112,5,0.0,0.0,,weak_manual_review,15.0,too_short;tm_helices_ok;low_reference_similarity;gene_like_exons;multiple_reference_hits,results/connexin_evolutionary_batch2_discovery/Potamotrygon_marinae
connexin,connexin_evolutionary_batch2_discovery,Potamotrygon_marinae,Potamotrygon marinae,candidate_inx_013,CM144620.1,-,121581476,121582225,1,86,2,0.0,0.0,,weak_manual_review,15.0,too_short;tm_helices_ok;low_reference_similarity;gene_like_exons;multiple_reference_hits,results/connexin_evolutionary_batch2_discovery/Potamotrygon_marinae
connexin,connexin_evolutionary_batch2_discovery,Potamotrygon_marinae,Potamotrygon marinae,candidate_inx_014,CM144621.1,+,119139182,119140558,1,84,2,0.0,0.0,,weak_manual_review,15.0,too_short;tm_helices_ok;low_reference_similarity;gene_like_exons;multiple_reference_hits,results/connexin_evolutionary_batch2_discovery/Potamotrygon_marinae
connexin,connexin_evolutionary_batch2_discovery,Potamotrygon_marinae,Potamotrygon marinae,candidate_inx_020,CM144623.1,-,4515330,4515536,1,168,0,0.0,0.0,,weak_manual_review,15.0,plausible_length;few_tm_helices;low_reference_similarity;gene_like_exons,results/connexin_evolutionary_batch2_discovery/Potamotrygon_marinae
connexin,connexin_evolutionary_batch2_discovery,Potamotrygon_marinae,Potamotrygon marinae,candidate_inx_022,CM144627.1,+,113382561,113382755,1,85,2,0.0,0.0,,weak_manual_review,15.0,too_short;tm_helices_ok;low_reference_similarity;gene_like_exons;multiple_reference_hits,results/connexin_evolutionary_batch2_discovery/Potamotrygon_marinae
connexin,connexin_evolutionary_batch2_discovery,Potamotrygon_marinae,Potamotrygon marinae,candidate_inx_024,CM144627.1,-,100952902,100953096,1,85,3,0.0,0.0,,weak_manual_review,15.0,too_short;tm_helices_ok;low_reference_similarity;gene_like_exons;multiple_reference_hits,results/connexin_evolutionary_batch2_discovery/Potamotrygon_marinae
connexin,connexin_evolutionary_batch2_discovery,Potamotrygon_marinae,Potamotrygon marinae,candidate_inx_025,CM144627.1,-,119010030,119010224,1,83,2,0.0,0.0,,weak_manual_review,15.0,too_short;tm_helices_ok;low_reference_similarity;gene_like_exons;multiple_reference_hits,results/connexin_evolutionary_batch2_discovery/Potamotrygon_marinae
connexin,connexin_evolutionary_batch2_discovery,Potamotrygon_marinae,Potamotrygon marinae,candidate_inx_027,CM144637.1,+,81268533,81268727,1,83,3,0.0,0.0,,weak_manual_review,15.0,too_short;tm_helices_ok;low_reference_similarity;gene_like_exons;multiple_reference_hits,results/connexin_evolutionary_batch2_discovery/Potamotrygon_marinae
connexin,connexin_evolutionary_batch2_discovery,Potamotrygon_marinae,Potamotrygon marinae,candidate_inx_028,CM144635.1,+,50357754,50357948,1,83,2,0.0,0.0,,weak_manual_review,15.0,too_short;tm_helices_ok;low_reference_similarity;gene_like_exons;multiple_reference_hits,results/connexin_evolutionary_batch2_discovery/Potamotrygon_marinae
connexin,connexin_evolutionary_batch2_discovery,Potamotrygon_marinae,Potamotrygon marinae,candidate_inx_029,CM144636.1,+,1367566,1367760,1,83,2,0.0,0.0,,weak_manual_review,15.0,too_short;tm_helices_ok;low_reference_similarity;gene_like_exons;multiple_reference_hits,results/connexin_evolutionary_batch2_discovery/Potamotrygon_marinae
connexin,connexin_evolutionary_batch2_discovery,Potamotrygon_marinae,Potamotrygon marinae,candidate_inx_031,CM144642.1,+,3665607,3665801,1,84,2,0.0,0.0,,weak_manual_review,15.0,too_short;tm_helices_ok;low_reference_similarity;gene_like_exons;multiple_reference_hits,results/connexin_evolutionary_batch2_discovery/Potamotrygon_marinae
connexin,connexin_evolutionary_batch2_discovery,Potamotrygon_marinae,Potamotrygon marinae,candidate_inx_030,CM144638.1,+,69697678,69697872,1,116,2,0.0,0.0,,rejected_false_positive,5.0,too_short;tm_helices_ok;low_reference_similarity;gene_like_exons,results/connexin_evolutionary_batch2_discovery/Potamotrygon_marinae
connexin,connexin_evolutionary_batch2_discovery,Potamotrygon_marinae,Potamotrygon marinae,candidate_inx_034,CM144641.1,-,37201507,37201947,1,895,0,0.0,0.0,,rejected_false_positive,-5.0,long_protein;few_tm_helices;low_reference_similarity;gene_like_exons,results/connexin_evolutionary_batch2_discovery/Potamotrygon_marinae
connexin,connexin_evolutionary_batch2_discovery,Potamotrygon_marinae,Potamotrygon marinae,candidate_inx_038,CM144643.1,+,36592173,36592898,1,95,0,0.0,0.0,,rejected_false_positive,-25.0,too_short;few_tm_helices;low_reference_similarity;gene_like_exons;multiple_reference_hits,results/connexin_evolutionary_batch2_discovery/Potamotrygon_marinae
connexin,connexin_evolutionary_batch2_discovery,Potamotrygon_marinae,Potamotrygon marinae,candidate_inx_002,CM144616.1,+,224714114,224714313,1,70,0,0.0,0.0,,rejected_false_positive,-35.0,too_short;few_tm_helices;low_reference_similarity;gene_like_exons,results/connexin_evolutionary_batch2_discovery/Potamotrygon_marinae
connexin,connexin_evolutionary_batch2_discovery,Scleropages_jardinii,Scleropages jardinii,candidate_inx_006,CM142412.1,-,42019261,42020655,1,149,9,0.0,0.0,,weak_manual_review,45.0,too_short;tm_helices_ok;low_reference_similarity;gene_like_exons;multiple_reference_hits,results/connexin_evolutionary_batch2_discovery/Scleropages_jardinii
connexin,connexin_evolutionary_batch2_discovery,Scleropages_jardinii,Scleropages jardinii,candidate_inx_019,CM142420.1,+,20616080,20617342,1,87,3,0.0,0.0,,weak_manual_review,15.0,too_short;tm_helices_ok;low_reference_similarity;gene_like_exons;multiple_reference_hits,results/connexin_evolutionary_batch2_discovery/Scleropages_jardinii
connexin,connexin_evolutionary_batch2_discovery,Scleropages_jardinii,Scleropages jardinii,candidate_inx_020,CM142424.1,+,2662766,2663551,1,141,0,0.0,0.0,,rejected_false_positive,-5.0,too_short;few_tm_helices;low_reference_similarity;gene_like_exons,results/connexin_evolutionary_batch2_discovery/Scleropages_jardinii
connexin,connexin_evolutionary_batch2_discovery,Scleropages_jardinii,Scleropages jardinii,candidate_inx_012,CM142413.1,-,30522326,30523649,1,88,0,0.0,0.0,,rejected_false_positive,-25.0,too_short;few_tm_helices;low_reference_similarity;gene_like_exons;multiple_reference_hits,results/connexin_evolutionary_batch2_discovery/Scleropages_jardinii
connexin,connexin_evolutionary_batch2_discovery,Scleropages_jardinii,Scleropages jardinii,candidate_inx_003,CM142412.1,-,21134309,21135331,1,111,0,0.0,0.0,,rejected_false_positive,-35.0,too_short;few_tm_helices;low_reference_similarity;gene_like_exons,results/connexin_evolutionary_batch2_discovery/Scleropages_jardinii
connexin,connexin_evolutionary_batch2_discovery,Triplophysa_stolickai,Triplophysa stolickai,candidate_inx_018,CM175792.1,-,15209866,15210699,1,141,2,0.0,0.0,,weak_manual_review,35.0,too_short;tm_helices_ok;low_reference_similarity;gene_like_exons,results/connexin_evolutionary_batch2_discovery/Triplophysa_stolickai
connexin,connexin_evolutionary_batch2_discovery,Triplophysa_stolickai,Triplophysa stolickai,candidate_inx_014,CM175789.1,+,2521306,2522442,1,71,2,0.0,0.0,,weak_manual_review,15.0,too_short;tm_helices_ok;low_reference_similarity;gene_like_exons;multiple_reference_hits,results/connexin_evolutionary_batch2_discovery/Triplophysa_stolickai
connexin,connexin_evolutionary_batch2_discovery,Triplophysa_stolickai,Triplophysa stolickai,candidate_inx_003,CM175796.1,-,14638101,14643776,2,71,0,0.0,0.0,,rejected_false_positive,-25.0,too_short;few_tm_helices;low_reference_similarity;gene_like_exons;multiple_reference_hits,results/connexin_evolutionary_batch2_discovery/Triplophysa_stolickai
connexin,connexin_evolutionary_batch2_discovery,Triplophysa_stolickai,Triplophysa stolickai,candidate_inx_011,CM175798.1,+,18264816,18265809,1,72,0,0.0,0.0,,rejected_false_positive,-25.0,too_short;few_tm_helices;low_reference_similarity;gene_like_exons;multiple_reference_hits,results/connexin_evolutionary_batch2_discovery/Triplophysa_stolickai
connexin,connexin_evolutionary_batch2_discovery,Triplophysa_stolickai,Triplophysa stolickai,candidate_inx_017,CM175791.1,+,14837887,14839140,1,88,0,0.0,0.0,,rejected_false_positive,-25.0,too_short;few_tm_helices;low_reference_similarity;gene_like_exons;multiple_reference_hits,results/connexin_evolutionary_batch2_discovery/Triplophysa_stolickai
connexin,connexin_evolutionary_batch2_discovery,Triplophysa_stolickai,Triplophysa stolickai,candidate_inx_021,CM175795.1,-,7571451,7572527,1,83,0,0.0,0.0,,rejected_false_positive,-35.0,too_short;few_tm_helices;low_reference_similarity;gene_like_exons,results/connexin_evolutionary_batch2_discovery/Triplophysa_stolickai
innexin,gene_curator_probe,Abra_alba,Abra alba,curator_inx_001,OZ409525.1,+,53154133,53163052,,363,,0.422,,sp|Q03412|UNC7_CAEEL 136 498,curator_present_innexin,55.0,curator_present,project/results/gene_curator_probe/Abra_alba
innexin,gene_curator_probe,Abra_alba,Abra alba,curator_inx_002,OZ409525.1,-,26978116,27031527,,372,,0.4036,,sp|Q03412|UNC7_CAEEL 129 501,curator_present_innexin,55.0,curator_present,project/results/gene_curator_probe/Abra_alba
innexin,gene_curator_probe,Abra_alba,Abra alba,curator_inx_003,OZ409525.1,+,18330358,18348899,,381,,0.3874,,sp|O01393|UNC9_CAEEL 1 375,curator_present_innexin,55.0,curator_present,project/results/gene_curator_probe/Abra_alba
innexin,gene_curator_probe,Abra_alba,Abra alba,curator_inx_004,OZ409525.1,-,27063409,27064521,,371,,0.384,,sp|Q03412|UNC7_CAEEL 130 501,curator_present_innexin,55.0,curator_present,project/results/gene_curator_probe/Abra_alba
innexin,gene_curator_probe,Abra_alba,Abra alba,curator_inx_005,OZ409525.1,-,47319987,47324644,,378,,0.3782,,sp|Q03412|UNC7_CAEEL 136 510,curator_present_innexin,55.0,curator_present,project/results/gene_curator_probe/Abra_alba
innexin,gene_curator_probe,Abra_alba,Abra alba,curator_inx_006,OZ409525.1,-,27026774,27031521,,381,,0.3665,,sp|O01393|UNC9_CAEEL 13 386,curator_present_innexin,55.0,curator_present,project/results/gene_curator_probe/Abra_alba
innexin,gene_curator_probe,Abra_alba,Abra alba,curator_inx_007,OZ409527.1,+,48105670,48111459,,388,,0.3543,,sp|Q03412|UNC7_CAEEL 130 520,curator_present_innexin,55.0,curator_present,project/results/gene_curator_probe/Abra_alba
innexin,gene_curator_probe,Abra_alba,Abra alba,curator_inx_008,OZ409525.1,-,26858615,26863945,,247,,0.3172,,sp|Q9V427|INX2_DROME 20 287,weak_manual_review,25.0,curator_fragmentary,project/results/gene_curator_probe/Abra_alba
innexin,gene_curator_probe,Abra_alba,Abra alba,curator_inx_009,OZ409525.1,-,26983439,26985168,,313,,0.2747,,sp|Q9V427|INX2_DROME 1 285,curator_present_innexin,55.0,curator_present,project/results/gene_curator_probe/Abra_alba
innexin,gene_curator_probe,Abra_segmentum,Abra segmentum,curator_inx_010,OZ251777.1,-,14113510,14127320,,363,,0.4301,,sp|Q03412|UNC7_CAEEL 136 498,curator_present_innexin,55.0,curator_present,project/results/gene_curator_probe/Abra_segmentum
innexin,gene_curator_probe,Abra_segmentum,Abra segmentum,curator_inx_011,OZ251777.1,+,10571949,10575809,,386,,0.3938,,sp|O01393|UNC9_CAEEL 1 375,curator_present_innexin,55.0,curator_present,project/results/gene_curator_probe/Abra_segmentum
innexin,gene_curator_probe,Abra_segmentum,Abra segmentum,curator_inx_012,OZ251777.1,-,37671120,37672232,,371,,0.3867,,sp|Q03412|UNC7_CAEEL 130 501,curator_present_innexin,55.0,curator_present,project/results/gene_curator_probe/Abra_segmentum
innexin,gene_curator_probe,Abra_segmentum,Abra segmentum,curator_inx_013,OZ251777.1,+,53450550,53469929,,381,,0.3848,,sp|O01393|UNC9_CAEEL 1 375,curator_present_innexin,55.0,curator_present,project/results/gene_curator_probe/Abra_segmentum
innexin,gene_curator_probe,Abra_segmentum,Abra segmentum,curator_inx_014,OZ251777.1,-,37619854,37628968,,393,,0.3782,,sp|O01393|UNC9_CAEEL 1 386,curator_present_innexin,55.0,curator_present,project/results/gene_curator_probe/Abra_segmentum
innexin,gene_curator_probe,Abra_segmentum,Abra segmentum,curator_inx_015,OZ251777.1,+,32509668,32513297,,378,,0.3782,,sp|Q03412|UNC7_CAEEL 136 510,curator_present_innexin,55.0,curator_present,project/results/gene_curator_probe/Abra_segmentum
innexin,gene_curator_probe,Abra_segmentum,Abra segmentum,curator_inx_016,OZ251784.1,-,30028846,30031445,,380,,0.3472,,sp|O01393|UNC9_CAEEL 13 386,curator_present_innexin,55.0,curator_present,project/results/gene_curator_probe/Abra_segmentum
innexin,gene_curator_probe,Abra_segmentum,Abra segmentum,curator_inx_017,OZ251786.1,-,2258616,2261215,,380,,0.3446,,sp|O01393|UNC9_CAEEL 13 386,curator_present_innexin,55.0,curator_present,project/results/gene_curator_probe/Abra_segmentum
innexin,gene_curator_probe,Abra_segmentum,Abra segmentum,curator_inx_018,OZ251777.1,-,37428076,37431200,,273,,0.3013,,sp|Q9XYN1|INX2_SCHAM 20 321,weak_manual_review,25.0,curator_fragmentary,project/results/gene_curator_probe/Abra_segmentum
innexin,gene_curator_probe,Abra_segmentum,Abra segmentum,curator_inx_019,OZ251777.1,-,37626866,37628412,,307,,0.2848,,sp|Q9XYN1|INX2_SCHAM 1 287,curator_present_innexin,55.0,curator_present,project/results/gene_curator_probe/Abra_segmentum
innexin,gene_curator_probe,Acanthocardia_echinata,Acanthocardia echinata,curator_inx_020,OZ377328.1,-,2223730,2233660,,368,,0.4225,,sp|Q03412|UNC7_CAEEL 136 503,curator_present_innexin,55.0,curator_present,project/results/gene_curator_probe/Acanthocardia_echinata
innexin,gene_curator_probe,Acanthocardia_echinata,Acanthocardia echinata,curator_inx_021,OZ377328.1,+,2193928,2204892,,368,,0.4198,,sp|Q03412|UNC7_CAEEL 136 503,curator_present_innexin,55.0,curator_present,project/results/gene_curator_probe/Acanthocardia_echinata
innexin,gene_curator_probe,Acanthocardia_echinata,Acanthocardia echinata,curator_inx_022,OZ377328.1,-,19071829,19072938,,370,,0.4,,sp|O01393|UNC9_CAEEL 21 383,curator_present_innexin,55.0,curator_present,project/results/gene_curator_probe/Acanthocardia_echinata
innexin,gene_curator_probe,Acanthocardia_echinata,Acanthocardia echinata,curator_inx_023,OZ377328.1,+,23337154,23339399,,373,,0.3974,,sp|Q03412|UNC7_CAEEL 129 502,curator_present_innexin,55.0,curator_present,project/results/gene_curator_probe/Acanthocardia_echinata
innexin,gene_curator_probe,Acanthocardia_echinata,Acanthocardia echinata,curator_inx_024,OZ377328.1,-,18890103,18896398,,372,,0.3953,,sp|Q03412|UNC7_CAEEL 129 501,curator_present_innexin,55.0,curator_present,project/results/gene_curator_probe/Acanthocardia_echinata
innexin,gene_curator_probe,Acanthocardia_echinata,Acanthocardia echinata,curator_inx_025,OZ377328.1,+,23300040,23302999,,362,,0.3812,,sp|O01393|UNC9_CAEEL 20 375,curator_present_innexin,55.0,curator_present,project/results/gene_curator_probe/Acanthocardia_echinata
innexin,gene_curator_probe,Acanthocardia_echinata,Acanthocardia echinata,curator_inx_026,OZ377328.1,-,21341102,21387057,,380,,0.3805,,sp|Q03412|UNC7_CAEEL 139 522,curator_present_innexin,55.0,curator_present,project/results/gene_curator_probe/Acanthocardia_echinata
innexin,gene_curator_probe,Acanthocardia_echinata,Acanthocardia echinata,curator_inx_027,OZ377327.1,-,20123227,20124345,,373,,0.3792,,sp|Q03412|UNC7_CAEEL 130 502,curator_present_innexin,55.0,curator_present,project/results/gene_curator_probe/Acanthocardia_echinata
innexin,gene_curator_probe,Acanthocardia_echinata,Acanthocardia echinata,curator_inx_028,OZ377328.1,-,21312057,21325945,,362,,0.377,,sp|Q03412|UNC7_CAEEL 139 501,curator_present_innexin,55.0,curator_present,project/results/gene_curator_probe/Acanthocardia_echinata
innexin,gene_curator_probe,Acanthocardia_echinata,Acanthocardia echinata,curator_inx_029,OZ377325.1,+,14826690,14837377,,376,,0.3747,,sp|Q03412|UNC7_CAEEL 138 508,curator_present_innexin,55.0,curator_present,project/results/gene_curator_probe/Acanthocardia_echinata
innexin,gene_curator_probe,Acanthocardia_echinata,Acanthocardia echinata,curator_inx_030,OZ377328.1,-,21360257,21387081,,377,,0.3687,,sp|O01393|UNC9_CAEEL 13 382,curator_present_innexin,55.0,curator_present,project/results/gene_curator_probe/Acanthocardia_echinata
innexin,gene_curator_probe,Acanthocardia_echinata,Acanthocardia echinata,curator_inx_031,OZ377318.1,+,9903781,9904962,,394,,0.3645,,sp|Q03412|UNC7_CAEEL 130 522,curator_present_innexin,55.0,curator_present,project/results/gene_curator_probe/Acanthocardia_echinata
innexin,gene_curator_probe,Acanthocardia_echinata,Acanthocardia echinata,curator_inx_032,OZ377328.1,+,11251456,11255941,,386,,0.3497,,sp|O01393|UNC9_CAEEL 1 375,curator_present_innexin,55.0,curator_present,project/results/gene_curator_probe/Acanthocardia_echinata
innexin,gene_curator_probe,Acanthocardia_echinata,Acanthocardia echinata,curator_inx_033,OZ377328.1,+,11291981,11299363,,386,,0.3446,,sp|O01393|UNC9_CAEEL 1 375,curator_present_innexin,55.0,curator_present,project/results/gene_curator_probe/Acanthocardia_echinata
innexin,gene_curator_probe,Acanthocardia_echinata,Acanthocardia echinata,curator_inx_034,OZ377328.1,-,2227630,2231500,,254,,0.2888,,sp|P33085|SHAKB_DROME 33 275,weak_manual_review,25.0,curator_fragmentary,project/results/gene_curator_probe/Acanthocardia_echinata
innexin,gene_curator_probe,Acanthochitona_discrepans,Acanthochitona discrepans,curator_inx_035,CM108789.1,+,17930773,17931897,,375,,0.4199,,sp|Q03412|UNC7_CAEEL 128 503,curator_present_innexin,55.0,curator_present,project/results/gene_curator_probe/Acanthochitona_discrepans
innexin,gene_curator_probe,Acanthochitona_discrepans,Acanthochitona discrepans,curator_inx_036,JBLVQD010000009.1,+,6410532,6411647,,372,,0.4011,,sp|Q03412|UNC7_CAEEL 136 508,curator_present_innexin,55.0,curator_present,project/results/gene_curator_probe/Acanthochitona_discrepans
innexin,gene_curator_probe,Acanthochitona_discrepans,Acanthochitona discrepans,curator_inx_037,CM108789.1,-,13572118,13573209,,364,,0.389,,sp|O01393|UNC9_CAEEL 20 376,curator_present_innexin,55.0,curator_present,project/results/gene_curator_probe/Acanthochitona_discrepans
innexin,gene_curator_probe,Acanthochitona_discrepans,Acanthochitona discrepans,curator_inx_038,CM108789.1,-,13705717,13706817,,367,,0.382,,sp|Q03412|UNC7_CAEEL 138 505,curator_present_innexin,55.0,curator_present,project/results/gene_curator_probe/Acanthochitona_discrepans
innexin,gene_curator_probe,Acanthochitona_discrepans,Acanthochitona discrepans,curator_inx_039,CM108789.1,-,13668655,13669749,,365,,0.3616,,sp|O01393|UNC9_CAEEL 20 377,curator_present_innexin,55.0,curator_present,project/results/gene_curator_probe/Acanthochitona_discrepans
innexin,gene_curator_probe,Acartia_tonsa,Acartia tonsa,curator_inx_040,NC_137263.1,-,17650629,17688963,,356,,0.6947,,sp|P33085|SHAKB_DROME 1 357,curator_present_innexin,55.0,curator_present,project/results/gene_curator_probe/Acartia_tonsa
innexin,gene_curator_probe,Acartia_tonsa,Acartia tonsa,curator_inx_041,NC_137263.1,+,23536043,23592996,,353,,0.6836,,sp|Q1DH70|SHAKB_AEDAE 1 354,curator_present_innexin,55.0,curator_present,project/results/gene_curator_probe/Acartia_tonsa
innexin,gene_curator_probe,Acartia_tonsa,Acartia tonsa,curator_inx_042,NC_137274.1,-,22130542,22180508,,324,,0.6636,,sp|Q1DH70|SHAKB_AEDAE 23 345,curator_present_innexin,55.0,curator_present,project/results/gene_curator_probe/Acartia_tonsa
innexin,gene_curator_probe,Acartia_tonsa,Acartia tonsa,curator_inx_043,NC_137274.1,+,20357689,20410150,,324,,0.6574,,sp|P33085|SHAKB_DROME 23 345,curator_present_innexin,55.0,curator_present,project/results/gene_curator_probe/Acartia_tonsa
innexin,gene_curator_probe,Acartia_tonsa,Acartia tonsa,curator_inx_044,NC_137263.1,+,23613023,23627865,,359,,0.6462,,sp|Q9XYN1|INX2_SCHAM 1 359,curator_present_innexin,55.0,curator_present,project/results/gene_curator_probe/Acartia_tonsa
innexin,gene_curator_probe,Acartia_tonsa,Acartia tonsa,curator_inx_045,NC_137263.1,-,17379775,17417008,,337,,0.4855,,sp|P27716|INX1_DROME 1 343,curator_present_innexin,55.0,curator_present,project/results/gene_curator_probe/Acartia_tonsa
innexin,gene_curator_probe,Adineta_ricciae,Adineta ricciae,curator_inx_046,CAJNOJ010000018.1,+,356585,357175,,197,,0.934,,candidate_inx_008 1 197,weak_manual_review,25.0,curator_fragmentary,project/results/gene_curator_probe/Adineta_ricciae
innexin,gene_curator_probe,Adineta_ricciae,Adineta ricciae,curator_inx_047,CAJNOJ010000024.1,-,517813,518397,,195,,0.8163,,candidate_inx_008 1 196,weak_manual_review,25.0,curator_fragmentary,project/results/gene_curator_probe/Adineta_ricciae
innexin,gene_curator_probe,Adineta_ricciae,Adineta ricciae,curator_inx_048,CAJNOJ010000035.1,+,116559,117146,,196,,0.8071,,candidate_inx_008 1 197,weak_manual_review,25.0,curator_fragmentary,project/results/gene_curator_probe/Adineta_ricciae
innexin,gene_curator_probe,Adineta_ricciae,Adineta ricciae,curator_inx_049,CAJNOJ010000009.1,-,407234,409021,,365,,0.3656,,sp|Q03412|UNC7_CAEEL 138 501,curator_present_innexin,55.0,curator_present,project/results/gene_curator_probe/Adineta_ricciae
innexin,gene_curator_probe,Adineta_ricciae,Adineta ricciae,curator_inx_050,CAJNOJ010000030.1,+,78572,80153,,365,,0.3622,,sp|Q03412|UNC7_CAEEL 138 501,curator_present_innexin,55.0,curator_present,project/results/gene_curator_probe/Adineta_ricciae
innexin,gene_curator_probe,Adineta_ricciae,Adineta ricciae,curator_inx_051,CAJNOJ010000043.1,+,384169,385557,,374,,0.3467,,sp|O01393|UNC9_CAEEL 20 371,curator_present_innexin,55.0,curator_present,project/results/gene_curator_probe/Adineta_ricciae
innexin,gene_curator_probe,Adineta_ricciae,Adineta ricciae,curator_inx_052,CAJNOJ010000006.1,-,265306,266692,,372,,0.3432,,sp|O01393|UNC9_CAEEL 20 369,curator_present_innexin,55.0,curator_present,project/results/gene_curator_probe/Adineta_ricciae
innexin,gene_curator_probe,Adineta_steineri,Adineta steineri,curator_inx_053,CAJNOI010001781.1,-,9620,10246,,209,,0.7895,,candidate_inx_008 1 207,weak_manual_review,25.0,curator_fragmentary,project/results/gene_curator_probe/Adineta_steineri
innexin,gene_curator_probe,Adineta_steineri,Adineta steineri,curator_inx_054,CAJNOI010000719.1,-,9542,10669,,376,,0.7287,,candidate_inx_028 1 376,curator_present_innexin,55.0,curator_present,project/results/gene_curator_probe/Adineta_steineri
innexin,gene_curator_probe,Adineta_steineri,Adineta steineri,curator_inx_055,CAJNOI010000075.1,+,387229,388356,,376,,0.7287,,candidate_inx_028 1 376,curator_present_innexin,55.0,curator_present,project/results/gene_curator_probe/Adineta_steineri
innexin,gene_curator_probe,Adineta_steineri,Adineta steineri,curator_inx_056,CAJNOI010000031.1,-,518472,519599,,376,,0.7261,,candidate_inx_028 1 376,curator_present_innexin,55.0,curator_present,project/results/gene_curator_probe/Adineta_steineri
innexin,gene_curator_probe,Adineta_steineri,Adineta steineri,curator_inx_057,CAJNOI010000073.1,+,423399,424864,,279,,0.4014,,sp|O01393|UNC9_CAEEL 20 282,weak_manual_review,25.0,curator_fragmentary,project/results/gene_curator_probe/Adineta_steineri
innexin,gene_curator_probe,Adineta_steineri,Adineta steineri,curator_inx_058,CAJNOI010000009.1,+,556245,558144,,373,,0.3636,,sp|O01393|UNC9_CAEEL 12 375,curator_present_innexin,55.0,curator_present,project/results/gene_curator_probe/Adineta_steineri
innexin,gene_curator_probe,Adineta_steineri,Adineta steineri,curator_inx_059,CAJNOI010000040.1,+,242648,244045,,370,,0.3531,,sp|O01393|UNC9_CAEEL 20 367,curator_present_innexin,55.0,curator_present,project/results/gene_curator_probe/Adineta_steineri
innexin,gene_curator_probe,Adineta_steineri,Adineta steineri,curator_inx_060,CAJNOI010000016.1,-,537749,538837,,363,,0.3148,,sp|O01393|UNC9_CAEEL 12 386,curator_present_innexin,55.0,curator_present,project/results/gene_curator_probe/Adineta_steineri
innexin,gene_curator_probe,Aelurillus_cypriotus,Aelurillus cypriotus,curator_inx_061,OZ390146.1,-,38046247,38047305,,353,,0.6695,,recovered_Aegaeobuthus_cyprius_best 1 354,curator_present_innexin,55.0,curator_present,project/results/gene_curator_probe/Aelurillus_cypriotus
innexin,gene_curator_probe,Aelurillus_cypriotus,Aelurillus cypriotus,curator_inx_062,OZ390146.1,-,38212569,38213624,,352,,0.661,,recovered_Aegaeobuthus_cyprius_best 1 354,curator_present_innexin,55.0,curator_present,project/results/gene_curator_probe/Aelurillus_cypriotus
innexin,gene_curator_probe,Aelurillus_cypriotus,Aelurillus cypriotus,curator_inx_063,OZ390140.1,-,313071859,313072914,,352,,0.6412,,recovered_Aegaeobuthus_cyprius_best 1 354,curator_present_innexin,55.0,curator_present,project/results/gene_curator_probe/Aelurillus_cypriotus
innexin,gene_curator_probe,Aelurillus_cypriotus,Aelurillus cypriotus,curator_inx_064,OZ390143.1,-,182176791,182177849,,353,,0.6243,,recovered_Aegaeobuthus_cyprius_best 1 354,curator_present_innexin,55.0,curator_present,project/results/gene_curator_probe/Aelurillus_cypriotus
innexin,gene_curator_probe,Aelurillus_cypriotus,Aelurillus cypriotus,curator_inx_065,OZ390143.1,-,182374130,182375188,,353,,0.613,,sp|P33085|SHAKB_DROME 1 354,curator_present_innexin,55.0,curator_present,project/results/gene_curator_probe/Aelurillus_cypriotus
innexin,gene_curator_probe,Aelurillus_cypriotus,Aelurillus cypriotus,curator_inx_066,OZ390143.1,+,182108915,182109973,,353,,0.5932,,recovered_Aegaeobuthus_cyprius_best 1 354,curator_present_innexin,55.0,curator_present,project/results/gene_curator_probe/Aelurillus_cypriotus
innexin,gene_curator_probe,Aelurillus_cypriotus,Aelurillus cypriotus,curator_inx_067,OZ390143.1,+,182139075,182140130,,352,,0.5819,,recovered_Aegaeobuthus_cyprius_best 1 354,curator_present_innexin,55.0,curator_present,project/results/gene_curator_probe/Aelurillus_cypriotus
innexin,gene_curator_probe,Aelurillus_cypriotus,Aelurillus cypriotus,curator_inx_068,OZ390143.1,+,182084363,182085409,,349,,0.4886,,sp|Q9XYN1|INX2_SCHAM 6 354,curator_present_innexin,55.0,curator_present,project/results/gene_curator_probe/Aelurillus_cypriotus
innexin,gene_curator_probe,Aelurillus_cypriotus,Aelurillus cypriotus,curator_inx_069,OZ390146.1,+,122266154,122267227,,358,,0.4596,,sp|Q9V427|INX2_DROME 7 364,curator_present_innexin,55.0,curator_present,project/results/gene_curator_probe/Aelurillus_cypriotus
innexin,gene_curator_probe,Aelurillus_cypriotus,Aelurillus cypriotus,curator_inx_070,OZ390143.1,-,182312731,182375161,,316,,0.3125,,recovered_Abra_segmentum_best 11 346,curator_present_innexin,55.0,curator_present,project/results/gene_curator_probe/Aelurillus_cypriotus
innexin,gene_curator_probe,Agelena_orientalis,Agelena orientalis,curator_inx_071,OZ405006.1,-,111738241,111739299,,353,,0.6582,,recovered_Aegaeobuthus_cyprius_best 1 354,curator_present_innexin,55.0,curator_present,project/results/gene_curator_probe/Agelena_orientalis
innexin,gene_curator_probe,Agelena_orientalis,Agelena orientalis,curator_inx_072,OZ405001.1,+,268184608,268185666,,353,,0.6017,,recovered_Aegaeobuthus_cyprius_best 1 354,curator_present_innexin,55.0,curator_present,project/results/gene_curator_probe/Agelena_orientalis
innexin,gene_curator_probe,Agelena_orientalis,Agelena orientalis,curator_inx_073,OZ405001.1,-,268312122,268313180,,353,,0.5989,,recovered_Aegaeobuthus_cyprius_best 1 354,curator_present_innexin,55.0,curator_present,project/results/gene_curator_probe/Agelena_orientalis
innexin,gene_curator_probe,Agelena_orientalis,Agelena orientalis,curator_inx_074,OZ405001.1,-,268229052,268230107,,352,,0.5932,,recovered_Aegaeobuthus_cyprius_best 1 354,curator_present_innexin,55.0,curator_present,project/results/gene_curator_probe/Agelena_orientalis
innexin,gene_curator_probe,Agelena_orientalis,Agelena orientalis,curator_inx_075,OZ405006.1,-,111928554,111929630,,359,,0.5611,,sp|Q9XYN1|INX2_SCHAM 1 359,curator_present_innexin,55.0,curator_present,project/results/gene_curator_probe/Agelena_orientalis
innexin,gene_curator_probe,Agelena_orientalis,Agelena orientalis,curator_inx_076,OZ405006.1,+,297866838,297971678,,353,,0.5565,,sp|P33085|SHAKB_DROME 1 354,curator_present_innexin,55.0,curator_present,project/results/gene_curator_probe/Agelena_orientalis
innexin,gene_curator_probe,Agelena_orientalis,Agelena orientalis,curator_inx_077,OZ405001.1,-,268351784,268352848,,355,,0.5,,recovered_Aegaeobuthus_cyprius_best 1 354,curator_present_innexin,55.0,curator_present,project/results/gene_curator_probe/Agelena_orientalis
innexin,gene_curator_probe,Agelena_orientalis,Agelena orientalis,curator_inx_078,OZ405001.1,+,267681632,267682690,,353,,0.4915,,recovered_Acartia_tonsa_best 1 353,curator_present_innexin,55.0,curator_present,project/results/gene_curator_probe/Agelena_orientalis
innexin,gene_curator_probe,Agelena_orientalis,Agelena orientalis,curator_inx_079,OZ405006.1,-,106576794,106577825,,344,,0.4899,,sp|Q9V427|INX2_DROME 9 352,curator_present_innexin,55.0,curator_present,project/results/gene_curator_probe/Agelena_orientalis
innexin,gene_curator_probe,Amaurobius_ferox,Amaurobius ferox,curator_inx_080,OX578143.1,+,92003010,92004068,,353,,0.6667,,recovered_Aegaeobuthus_cyprius_best 1 354,curator_present_innexin,55.0,curator_present,project/results/gene_curator_probe/Amaurobius_ferox
innexin,gene_curator_probe,Amaurobius_ferox,Amaurobius ferox,curator_inx_081,OX578135.1,-,22333051,22334109,,353,,0.6102,,sp|P33085|SHAKB_DROME 1 354,curator_present_innexin,55.0,curator_present,project/results/gene_curator_probe/Amaurobius_ferox
innexin,gene_curator_probe,Amaurobius_ferox,Amaurobius ferox,curator_inx_082,OX578135.1,-,22068971,22070029,,353,,0.6073,,recovered_Aegaeobuthus_cyprius_best 1 354,curator_present_innexin,55.0,curator_present,project/results/gene_curator_probe/Amaurobius_ferox
innexin,gene_curator_probe,Amaurobius_ferox,Amaurobius ferox,curator_inx_083,OX578135.1,+,22021857,22022915,,353,,0.5847,,recovered_Aegaeobuthus_cyprius_best 1 354,curator_present_innexin,55.0,curator_present,project/results/gene_curator_probe/Amaurobius_ferox
innexin,gene_curator_probe,Amaurobius_ferox,Amaurobius ferox,curator_inx_084,OX578135.1,+,22040277,22041332,,352,,0.5706,,recovered_Aegaeobuthus_cyprius_best 1 354,curator_present_innexin,55.0,curator_present,project/results/gene_curator_probe/Amaurobius_ferox
innexin,gene_curator_probe,Amaurobius_ferox,Amaurobius ferox,curator_inx_085,OX578143.1,+,91948787,91949863,,359,,0.5583,,sp|Q9XYN1|INX2_SCHAM 1 359,curator_present_innexin,55.0,curator_present,project/results/gene_curator_probe/Amaurobius_ferox
innexin,gene_curator_probe,Amaurobius_ferox,Amaurobius ferox,curator_inx_086,OX578143.1,-,20044333,20140154,,353,,0.5565,,sp|P33085|SHAKB_DROME 1 354,curator_present_innexin,55.0,curator_present,project/results/gene_curator_probe/Amaurobius_ferox
innexin,gene_curator_probe,Amaurobius_ferox,Amaurobius ferox,curator_inx_087,OX578135.1,+,22005959,22006999,,347,,0.4971,,sp|Q9V427|INX2_DROME 6 352,curator_present_innexin,55.0,curator_present,project/results/gene_curator_probe/Amaurobius_ferox
innexin,gene_curator_probe,Amaurobius_ferox,Amaurobius ferox,curator_inx_088,OX578143.1,+,93836975,93837997,,341,,0.4971,,sp|Q9V427|INX2_DROME 9 349,curator_present_innexin,55.0,curator_present,project/results/gene_curator_probe/Amaurobius_ferox
innexin,gene_curator_probe,Amaurobius_ferox,Amaurobius ferox,curator_inx_089,OX578144.1,+,139756876,139757760,,295,,0.28,,sp|O01393|UNC9_CAEEL 1 303,weak_manual_review,40.0,curator_present,project/results/gene_curator_probe/Amaurobius_ferox
innexin,gene_curator_probe,Amaurobius_ferox,Amaurobius ferox,curator_inx_090,OX578144.1,+,139714160,139715044,,295,,0.2769,,sp|O01393|UNC9_CAEEL 1 303,weak_manual_review,40.0,curator_present,project/results/gene_curator_probe/Amaurobius_ferox
innexin,gene_curator_probe,Brachionus_calyciflorus,Brachionus calyciflorus,curator_inx_091,NTPY01000526.1,-,2301293,2302390,,366,,0.3995,,sp|O01393|UNC9_CAEEL 20 375,curator_present_innexin,55.0,curator_present,project/results/gene_curator_probe/Brachionus_calyciflorus
innexin,gene_curator_probe,Brachionus_calyciflorus,Brachionus calyciflorus,curator_inx_092,NTPY01000970.1,-,33584,34756,,391,,0.3919,,sp|O01393|UNC9_CAEEL 20 380,curator_present_innexin,55.0,curator_present,project/results/gene_curator_probe/Brachionus_calyciflorus
innexin,gene_curator_probe,Brachionus_calyciflorus,Brachionus calyciflorus,curator_inx_093,NTPY01000275.1,+,566644,568817,,393,,0.335,,sp|Q03412|UNC7_CAEEL 136 507,curator_present_innexin,55.0,curator_present,project/results/gene_curator_probe/Brachionus_calyciflorus
innexin,gene_curator_probe,Brachionus_calyciflorus,Brachionus calyciflorus,curator_inx_094,NTPY01000483.1,-,809096,811261,,414,,0.3285,,sp|Q03412|UNC7_CAEEL 136 522,curator_present_innexin,55.0,curator_present,project/results/gene_curator_probe/Brachionus_calyciflorus
innexin,gene_curator_probe,Brachionus_calyciflorus,Brachionus calyciflorus,curator_inx_095,NTPY01000330.1,-,409940,411611,,343,,0.2823,,sp|Q1DH70|SHAKB_AEDAE 8 358,curator_present_innexin,55.0,curator_present,project/results/gene_curator_probe/Brachionus_calyciflorus
innexin,gene_curator_probe,Brachionus_calyciflorus,Brachionus calyciflorus,curator_inx_096,NTPY01000529.1,+,56274,58710,,406,,0.2402,,sp|Q9U3K5|INX2_CAEEL 31 381,curator_present_innexin,55.0,curator_present,project/results/gene_curator_probe/Brachionus_calyciflorus
innexin,gene_curator_probe,Brachionus_koreanus,Brachionus koreanus,curator_inx_097,PJRA01000555.1,-,1340882,1341979,,366,,0.4321,,sp|O01393|UNC9_CAEEL 20 375,curator_present_innexin,55.0,curator_present,project/results/gene_curator_probe/Brachionus_koreanus
innexin,gene_curator_probe,Brachionus_koreanus,Brachionus koreanus,curator_inx_098,PJRA01000555.1,+,1334925,1336022,,366,,0.4321,,sp|O01393|UNC9_CAEEL 20 375,curator_present_innexin,55.0,curator_present,project/results/gene_curator_probe/Brachionus_koreanus
innexin,gene_curator_probe,Brachionus_koreanus,Brachionus koreanus,curator_inx_099,PJRA01000389.1,+,11013,14791,,392,,0.3383,,sp|Q03412|UNC7_CAEEL 136 507,curator_present_innexin,55.0,curator_present,project/results/gene_curator_probe/Brachionus_koreanus
innexin,gene_curator_probe,Brachionus_koreanus,Brachionus koreanus,curator_inx_100,PJRA01000263.1,+,5378433,5381126,,377,,0.2806,,sp|Q1DH70|SHAKB_AEDAE 18 358,curator_present_innexin,55.0,curator_present,project/results/gene_curator_probe/Brachionus_koreanus
innexin,gene_curator_probe,Brachionus_koreanus,Brachionus koreanus,curator_inx_101,PJRA01000196.1,+,402296,406389,,387,,0.2423,,sp|Q9U3K5|INX2_CAEEL 28 361,curator_present_innexin,55.0,curator_present,project/results/gene_curator_probe/Brachionus_koreanus
innexin,gene_curator_probe,Brachionus_manjavacas,Brachionus manjavacas,curator_inx_102,JAHQIY010000020.1,+,863382,864479,,366,,0.4158,,sp|O01393|UNC9_CAEEL 20 375,curator_present_innexin,55.0,curator_present,project/results/gene_curator_probe/Brachionus_manjavacas
innexin,gene_curator_probe,Brachionus_manjavacas,Brachionus manjavacas,curator_inx_103,JAHQIY010000001.1,-,3683723,3686938,,392,,0.3358,,sp|Q03412|UNC7_CAEEL 136 507,curator_present_innexin,55.0,curator_present,project/results/gene_curator_probe/Brachionus_manjavacas
innexin,gene_curator_probe,Brachionus_manjavacas,Brachionus manjavacas,curator_inx_104,JAHQIY010000004.1,+,8292265,8293444,,348,,0.303,,sp|Q1DH70|SHAKB_AEDAE 18 358,curator_present_innexin,55.0,curator_present,project/results/gene_curator_probe/Brachionus_manjavacas
innexin,gene_curator_probe,Brachionus_manjavacas,Brachionus manjavacas,curator_inx_105,JAHQIY010000010.1,-,3042979,3051256,,369,,0.2378,,sp|Q9U3K5|INX2_CAEEL 27 338,curator_present_innexin,55.0,curator_present,project/results/gene_curator_probe/Brachionus_manjavacas
innexin,gene_curator_probe,Lepidodermella_squamata,Lepidodermella squamata,curator_inx_106,JBLDXI010000033.1,-,1409302,1410086,,183,,0.5294,,candidate_inx_008 10 194,weak_manual_review,25.0,curator_fragmentary,project/results/gene_curator_probe/Lepidodermella_squamata
innexin,gene_curator_probe,Rotaria_macrura,Rotaria macrura,curator_inx_107,OENT01000099.1,+,209084,209674,,197,,0.8838,,candidate_inx_008 1 198,weak_manual_review,25.0,curator_fragmentary,project/results/gene_curator_probe/Rotaria_macrura
innexin,gene_curator_probe,Rotaria_macrura,Rotaria macrura,curator_inx_108,OENT01000318.1,+,41780,42364,,195,,0.8112,,candidate_inx_008 1 196,weak_manual_review,25.0,curator_fragmentary,project/results/gene_curator_probe/Rotaria_macrura
innexin,gene_curator_probe,Rotaria_macrura,Rotaria macrura,curator_inx_109,OENT01001445.1,-,20220,22805,,370,,0.3585,,sp|O01393|UNC9_CAEEL 20 367,curator_present_innexin,55.0,curator_present,project/results/gene_curator_probe/Rotaria_macrura
innexin,gene_curator_probe,Rotaria_macrura,Rotaria macrura,curator_inx_110,OENT01000045.1,+,119094,122499,,386,,0.3566,,sp|O01393|UNC9_CAEEL 1 375,curator_present_innexin,55.0,curator_present,project/results/gene_curator_probe/Rotaria_macrura
innexin,gene_curator_probe,Rotaria_macrura,Rotaria macrura,curator_inx_111,OENT01000325.1,-,81075,83639,,387,,0.3555,,sp|O01393|UNC9_CAEEL 1 375,curator_present_innexin,55.0,curator_present,project/results/gene_curator_probe/Rotaria_macrura
innexin,gene_curator_probe,Rotaria_macrura,Rotaria macrura,curator_inx_112,OENT01001165.1,+,23266,28470,,370,,0.3504,,sp|O01393|UNC9_CAEEL 20 367,curator_present_innexin,55.0,curator_present,project/results/gene_curator_probe/Rotaria_macrura
innexin,gene_curator_probe,Rotaria_macrura,Rotaria macrura,curator_inx_113,OENT01000439.1,+,8602,9805,,379,,0.3151,,sp|Q03412|UNC7_CAEEL 138 499,curator_present_innexin,55.0,curator_present,project/results/gene_curator_probe/Rotaria_macrura
innexin,gene_curator_probe,Streblospio_benedicti,Streblospio benedicti,curator_inx_114,CM032660.1,-,56315118,56337215,,276,,0.4565,,sp|O01393|UNC9_CAEEL 20 288,weak_manual_review,25.0,curator_fragmentary,project/results/gene_curator_probe/Streblospio_benedicti
innexin,gene_curator_probe,Streblospio_benedicti,Streblospio benedicti,curator_inx_115,CM032666.1,+,530575,537250,,343,,0.4203,,sp|O01393|UNC9_CAEEL 20 355,curator_present_innexin,55.0,curator_present,project/results/gene_curator_probe/Streblospio_benedicti
innexin,gene_curator_probe,Streblospio_benedicti,Streblospio benedicti,curator_inx_116,CM032666.1,-,10353645,10358349,,361,,0.418,,sp|Q03412|UNC7_CAEEL 136 501,curator_present_innexin,55.0,curator_present,project/results/gene_curator_probe/Streblospio_benedicti
innexin,gene_curator_probe,Streblospio_benedicti,Streblospio benedicti,curator_inx_117,CM032660.1,-,13839080,13840183,,368,,0.3978,,sp|Q03412|UNC7_CAEEL 136 503,curator_present_innexin,55.0,curator_present,project/results/gene_curator_probe/Streblospio_benedicti
innexin,gene_curator_probe,Streblospio_benedicti,Streblospio benedicti,curator_inx_118,CM032661.1,-,36454555,36461623,,373,,0.393,,sp|O01393|UNC9_CAEEL 11 375,curator_present_innexin,55.0,curator_present,project/results/gene_curator_probe/Streblospio_benedicti
innexin,gene_curator_probe,Streblospio_benedicti,Streblospio benedicti,curator_inx_119,CM032660.1,-,56259174,56277458,,348,,0.3894,,sp|O01393|UNC9_CAEEL 20 362,curator_present_innexin,55.0,curator_present,project/results/gene_curator_probe/Streblospio_benedicti
innexin,gene_curator_probe,Streblospio_benedicti,Streblospio benedicti,curator_inx_120,CM032663.1,+,51675706,51690919,,367,,0.3859,,sp|Q03412|UNC7_CAEEL 128 491,curator_present_innexin,55.0,curator_present,project/results/gene_curator_probe/Streblospio_benedicti
innexin,gene_curator_probe,Streblospio_benedicti,Streblospio benedicti,curator_inx_121,CM032660.1,-,38866392,38867486,,365,,0.3733,,sp|Q03412|UNC7_CAEEL 138 501,curator_present_innexin,55.0,curator_present,project/results/gene_curator_probe/Streblospio_benedicti
innexin,gene_curator_probe,Streblospio_benedicti,Streblospio benedicti,curator_inx_122,CM032660.1,-,38859841,38860992,,384,,0.3731,,sp|O01393|UNC9_CAEEL 1 375,curator_present_innexin,55.0,curator_present,project/results/gene_curator_probe/Streblospio_benedicti
innexin,gene_curator_probe,Streblospio_benedicti,Streblospio benedicti,curator_inx_123,CM032660.1,-,38854181,38855281,,367,,0.372,,sp|Q03412|UNC7_CAEEL 136 501,curator_present_innexin,55.0,curator_present,project/results/gene_curator_probe/Streblospio_benedicti
innexin,gene_curator_probe,Streblospio_benedicti,Streblospio benedicti,curator_inx_124,CM032660.1,-,23991495,23998058,,348,,0.3614,,sp|Q03412|UNC7_CAEEL 136 501,curator_present_innexin,55.0,curator_present,project/results/gene_curator_probe/Streblospio_benedicti
innexin,gene_curator_probe,Streblospio_benedicti,Streblospio benedicti,curator_inx_125,CM032663.1,+,21744357,21747197,,385,,0.3419,,sp|O01393|UNC9_CAEEL 1 379,curator_present_innexin,55.0,curator_present,project/results/gene_curator_probe/Streblospio_benedicti
innexin,gene_curator_probe,Triops_cancriformis,Triops cancriformis,curator_inx_126,JAHZNP010000413.1,-,12392,54817,,355,,0.7662,,sp|Q1DH70|SHAKB_AEDAE 1 354,curator_present_innexin,55.0,curator_present,project/results/gene_curator_probe/Triops_cancriformis
innexin,gene_curator_probe,Triops_cancriformis,Triops cancriformis,curator_inx_127,JAHZNP010000030.1,+,219375,220831,,362,,0.5635,,sp|P27716|INX1_DROME 1 361,curator_present_innexin,55.0,curator_present,project/results/gene_curator_probe/Triops_cancriformis
innexin,gene_curator_probe,Triops_cancriformis,Triops cancriformis,curator_inx_128,JAHZNP010000030.1,+,205087,209529,,304,,0.2823,,sp|O01393|UNC9_CAEEL 1 312,curator_present_innexin,55.0,curator_present,project/results/gene_curator_probe/Triops_cancriformis
