family,organism,fasta_path,uniprot_accession,reference_gene_symbol,gene_id,gene_symbol,gene_name,transcript_id,transcript_name,seqid,strand,exon_number,exon_start,exon_end,exon_length
innexin,Aedes aegypti,project/data/references/innexins/Aedes_aegypti/shakB__Q1DH70.fasta,Q1DH70,shakB,gene-LOC5566218,LOC5566218,LOC5566218,rna-XM_021838781.1,XM_021838781.1,NC_035107.1,-,1,3043323,3043868,546
innexin,Aedes aegypti,project/data/references/innexins/Aedes_aegypti/shakB__Q1DH70.fasta,Q1DH70,shakB,gene-LOC5566218,LOC5566218,LOC5566218,rna-XM_021838781.1,XM_021838781.1,NC_035107.1,-,2,3043931,3044194,264
innexin,Aedes aegypti,project/data/references/innexins/Aedes_aegypti/shakB__Q1DH70.fasta,Q1DH70,shakB,gene-LOC5566218,LOC5566218,LOC5566218,rna-XM_021838781.1,XM_021838781.1,NC_035107.1,-,3,3044249,3044406,158
innexin,Aedes aegypti,project/data/references/innexins/Aedes_aegypti/shakB__Q1DH70.fasta,Q1DH70,shakB,gene-LOC5566218,LOC5566218,LOC5566218,rna-XM_021838781.1,XM_021838781.1,NC_035107.1,-,4,3044472,3044675,204
innexin,Aedes aegypti,project/data/references/innexins/Aedes_aegypti/shakB__Q1DH70.fasta,Q1DH70,shakB,gene-LOC5566218,LOC5566218,LOC5566218,rna-XM_021838781.1,XM_021838781.1,NC_035107.1,-,5,3044916,3045020,105
innexin,Aedes aegypti,project/data/references/innexins/Aedes_aegypti/shakB__Q1DH70.fasta,Q1DH70,shakB,gene-LOC5566218,LOC5566218,LOC5566218,rna-XM_021838781.1,XM_021838781.1,NC_035107.1,-,6,3045081,3045328,248
innexin,Aedes aegypti,project/data/references/innexins/Aedes_aegypti/shakB__Q1DH70.fasta,Q1DH70,shakB,gene-LOC5566218,LOC5566218,LOC5566218,rna-XM_021838781.1,XM_021838781.1,NC_035107.1,-,7,3045384,3045988,605
innexin,Aedes aegypti,project/data/references/innexins/Aedes_aegypti/shakB__Q1DH70.fasta,Q1DH70,shakB,gene-LOC5566218,LOC5566218,LOC5566218,rna-XM_021838781.1,XM_021838781.1,NC_035107.1,-,8,3046046,3046326,281
innexin,Aedes aegypti,project/data/references/innexins/Aedes_aegypti/shakB__Q1DH70.fasta,Q1DH70,shakB,gene-LOC5566218,LOC5566218,LOC5566218,rna-XM_021838781.1,XM_021838781.1,NC_035107.1,-,9,3046803,3046866,64
innexin,Aedes aegypti,project/data/references/innexins/Aedes_aegypti/shakB__Q1DH70.fasta,Q1DH70,shakB,gene-LOC5566218,LOC5566218,LOC5566218,rna-XM_021838781.1,XM_021838781.1,NC_035107.1,-,10,3070827,3071456,630
innexin,Aedes aegypti,project/data/references/innexins/Aedes_aegypti/shakB__Q1DH70.fasta,Q1DH70,shakB,gene-LOC5566218,LOC5566218,LOC5566218,rna-XM_001650571.2,XM_001650571.2,NC_035107.1,-,1,3043323,3043868,546
innexin,Aedes aegypti,project/data/references/innexins/Aedes_aegypti/shakB__Q1DH70.fasta,Q1DH70,shakB,gene-LOC5566218,LOC5566218,LOC5566218,rna-XM_001650571.2,XM_001650571.2,NC_035107.1,-,2,3043931,3044194,264
innexin,Aedes aegypti,project/data/references/innexins/Aedes_aegypti/shakB__Q1DH70.fasta,Q1DH70,shakB,gene-LOC5566218,LOC5566218,LOC5566218,rna-XM_001650571.2,XM_001650571.2,NC_035107.1,-,3,3044249,3044406,158
innexin,Aedes aegypti,project/data/references/innexins/Aedes_aegypti/shakB__Q1DH70.fasta,Q1DH70,shakB,gene-LOC5566218,LOC5566218,LOC5566218,rna-XM_001650571.2,XM_001650571.2,NC_035107.1,-,4,3044472,3044675,204
innexin,Aedes aegypti,project/data/references/innexins/Aedes_aegypti/shakB__Q1DH70.fasta,Q1DH70,shakB,gene-LOC5566218,LOC5566218,LOC5566218,rna-XM_001650571.2,XM_001650571.2,NC_035107.1,-,5,3044916,3045020,105
innexin,Aedes aegypti,project/data/references/innexins/Aedes_aegypti/shakB__Q1DH70.fasta,Q1DH70,shakB,gene-LOC5566218,LOC5566218,LOC5566218,rna-XM_001650571.2,XM_001650571.2,NC_035107.1,-,6,3045081,3045328,248
innexin,Aedes aegypti,project/data/references/innexins/Aedes_aegypti/shakB__Q1DH70.fasta,Q1DH70,shakB,gene-LOC5566218,LOC5566218,LOC5566218,rna-XM_001650571.2,XM_001650571.2,NC_035107.1,-,7,3045384,3045988,605
innexin,Aedes aegypti,project/data/references/innexins/Aedes_aegypti/shakB__Q1DH70.fasta,Q1DH70,shakB,gene-LOC5566218,LOC5566218,LOC5566218,rna-XM_001650571.2,XM_001650571.2,NC_035107.1,-,8,3046046,3046326,281
innexin,Aedes aegypti,project/data/references/innexins/Aedes_aegypti/shakB__Q1DH70.fasta,Q1DH70,shakB,gene-LOC5566218,LOC5566218,LOC5566218,rna-XM_001650571.2,XM_001650571.2,NC_035107.1,-,9,3046803,3047296,494
innexin,Aedes aegypti,project/data/references/innexins/Aedes_aegypti/shakB__Q1DH70.fasta,Q1DH70,shakB,gene-LOC5566218,LOC5566218,LOC5566218,rna-XM_001650571.2,XM_001650571.2,NC_035107.1,-,10,3070827,3071456,630
innexin,Anopheles gambiae,project/data/references/innexins/Anopheles_gambiae/ZPG__Q7Q5R9.fasta,Q7Q5R9,ZPG,gene-LOC1276902,LOC1276902,innexin inx4,rna-XM_316309.4,XM_316309.4,NC_064601.1,+,1,97475570,97476280,711
innexin,Anopheles gambiae,project/data/references/innexins/Anopheles_gambiae/ZPG__Q7Q5R9.fasta,Q7Q5R9,ZPG,gene-LOC1276902,LOC1276902,innexin inx4,rna-XM_316309.4,XM_316309.4,NC_064601.1,+,2,97476389,97476580,192
innexin,Anopheles gambiae,project/data/references/innexins/Anopheles_gambiae/ZPG__Q7Q5R9.fasta,Q7Q5R9,ZPG,gene-LOC1276902,LOC1276902,innexin inx4,rna-XM_316309.4,XM_316309.4,NC_064601.1,+,3,97476651,97477901,1251
innexin,Anopheles gambiae,project/data/references/innexins/Anopheles_gambiae/shakB__Q7PXN1.fasta,Q7PXN1,shakB,gene-LOC1272246,LOC1272246,protein retinal degeneration B,rna-XR_009766551.1,XR_009766551.1,NC_064600.1,+,1,455514,455652,139
innexin,Anopheles gambiae,project/data/references/innexins/Anopheles_gambiae/shakB__Q7PXN1.fasta,Q7PXN1,shakB,gene-LOC1272246,LOC1272246,protein retinal degeneration B,rna-XR_009766551.1,XR_009766551.1,NC_064600.1,+,2,459218,459316,99
innexin,Anopheles gambiae,project/data/references/innexins/Anopheles_gambiae/shakB__Q7PXN1.fasta,Q7PXN1,shakB,gene-LOC1272246,LOC1272246,protein retinal degeneration B,rna-XR_009766551.1,XR_009766551.1,NC_064600.1,+,3,460594,461368,775
innexin,Anopheles gambiae,project/data/references/innexins/Anopheles_gambiae/shakB__Q7PXN1.fasta,Q7PXN1,shakB,gene-LOC1272246,LOC1272246,protein retinal degeneration B,rna-XR_009766551.1,XR_009766551.1,NC_064600.1,+,4,461452,461885,434
innexin,Anopheles gambiae,project/data/references/innexins/Anopheles_gambiae/shakB__Q7PXN1.fasta,Q7PXN1,shakB,gene-LOC1272246,LOC1272246,protein retinal degeneration B,rna-XR_009766551.1,XR_009766551.1,NC_064600.1,+,5,462386,462461,76
innexin,Anopheles gambiae,project/data/references/innexins/Anopheles_gambiae/shakB__Q7PXN1.fasta,Q7PXN1,shakB,gene-LOC1272246,LOC1272246,protein retinal degeneration B,rna-XR_009766551.1,XR_009766551.1,NC_064600.1,+,6,463284,465514,2231
innexin,Anopheles gambiae,project/data/references/innexins/Anopheles_gambiae/shakB__Q7PXN1.fasta,Q7PXN1,shakB,gene-LOC1272246,LOC1272246,protein retinal degeneration B,rna-XR_009766551.1,XR_009766551.1,NC_064600.1,+,7,465627,467046,1420
innexin,Anopheles gambiae,project/data/references/innexins/Anopheles_gambiae/shakB__Q7PXN1.fasta,Q7PXN1,shakB,gene-LOC1272246,LOC1272246,protein retinal degeneration B,rna-XR_009766551.1,XR_009766551.1,NC_064600.1,+,8,467248,469765,2518
innexin,Anopheles gambiae,project/data/references/innexins/Anopheles_gambiae/shakB__Q7PXN1.fasta,Q7PXN1,shakB,gene-LOC1272246,LOC1272246,protein retinal degeneration B,rna-XR_009766563.1,XR_009766563.1,NC_064600.1,+,1,455523,457361,1839
innexin,Anopheles gambiae,project/data/references/innexins/Anopheles_gambiae/shakB__Q7PXN1.fasta,Q7PXN1,shakB,gene-LOC1272246,LOC1272246,protein retinal degeneration B,rna-XR_009766563.1,XR_009766563.1,NC_064600.1,+,2,459218,459316,99
innexin,Anopheles gambiae,project/data/references/innexins/Anopheles_gambiae/shakB__Q7PXN1.fasta,Q7PXN1,shakB,gene-LOC1272246,LOC1272246,protein retinal degeneration B,rna-XR_009766563.1,XR_009766563.1,NC_064600.1,+,3,460594,461368,775
innexin,Anopheles gambiae,project/data/references/innexins/Anopheles_gambiae/shakB__Q7PXN1.fasta,Q7PXN1,shakB,gene-LOC1272246,LOC1272246,protein retinal degeneration B,rna-XR_009766563.1,XR_009766563.1,NC_064600.1,+,4,461452,461885,434
innexin,Anopheles gambiae,project/data/references/innexins/Anopheles_gambiae/shakB__Q7PXN1.fasta,Q7PXN1,shakB,gene-LOC1272246,LOC1272246,protein retinal degeneration B,rna-XR_009766563.1,XR_009766563.1,NC_064600.1,+,5,462386,462461,76
innexin,Anopheles gambiae,project/data/references/innexins/Anopheles_gambiae/shakB__Q7PXN1.fasta,Q7PXN1,shakB,gene-LOC1272246,LOC1272246,protein retinal degeneration B,rna-XR_009766563.1,XR_009766563.1,NC_064600.1,+,6,463284,465514,2231
innexin,Anopheles gambiae,project/data/references/innexins/Anopheles_gambiae/shakB__Q7PXN1.fasta,Q7PXN1,shakB,gene-LOC1272246,LOC1272246,protein retinal degeneration B,rna-XR_009766563.1,XR_009766563.1,NC_064600.1,+,7,465627,467046,1420
innexin,Anopheles gambiae,project/data/references/innexins/Anopheles_gambiae/shakB__Q7PXN1.fasta,Q7PXN1,shakB,gene-LOC1272246,LOC1272246,protein retinal degeneration B,rna-XR_009766563.1,XR_009766563.1,NC_064600.1,+,8,467248,469765,2518
innexin,Anopheles gambiae,project/data/references/innexins/Anopheles_gambiae/shakB__Q7PXN1.fasta,Q7PXN1,shakB,gene-LOC1272246,LOC1272246,protein retinal degeneration B,rna-XR_009766557.1,XR_009766557.1,NC_064600.1,+,1,455523,456613,1091
innexin,Anopheles gambiae,project/data/references/innexins/Anopheles_gambiae/shakB__Q7PXN1.fasta,Q7PXN1,shakB,gene-LOC1272246,LOC1272246,protein retinal degeneration B,rna-XR_009766557.1,XR_009766557.1,NC_064600.1,+,2,459218,459316,99
innexin,Anopheles gambiae,project/data/references/innexins/Anopheles_gambiae/shakB__Q7PXN1.fasta,Q7PXN1,shakB,gene-LOC1272246,LOC1272246,protein retinal degeneration B,rna-XR_009766557.1,XR_009766557.1,NC_064600.1,+,3,460594,461368,775
innexin,Anopheles gambiae,project/data/references/innexins/Anopheles_gambiae/shakB__Q7PXN1.fasta,Q7PXN1,shakB,gene-LOC1272246,LOC1272246,protein retinal degeneration B,rna-XR_009766557.1,XR_009766557.1,NC_064600.1,+,4,461452,461885,434
innexin,Anopheles gambiae,project/data/references/innexins/Anopheles_gambiae/shakB__Q7PXN1.fasta,Q7PXN1,shakB,gene-LOC1272246,LOC1272246,protein retinal degeneration B,rna-XR_009766557.1,XR_009766557.1,NC_064600.1,+,5,462386,462461,76
innexin,Anopheles gambiae,project/data/references/innexins/Anopheles_gambiae/shakB__Q7PXN1.fasta,Q7PXN1,shakB,gene-LOC1272246,LOC1272246,protein retinal degeneration B,rna-XR_009766557.1,XR_009766557.1,NC_064600.1,+,6,463284,465514,2231
innexin,Anopheles gambiae,project/data/references/innexins/Anopheles_gambiae/shakB__Q7PXN1.fasta,Q7PXN1,shakB,gene-LOC1272246,LOC1272246,protein retinal degeneration B,rna-XR_009766557.1,XR_009766557.1,NC_064600.1,+,7,465627,467046,1420
innexin,Anopheles gambiae,project/data/references/innexins/Anopheles_gambiae/shakB__Q7PXN1.fasta,Q7PXN1,shakB,gene-LOC1272246,LOC1272246,protein retinal degeneration B,rna-XR_009766557.1,XR_009766557.1,NC_064600.1,+,8,467248,469765,2518
innexin,Anopheles gambiae,project/data/references/innexins/Anopheles_gambiae/shakB__Q7PXN1.fasta,Q7PXN1,shakB,gene-LOC1272246,LOC1272246,protein retinal degeneration B,rna-XR_009766552.1,XR_009766552.1,NC_064600.1,+,1,455523,455885,363
innexin,Anopheles gambiae,project/data/references/innexins/Anopheles_gambiae/shakB__Q7PXN1.fasta,Q7PXN1,shakB,gene-LOC1272246,LOC1272246,protein retinal degeneration B,rna-XR_009766552.1,XR_009766552.1,NC_064600.1,+,2,459218,459316,99
innexin,Anopheles gambiae,project/data/references/innexins/Anopheles_gambiae/shakB__Q7PXN1.fasta,Q7PXN1,shakB,gene-LOC1272246,LOC1272246,protein retinal degeneration B,rna-XR_009766552.1,XR_009766552.1,NC_064600.1,+,3,460594,461368,775
innexin,Anopheles gambiae,project/data/references/innexins/Anopheles_gambiae/shakB__Q7PXN1.fasta,Q7PXN1,shakB,gene-LOC1272246,LOC1272246,protein retinal degeneration B,rna-XR_009766552.1,XR_009766552.1,NC_064600.1,+,4,461452,461885,434
innexin,Anopheles gambiae,project/data/references/innexins/Anopheles_gambiae/shakB__Q7PXN1.fasta,Q7PXN1,shakB,gene-LOC1272246,LOC1272246,protein retinal degeneration B,rna-XR_009766552.1,XR_009766552.1,NC_064600.1,+,5,462386,462461,76
innexin,Anopheles gambiae,project/data/references/innexins/Anopheles_gambiae/shakB__Q7PXN1.fasta,Q7PXN1,shakB,gene-LOC1272246,LOC1272246,protein retinal degeneration B,rna-XR_009766552.1,XR_009766552.1,NC_064600.1,+,6,463284,465514,2231
innexin,Anopheles gambiae,project/data/references/innexins/Anopheles_gambiae/shakB__Q7PXN1.fasta,Q7PXN1,shakB,gene-LOC1272246,LOC1272246,protein retinal degeneration B,rna-XR_009766552.1,XR_009766552.1,NC_064600.1,+,7,465627,467046,1420
innexin,Anopheles gambiae,project/data/references/innexins/Anopheles_gambiae/shakB__Q7PXN1.fasta,Q7PXN1,shakB,gene-LOC1272246,LOC1272246,protein retinal degeneration B,rna-XR_009766552.1,XR_009766552.1,NC_064600.1,+,8,467248,469765,2518
innexin,Anopheles gambiae,project/data/references/innexins/Anopheles_gambiae/shakB__Q7PXN1.fasta,Q7PXN1,shakB,gene-LOC1272246,LOC1272246,protein retinal degeneration B,rna-XR_009766553.1,XR_009766553.1,NC_064600.1,+,1,455523,455723,201
innexin,Anopheles gambiae,project/data/references/innexins/Anopheles_gambiae/shakB__Q7PXN1.fasta,Q7PXN1,shakB,gene-LOC1272246,LOC1272246,protein retinal degeneration B,rna-XR_009766553.1,XR_009766553.1,NC_064600.1,+,2,459218,459316,99
innexin,Anopheles gambiae,project/data/references/innexins/Anopheles_gambiae/shakB__Q7PXN1.fasta,Q7PXN1,shakB,gene-LOC1272246,LOC1272246,protein retinal degeneration B,rna-XR_009766553.1,XR_009766553.1,NC_064600.1,+,3,460594,461368,775
innexin,Anopheles gambiae,project/data/references/innexins/Anopheles_gambiae/shakB__Q7PXN1.fasta,Q7PXN1,shakB,gene-LOC1272246,LOC1272246,protein retinal degeneration B,rna-XR_009766553.1,XR_009766553.1,NC_064600.1,+,4,461452,461885,434
innexin,Anopheles gambiae,project/data/references/innexins/Anopheles_gambiae/shakB__Q7PXN1.fasta,Q7PXN1,shakB,gene-LOC1272246,LOC1272246,protein retinal degeneration B,rna-XR_009766553.1,XR_009766553.1,NC_064600.1,+,5,462386,462461,76
innexin,Anopheles gambiae,project/data/references/innexins/Anopheles_gambiae/shakB__Q7PXN1.fasta,Q7PXN1,shakB,gene-LOC1272246,LOC1272246,protein retinal degeneration B,rna-XR_009766553.1,XR_009766553.1,NC_064600.1,+,6,463284,465514,2231
innexin,Anopheles gambiae,project/data/references/innexins/Anopheles_gambiae/shakB__Q7PXN1.fasta,Q7PXN1,shakB,gene-LOC1272246,LOC1272246,protein retinal degeneration B,rna-XR_009766553.1,XR_009766553.1,NC_064600.1,+,7,465627,467046,1420
innexin,Anopheles gambiae,project/data/references/innexins/Anopheles_gambiae/shakB__Q7PXN1.fasta,Q7PXN1,shakB,gene-LOC1272246,LOC1272246,protein retinal degeneration B,rna-XR_009766553.1,XR_009766553.1,NC_064600.1,+,8,467248,469765,2518
innexin,Anopheles gambiae,project/data/references/innexins/Anopheles_gambiae/shakB__Q7PXN1.fasta,Q7PXN1,shakB,gene-LOC1272246,LOC1272246,protein retinal degeneration B,rna-XR_009766554.1,XR_009766554.1,NC_064600.1,+,1,455524,459316,3793
innexin,Anopheles gambiae,project/data/references/innexins/Anopheles_gambiae/shakB__Q7PXN1.fasta,Q7PXN1,shakB,gene-LOC1272246,LOC1272246,protein retinal degeneration B,rna-XR_009766554.1,XR_009766554.1,NC_064600.1,+,2,460594,461368,775
innexin,Anopheles gambiae,project/data/references/innexins/Anopheles_gambiae/shakB__Q7PXN1.fasta,Q7PXN1,shakB,gene-LOC1272246,LOC1272246,protein retinal degeneration B,rna-XR_009766554.1,XR_009766554.1,NC_064600.1,+,3,461452,461885,434
innexin,Anopheles gambiae,project/data/references/innexins/Anopheles_gambiae/shakB__Q7PXN1.fasta,Q7PXN1,shakB,gene-LOC1272246,LOC1272246,protein retinal degeneration B,rna-XR_009766554.1,XR_009766554.1,NC_064600.1,+,4,462386,462461,76
innexin,Anopheles gambiae,project/data/references/innexins/Anopheles_gambiae/shakB__Q7PXN1.fasta,Q7PXN1,shakB,gene-LOC1272246,LOC1272246,protein retinal degeneration B,rna-XR_009766554.1,XR_009766554.1,NC_064600.1,+,5,463284,465514,2231
innexin,Anopheles gambiae,project/data/references/innexins/Anopheles_gambiae/shakB__Q7PXN1.fasta,Q7PXN1,shakB,gene-LOC1272246,LOC1272246,protein retinal degeneration B,rna-XR_009766554.1,XR_009766554.1,NC_064600.1,+,6,465627,467046,1420
innexin,Anopheles gambiae,project/data/references/innexins/Anopheles_gambiae/shakB__Q7PXN1.fasta,Q7PXN1,shakB,gene-LOC1272246,LOC1272246,protein retinal degeneration B,rna-XR_009766554.1,XR_009766554.1,NC_064600.1,+,7,467248,469765,2518
innexin,Anopheles gambiae,project/data/references/innexins/Anopheles_gambiae/shakB__Q7PXN1.fasta,Q7PXN1,shakB,gene-LOC1272246,LOC1272246,protein retinal degeneration B,rna-XR_009766558.1,XR_009766558.1,NC_064600.1,+,1,455524,455885,362
innexin,Anopheles gambiae,project/data/references/innexins/Anopheles_gambiae/shakB__Q7PXN1.fasta,Q7PXN1,shakB,gene-LOC1272246,LOC1272246,protein retinal degeneration B,rna-XR_009766558.1,XR_009766558.1,NC_064600.1,+,2,458576,459316,741
innexin,Anopheles gambiae,project/data/references/innexins/Anopheles_gambiae/shakB__Q7PXN1.fasta,Q7PXN1,shakB,gene-LOC1272246,LOC1272246,protein retinal degeneration B,rna-XR_009766558.1,XR_009766558.1,NC_064600.1,+,3,460594,461368,775
innexin,Anopheles gambiae,project/data/references/innexins/Anopheles_gambiae/shakB__Q7PXN1.fasta,Q7PXN1,shakB,gene-LOC1272246,LOC1272246,protein retinal degeneration B,rna-XR_009766558.1,XR_009766558.1,NC_064600.1,+,4,461452,461885,434
innexin,Anopheles gambiae,project/data/references/innexins/Anopheles_gambiae/shakB__Q7PXN1.fasta,Q7PXN1,shakB,gene-LOC1272246,LOC1272246,protein retinal degeneration B,rna-XR_009766558.1,XR_009766558.1,NC_064600.1,+,5,462386,462461,76
innexin,Anopheles gambiae,project/data/references/innexins/Anopheles_gambiae/shakB__Q7PXN1.fasta,Q7PXN1,shakB,gene-LOC1272246,LOC1272246,protein retinal degeneration B,rna-XR_009766558.1,XR_009766558.1,NC_064600.1,+,6,463284,465514,2231
innexin,Anopheles gambiae,project/data/references/innexins/Anopheles_gambiae/shakB__Q7PXN1.fasta,Q7PXN1,shakB,gene-LOC1272246,LOC1272246,protein retinal degeneration B,rna-XR_009766558.1,XR_009766558.1,NC_064600.1,+,7,465627,467046,1420
innexin,Anopheles gambiae,project/data/references/innexins/Anopheles_gambiae/shakB__Q7PXN1.fasta,Q7PXN1,shakB,gene-LOC1272246,LOC1272246,protein retinal degeneration B,rna-XR_009766558.1,XR_009766558.1,NC_064600.1,+,8,467248,469765,2518
innexin,Anopheles gambiae,project/data/references/innexins/Anopheles_gambiae/shakB__Q7PXN1.fasta,Q7PXN1,shakB,gene-LOC1272246,LOC1272246,protein retinal degeneration B,rna-XR_009766562.1,XR_009766562.1,NC_064600.1,+,1,455524,455885,362
innexin,Anopheles gambiae,project/data/references/innexins/Anopheles_gambiae/shakB__Q7PXN1.fasta,Q7PXN1,shakB,gene-LOC1272246,LOC1272246,protein retinal degeneration B,rna-XR_009766562.1,XR_009766562.1,NC_064600.1,+,2,459072,459316,245
innexin,Anopheles gambiae,project/data/references/innexins/Anopheles_gambiae/shakB__Q7PXN1.fasta,Q7PXN1,shakB,gene-LOC1272246,LOC1272246,protein retinal degeneration B,rna-XR_009766562.1,XR_009766562.1,NC_064600.1,+,3,460594,461368,775
innexin,Anopheles gambiae,project/data/references/innexins/Anopheles_gambiae/shakB__Q7PXN1.fasta,Q7PXN1,shakB,gene-LOC1272246,LOC1272246,protein retinal degeneration B,rna-XR_009766562.1,XR_009766562.1,NC_064600.1,+,4,461452,461885,434
innexin,Anopheles gambiae,project/data/references/innexins/Anopheles_gambiae/shakB__Q7PXN1.fasta,Q7PXN1,shakB,gene-LOC1272246,LOC1272246,protein retinal degeneration B,rna-XR_009766562.1,XR_009766562.1,NC_064600.1,+,5,462386,462461,76
innexin,Anopheles gambiae,project/data/references/innexins/Anopheles_gambiae/shakB__Q7PXN1.fasta,Q7PXN1,shakB,gene-LOC1272246,LOC1272246,protein retinal degeneration B,rna-XR_009766562.1,XR_009766562.1,NC_064600.1,+,6,463284,465514,2231
innexin,Anopheles gambiae,project/data/references/innexins/Anopheles_gambiae/shakB__Q7PXN1.fasta,Q7PXN1,shakB,gene-LOC1272246,LOC1272246,protein retinal degeneration B,rna-XR_009766562.1,XR_009766562.1,NC_064600.1,+,7,465627,467046,1420
innexin,Anopheles gambiae,project/data/references/innexins/Anopheles_gambiae/shakB__Q7PXN1.fasta,Q7PXN1,shakB,gene-LOC1272246,LOC1272246,protein retinal degeneration B,rna-XR_009766562.1,XR_009766562.1,NC_064600.1,+,8,467248,469765,2518
innexin,Anopheles gambiae,project/data/references/innexins/Anopheles_gambiae/shakB__Q7PXN1.fasta,Q7PXN1,shakB,gene-LOC1272246,LOC1272246,protein retinal degeneration B,rna-XR_009766561.1,XR_009766561.1,NC_064600.1,+,1,455524,455723,200
innexin,Anopheles gambiae,project/data/references/innexins/Anopheles_gambiae/shakB__Q7PXN1.fasta,Q7PXN1,shakB,gene-LOC1272246,LOC1272246,protein retinal degeneration B,rna-XR_009766561.1,XR_009766561.1,NC_064600.1,+,2,458572,459316,745
innexin,Anopheles gambiae,project/data/references/innexins/Anopheles_gambiae/shakB__Q7PXN1.fasta,Q7PXN1,shakB,gene-LOC1272246,LOC1272246,protein retinal degeneration B,rna-XR_009766561.1,XR_009766561.1,NC_064600.1,+,3,460594,461368,775
innexin,Anopheles gambiae,project/data/references/innexins/Anopheles_gambiae/shakB__Q7PXN1.fasta,Q7PXN1,shakB,gene-LOC1272246,LOC1272246,protein retinal degeneration B,rna-XR_009766561.1,XR_009766561.1,NC_064600.1,+,4,461452,461885,434
innexin,Anopheles gambiae,project/data/references/innexins/Anopheles_gambiae/shakB__Q7PXN1.fasta,Q7PXN1,shakB,gene-LOC1272246,LOC1272246,protein retinal degeneration B,rna-XR_009766561.1,XR_009766561.1,NC_064600.1,+,5,462386,462461,76
innexin,Anopheles gambiae,project/data/references/innexins/Anopheles_gambiae/shakB__Q7PXN1.fasta,Q7PXN1,shakB,gene-LOC1272246,LOC1272246,protein retinal degeneration B,rna-XR_009766561.1,XR_009766561.1,NC_064600.1,+,6,463284,465514,2231
innexin,Anopheles gambiae,project/data/references/innexins/Anopheles_gambiae/shakB__Q7PXN1.fasta,Q7PXN1,shakB,gene-LOC1272246,LOC1272246,protein retinal degeneration B,rna-XR_009766561.1,XR_009766561.1,NC_064600.1,+,7,465627,467046,1420
innexin,Anopheles gambiae,project/data/references/innexins/Anopheles_gambiae/shakB__Q7PXN1.fasta,Q7PXN1,shakB,gene-LOC1272246,LOC1272246,protein retinal degeneration B,rna-XR_009766561.1,XR_009766561.1,NC_064600.1,+,8,467248,469765,2518
innexin,Anopheles gambiae,project/data/references/innexins/Anopheles_gambiae/shakB__Q7PXN1.fasta,Q7PXN1,shakB,gene-LOC1272246,LOC1272246,protein retinal degeneration B,rna-XR_009766564.1,XR_009766564.1,NC_064600.1,+,1,455524,455723,200
innexin,Anopheles gambiae,project/data/references/innexins/Anopheles_gambiae/shakB__Q7PXN1.fasta,Q7PXN1,shakB,gene-LOC1272246,LOC1272246,protein retinal degeneration B,rna-XR_009766564.1,XR_009766564.1,NC_064600.1,+,2,459072,459316,245
innexin,Anopheles gambiae,project/data/references/innexins/Anopheles_gambiae/shakB__Q7PXN1.fasta,Q7PXN1,shakB,gene-LOC1272246,LOC1272246,protein retinal degeneration B,rna-XR_009766564.1,XR_009766564.1,NC_064600.1,+,3,460594,461368,775
innexin,Anopheles gambiae,project/data/references/innexins/Anopheles_gambiae/shakB__Q7PXN1.fasta,Q7PXN1,shakB,gene-LOC1272246,LOC1272246,protein retinal degeneration B,rna-XR_009766564.1,XR_009766564.1,NC_064600.1,+,4,461452,461885,434
innexin,Anopheles gambiae,project/data/references/innexins/Anopheles_gambiae/shakB__Q7PXN1.fasta,Q7PXN1,shakB,gene-LOC1272246,LOC1272246,protein retinal degeneration B,rna-XR_009766564.1,XR_009766564.1,NC_064600.1,+,5,462386,462461,76
innexin,Anopheles gambiae,project/data/references/innexins/Anopheles_gambiae/shakB__Q7PXN1.fasta,Q7PXN1,shakB,gene-LOC1272246,LOC1272246,protein retinal degeneration B,rna-XR_009766564.1,XR_009766564.1,NC_064600.1,+,6,463284,465514,2231
innexin,Anopheles gambiae,project/data/references/innexins/Anopheles_gambiae/shakB__Q7PXN1.fasta,Q7PXN1,shakB,gene-LOC1272246,LOC1272246,protein retinal degeneration B,rna-XR_009766564.1,XR_009766564.1,NC_064600.1,+,7,465627,467046,1420
innexin,Anopheles gambiae,project/data/references/innexins/Anopheles_gambiae/shakB__Q7PXN1.fasta,Q7PXN1,shakB,gene-LOC1272246,LOC1272246,protein retinal degeneration B,rna-XR_009766564.1,XR_009766564.1,NC_064600.1,+,8,467248,469765,2518
innexin,Anopheles gambiae,project/data/references/innexins/Anopheles_gambiae/shakB__Q7PXN1.fasta,Q7PXN1,shakB,gene-LOC1272246,LOC1272246,protein retinal degeneration B,rna-XR_009766550.1,XR_009766550.1,NC_064600.1,+,1,455525,455652,128
innexin,Anopheles gambiae,project/data/references/innexins/Anopheles_gambiae/shakB__Q7PXN1.fasta,Q7PXN1,shakB,gene-LOC1272246,LOC1272246,protein retinal degeneration B,rna-XR_009766550.1,XR_009766550.1,NC_064600.1,+,2,458572,459316,745
innexin,Anopheles gambiae,project/data/references/innexins/Anopheles_gambiae/shakB__Q7PXN1.fasta,Q7PXN1,shakB,gene-LOC1272246,LOC1272246,protein retinal degeneration B,rna-XR_009766550.1,XR_009766550.1,NC_064600.1,+,3,460594,461368,775
innexin,Anopheles gambiae,project/data/references/innexins/Anopheles_gambiae/shakB__Q7PXN1.fasta,Q7PXN1,shakB,gene-LOC1272246,LOC1272246,protein retinal degeneration B,rna-XR_009766550.1,XR_009766550.1,NC_064600.1,+,4,461452,461885,434
innexin,Anopheles gambiae,project/data/references/innexins/Anopheles_gambiae/shakB__Q7PXN1.fasta,Q7PXN1,shakB,gene-LOC1272246,LOC1272246,protein retinal degeneration B,rna-XR_009766550.1,XR_009766550.1,NC_064600.1,+,5,462386,462461,76
innexin,Anopheles gambiae,project/data/references/innexins/Anopheles_gambiae/shakB__Q7PXN1.fasta,Q7PXN1,shakB,gene-LOC1272246,LOC1272246,protein retinal degeneration B,rna-XR_009766550.1,XR_009766550.1,NC_064600.1,+,6,463284,465514,2231
innexin,Anopheles gambiae,project/data/references/innexins/Anopheles_gambiae/shakB__Q7PXN1.fasta,Q7PXN1,shakB,gene-LOC1272246,LOC1272246,protein retinal degeneration B,rna-XR_009766550.1,XR_009766550.1,NC_064600.1,+,7,465627,467046,1420
innexin,Anopheles gambiae,project/data/references/innexins/Anopheles_gambiae/shakB__Q7PXN1.fasta,Q7PXN1,shakB,gene-LOC1272246,LOC1272246,protein retinal degeneration B,rna-XR_009766550.1,XR_009766550.1,NC_064600.1,+,8,467248,469765,2518
innexin,Anopheles gambiae,project/data/references/innexins/Anopheles_gambiae/shakB__Q7PXN1.fasta,Q7PXN1,shakB,gene-LOC1272246,LOC1272246,protein retinal degeneration B,rna-XR_009766565.1,XR_009766565.1,NC_064600.1,+,1,455525,455652,128
innexin,Anopheles gambiae,project/data/references/innexins/Anopheles_gambiae/shakB__Q7PXN1.fasta,Q7PXN1,shakB,gene-LOC1272246,LOC1272246,protein retinal degeneration B,rna-XR_009766565.1,XR_009766565.1,NC_064600.1,+,2,459072,459316,245
innexin,Anopheles gambiae,project/data/references/innexins/Anopheles_gambiae/shakB__Q7PXN1.fasta,Q7PXN1,shakB,gene-LOC1272246,LOC1272246,protein retinal degeneration B,rna-XR_009766565.1,XR_009766565.1,NC_064600.1,+,3,460594,461368,775
innexin,Anopheles gambiae,project/data/references/innexins/Anopheles_gambiae/shakB__Q7PXN1.fasta,Q7PXN1,shakB,gene-LOC1272246,LOC1272246,protein retinal degeneration B,rna-XR_009766565.1,XR_009766565.1,NC_064600.1,+,4,461452,461885,434
innexin,Anopheles gambiae,project/data/references/innexins/Anopheles_gambiae/shakB__Q7PXN1.fasta,Q7PXN1,shakB,gene-LOC1272246,LOC1272246,protein retinal degeneration B,rna-XR_009766565.1,XR_009766565.1,NC_064600.1,+,5,462386,462461,76
innexin,Anopheles gambiae,project/data/references/innexins/Anopheles_gambiae/shakB__Q7PXN1.fasta,Q7PXN1,shakB,gene-LOC1272246,LOC1272246,protein retinal degeneration B,rna-XR_009766565.1,XR_009766565.1,NC_064600.1,+,6,463284,465514,2231
innexin,Anopheles gambiae,project/data/references/innexins/Anopheles_gambiae/shakB__Q7PXN1.fasta,Q7PXN1,shakB,gene-LOC1272246,LOC1272246,protein retinal degeneration B,rna-XR_009766565.1,XR_009766565.1,NC_064600.1,+,7,465627,467046,1420
innexin,Anopheles gambiae,project/data/references/innexins/Anopheles_gambiae/shakB__Q7PXN1.fasta,Q7PXN1,shakB,gene-LOC1272246,LOC1272246,protein retinal degeneration B,rna-XR_009766565.1,XR_009766565.1,NC_064600.1,+,8,467248,469765,2518
innexin,Anopheles gambiae,project/data/references/innexins/Anopheles_gambiae/shakB__Q7PXN1.fasta,Q7PXN1,shakB,gene-LOC1272246,LOC1272246,protein retinal degeneration B,rna-XM_061662137.1,XM_061662137.1,NC_064600.1,+,1,455524,459316,3793
innexin,Anopheles gambiae,project/data/references/innexins/Anopheles_gambiae/shakB__Q7PXN1.fasta,Q7PXN1,shakB,gene-LOC1272246,LOC1272246,protein retinal degeneration B,rna-XM_061662137.1,XM_061662137.1,NC_064600.1,+,2,460594,461368,775
innexin,Anopheles gambiae,project/data/references/innexins/Anopheles_gambiae/shakB__Q7PXN1.fasta,Q7PXN1,shakB,gene-LOC1272246,LOC1272246,protein retinal degeneration B,rna-XM_061662137.1,XM_061662137.1,NC_064600.1,+,3,461452,461885,434
innexin,Anopheles gambiae,project/data/references/innexins/Anopheles_gambiae/shakB__Q7PXN1.fasta,Q7PXN1,shakB,gene-LOC1272246,LOC1272246,protein retinal degeneration B,rna-XM_061662137.1,XM_061662137.1,NC_064600.1,+,4,462386,462461,76
innexin,Anopheles gambiae,project/data/references/innexins/Anopheles_gambiae/shakB__Q7PXN1.fasta,Q7PXN1,shakB,gene-LOC1272246,LOC1272246,protein retinal degeneration B,rna-XM_061662137.1,XM_061662137.1,NC_064600.1,+,5,463284,465514,2231
innexin,Anopheles gambiae,project/data/references/innexins/Anopheles_gambiae/shakB__Q7PXN1.fasta,Q7PXN1,shakB,gene-LOC1272246,LOC1272246,protein retinal degeneration B,rna-XM_061662137.1,XM_061662137.1,NC_064600.1,+,6,465627,469765,4139
innexin,Caenorhabditis briggsae,project/data/references/innexins/Caenorhabditis_briggsae/inx-19__A8WVX4.fasta,A8WVX4,inx-19,gene-CBG_03987,Cbr-inx-19,Cbr-inx-19,rna-XM_045244287.1,XM_045244287.1,NC_013489.2,+,1,4663327,4663717,391
innexin,Caenorhabditis briggsae,project/data/references/innexins/Caenorhabditis_briggsae/inx-19__A8WVX4.fasta,A8WVX4,inx-19,gene-CBG_03987,Cbr-inx-19,Cbr-inx-19,rna-XM_045244287.1,XM_045244287.1,NC_013489.2,+,2,4664013,4664086,74
innexin,Caenorhabditis briggsae,project/data/references/innexins/Caenorhabditis_briggsae/inx-19__A8WVX4.fasta,A8WVX4,inx-19,gene-CBG_03987,Cbr-inx-19,Cbr-inx-19,rna-XM_045244287.1,XM_045244287.1,NC_013489.2,+,3,4664132,4664368,237
innexin,Caenorhabditis briggsae,project/data/references/innexins/Caenorhabditis_briggsae/inx-19__A8WVX4.fasta,A8WVX4,inx-19,gene-CBG_03987,Cbr-inx-19,Cbr-inx-19,rna-XM_045244287.1,XM_045244287.1,NC_013489.2,+,4,4664419,4664829,411
innexin,Caenorhabditis briggsae,project/data/references/innexins/Caenorhabditis_briggsae/inx-19__A8WVX4.fasta,A8WVX4,inx-19,gene-CBG_03987,Cbr-inx-19,Cbr-inx-19,rna-XM_045244287.1,XM_045244287.1,NC_013489.2,+,5,4664873,4665079,207
innexin,Caenorhabditis elegans,project/data/references/innexins/Caenorhabditis_elegans/eat-5__Q27295.fasta,Q27295,eat-5,gene-CELE_F13G3.8,eat-5,eat-5,rna-NM_059667.8,NM_059667.8,NC_003279.8,-,1,7308643,7308823,181
innexin,Caenorhabditis elegans,project/data/references/innexins/Caenorhabditis_elegans/eat-5__Q27295.fasta,Q27295,eat-5,gene-CELE_F13G3.8,eat-5,eat-5,rna-NM_059667.8,NM_059667.8,NC_003279.8,-,2,7308896,7308972,77
innexin,Caenorhabditis elegans,project/data/references/innexins/Caenorhabditis_elegans/eat-5__Q27295.fasta,Q27295,eat-5,gene-CELE_F13G3.8,eat-5,eat-5,rna-NM_059667.8,NM_059667.8,NC_003279.8,-,3,7309025,7309157,133
innexin,Caenorhabditis elegans,project/data/references/innexins/Caenorhabditis_elegans/eat-5__Q27295.fasta,Q27295,eat-5,gene-CELE_F13G3.8,eat-5,eat-5,rna-NM_059667.8,NM_059667.8,NC_003279.8,-,4,7309268,7309360,93
innexin,Caenorhabditis elegans,project/data/references/innexins/Caenorhabditis_elegans/eat-5__Q27295.fasta,Q27295,eat-5,gene-CELE_F13G3.8,eat-5,eat-5,rna-NM_059667.8,NM_059667.8,NC_003279.8,-,5,7309539,7309633,95
innexin,Caenorhabditis elegans,project/data/references/innexins/Caenorhabditis_elegans/eat-5__Q27295.fasta,Q27295,eat-5,gene-CELE_F13G3.8,eat-5,eat-5,rna-NM_059667.8,NM_059667.8,NC_003279.8,-,6,7310024,7310204,181
innexin,Caenorhabditis elegans,project/data/references/innexins/Caenorhabditis_elegans/eat-5__Q27295.fasta,Q27295,eat-5,gene-CELE_F13G3.8,eat-5,eat-5,rna-NM_059667.8,NM_059667.8,NC_003279.8,-,7,7310328,7310470,143
innexin,Caenorhabditis elegans,project/data/references/innexins/Caenorhabditis_elegans/eat-5__Q27295.fasta,Q27295,eat-5,gene-CELE_F13G3.8,eat-5,eat-5,rna-NM_059667.8,NM_059667.8,NC_003279.8,-,8,7310819,7311082,264
innexin,Caenorhabditis elegans,project/data/references/innexins/Caenorhabditis_elegans/eat-5__Q27295.fasta,Q27295,eat-5,gene-CELE_F13G3.8,eat-5,eat-5,rna-NM_059667.8,NM_059667.8,NC_003279.8,-,9,7311567,7311915,349
innexin,Caenorhabditis elegans,project/data/references/innexins/Caenorhabditis_elegans/inx-10__Q22549.fasta,Q22549,inx-10,gene-CELE_Y48G1C.10,mtm-10,mtm-10,rna-NM_001306236.4,NM_001306236.4,NC_003279.8,+,1,81193,81272,80
innexin,Caenorhabditis elegans,project/data/references/innexins/Caenorhabditis_elegans/inx-10__Q22549.fasta,Q22549,inx-10,gene-CELE_Y48G1C.10,mtm-10,mtm-10,rna-NM_001306236.4,NM_001306236.4,NC_003279.8,+,2,81885,81963,79
innexin,Caenorhabditis elegans,project/data/references/innexins/Caenorhabditis_elegans/inx-10__Q22549.fasta,Q22549,inx-10,gene-CELE_Y48G1C.10,mtm-10,mtm-10,rna-NM_001306236.4,NM_001306236.4,NC_003279.8,+,3,82016,82137,122
innexin,Caenorhabditis elegans,project/data/references/innexins/Caenorhabditis_elegans/inx-10__Q22549.fasta,Q22549,inx-10,gene-CELE_Y48G1C.10,mtm-10,mtm-10,rna-NM_001306236.4,NM_001306236.4,NC_003279.8,+,4,82586,82676,91
innexin,Caenorhabditis elegans,project/data/references/innexins/Caenorhabditis_elegans/inx-10__Q22549.fasta,Q22549,inx-10,gene-CELE_Y48G1C.10,mtm-10,mtm-10,rna-NM_001306236.4,NM_001306236.4,NC_003279.8,+,5,83181,83420,240
innexin,Caenorhabditis elegans,project/data/references/innexins/Caenorhabditis_elegans/inx-10__Q22549.fasta,Q22549,inx-10,gene-CELE_Y48G1C.10,mtm-10,mtm-10,rna-NM_001306236.4,NM_001306236.4,NC_003279.8,+,6,84190,84313,124
innexin,Caenorhabditis elegans,project/data/references/innexins/Caenorhabditis_elegans/inx-10__Q22549.fasta,Q22549,inx-10,gene-CELE_Y48G1C.10,mtm-10,mtm-10,rna-NM_001306236.4,NM_001306236.4,NC_003279.8,+,7,84388,84567,180
innexin,Caenorhabditis elegans,project/data/references/innexins/Caenorhabditis_elegans/inx-10__Q22549.fasta,Q22549,inx-10,gene-CELE_Y48G1C.10,mtm-10,mtm-10,rna-NM_001306236.4,NM_001306236.4,NC_003279.8,+,8,84614,84738,125
innexin,Caenorhabditis elegans,project/data/references/innexins/Caenorhabditis_elegans/inx-10__Q22549.fasta,Q22549,inx-10,gene-CELE_Y48G1C.10,mtm-10,mtm-10,rna-NM_001306236.4,NM_001306236.4,NC_003279.8,+,9,84836,84985,150
innexin,Caenorhabditis elegans,project/data/references/innexins/Caenorhabditis_elegans/inx-10__Q22549.fasta,Q22549,inx-10,gene-CELE_Y48G1C.10,mtm-10,mtm-10,rna-NM_001306236.4,NM_001306236.4,NC_003279.8,+,10,86824,86904,81
innexin,Caenorhabditis elegans,project/data/references/innexins/Caenorhabditis_elegans/inx-10__Q22549.fasta,Q22549,inx-10,gene-CELE_Y48G1C.10,mtm-10,mtm-10,rna-NM_001306236.4,NM_001306236.4,NC_003279.8,+,11,87034,87223,190
innexin,Caenorhabditis elegans,project/data/references/innexins/Caenorhabditis_elegans/inx-10__Q22549.fasta,Q22549,inx-10,gene-CELE_Y48G1C.10,mtm-10,mtm-10,rna-NM_001306236.4,NM_001306236.4,NC_003279.8,+,12,87520,87734,215
innexin,Caenorhabditis elegans,project/data/references/innexins/Caenorhabditis_elegans/inx-10__Q22549.fasta,Q22549,inx-10,gene-CELE_Y48G1C.10,mtm-10,mtm-10,rna-NM_001306236.4,NM_001306236.4,NC_003279.8,+,13,88268,88500,233
innexin,Caenorhabditis elegans,project/data/references/innexins/Caenorhabditis_elegans/inx-10__Q22549.fasta,Q22549,inx-10,gene-CELE_Y48G1C.10,mtm-10,mtm-10,rna-NM_001306236.4,NM_001306236.4,NC_003279.8,+,14,88566,88706,141
innexin,Caenorhabditis elegans,project/data/references/innexins/Caenorhabditis_elegans/inx-10__Q22549.fasta,Q22549,inx-10,gene-CELE_Y48G1C.10,mtm-10,mtm-10,rna-NM_001306236.4,NM_001306236.4,NC_003279.8,+,15,89372,89584,213
innexin,Caenorhabditis elegans,project/data/references/innexins/Caenorhabditis_elegans/inx-10__Q22549.fasta,Q22549,inx-10,gene-CELE_Y48G1C.10,mtm-10,mtm-10,rna-NM_001306236.4,NM_001306236.4,NC_003279.8,+,16,90419,91296,878
innexin,Caenorhabditis elegans,project/data/references/innexins/Caenorhabditis_elegans/inx-10__Q22549.fasta,Q22549,inx-10,gene-CELE_Y48G1C.10,mtm-10,mtm-10,rna-NM_182095.5,NM_182095.5,NC_003279.8,+,1,86841,86904,64
innexin,Caenorhabditis elegans,project/data/references/innexins/Caenorhabditis_elegans/inx-10__Q22549.fasta,Q22549,inx-10,gene-CELE_Y48G1C.10,mtm-10,mtm-10,rna-NM_182095.5,NM_182095.5,NC_003279.8,+,2,87034,87223,190
innexin,Caenorhabditis elegans,project/data/references/innexins/Caenorhabditis_elegans/inx-10__Q22549.fasta,Q22549,inx-10,gene-CELE_Y48G1C.10,mtm-10,mtm-10,rna-NM_182095.5,NM_182095.5,NC_003279.8,+,3,87520,87734,215
innexin,Caenorhabditis elegans,project/data/references/innexins/Caenorhabditis_elegans/inx-10__Q22549.fasta,Q22549,inx-10,gene-CELE_Y48G1C.10,mtm-10,mtm-10,rna-NM_182095.5,NM_182095.5,NC_003279.8,+,4,88268,88500,233
innexin,Caenorhabditis elegans,project/data/references/innexins/Caenorhabditis_elegans/inx-10__Q22549.fasta,Q22549,inx-10,gene-CELE_Y48G1C.10,mtm-10,mtm-10,rna-NM_182095.5,NM_182095.5,NC_003279.8,+,5,88566,88706,141
innexin,Caenorhabditis elegans,project/data/references/innexins/Caenorhabditis_elegans/inx-10__Q22549.fasta,Q22549,inx-10,gene-CELE_Y48G1C.10,mtm-10,mtm-10,rna-NM_182095.5,NM_182095.5,NC_003279.8,+,6,89372,89584,213
innexin,Caenorhabditis elegans,project/data/references/innexins/Caenorhabditis_elegans/inx-10__Q22549.fasta,Q22549,inx-10,gene-CELE_Y48G1C.10,mtm-10,mtm-10,rna-NM_182095.5,NM_182095.5,NC_003279.8,+,7,90419,90607,189
innexin,Caenorhabditis elegans,project/data/references/innexins/Caenorhabditis_elegans/inx-10__Q22549.fasta,Q22549,inx-10,gene-CELE_Y48G1C.10,mtm-10,mtm-10,rna-NM_001306237.3,NM_001306237.3,NC_003279.8,+,1,89480,89584,105
innexin,Caenorhabditis elegans,project/data/references/innexins/Caenorhabditis_elegans/inx-10__Q22549.fasta,Q22549,inx-10,gene-CELE_Y48G1C.10,mtm-10,mtm-10,rna-NM_001306237.3,NM_001306237.3,NC_003279.8,+,2,90419,90607,189
innexin,Caenorhabditis elegans,project/data/references/innexins/Caenorhabditis_elegans/inx-11__Q23157.fasta,Q23157,inx-11,gene-CELE_F53G12.1,rab-11.1,rab-11.1,rna-NM_058274.7,NM_058274.7,NC_003279.8,-,1,108674,109446,773
innexin,Caenorhabditis elegans,project/data/references/innexins/Caenorhabditis_elegans/inx-11__Q23157.fasta,Q23157,inx-11,gene-CELE_F53G12.1,rab-11.1,rab-11.1,rna-NM_058274.7,NM_058274.7,NC_003279.8,-,2,109492,109783,292
innexin,Caenorhabditis elegans,project/data/references/innexins/Caenorhabditis_elegans/inx-11__Q23157.fasta,Q23157,inx-11,gene-CELE_F53G12.1,rab-11.1,rab-11.1,rna-NM_058274.7,NM_058274.7,NC_003279.8,-,3,109835,109956,122
innexin,Caenorhabditis elegans,project/data/references/innexins/Caenorhabditis_elegans/inx-11__Q23157.fasta,Q23157,inx-11,gene-CELE_F53G12.1,rab-11.1,rab-11.1,rna-NM_058274.7,NM_058274.7,NC_003279.8,-,4,110005,110057,53
innexin,Caenorhabditis elegans,project/data/references/innexins/Caenorhabditis_elegans/inx-12__O01634.fasta,O01634,inx-12,gene-CELE_ZK770.3,inx-12,inx-12,rna-NM_058812.9,NM_058812.9,NC_003279.8,-,1,3755488,3755851,364
innexin,Caenorhabditis elegans,project/data/references/innexins/Caenorhabditis_elegans/inx-12__O01634.fasta,O01634,inx-12,gene-CELE_ZK770.3,inx-12,inx-12,rna-NM_058812.9,NM_058812.9,NC_003279.8,-,2,3756361,3756732,372
innexin,Caenorhabditis elegans,project/data/references/innexins/Caenorhabditis_elegans/inx-12__O01634.fasta,O01634,inx-12,gene-CELE_ZK770.3,inx-12,inx-12,rna-NM_058812.9,NM_058812.9,NC_003279.8,-,3,3757198,3757382,185
innexin,Caenorhabditis elegans,project/data/references/innexins/Caenorhabditis_elegans/inx-12__O01634.fasta,O01634,inx-12,gene-CELE_ZK770.3,inx-12,inx-12,rna-NM_058812.9,NM_058812.9,NC_003279.8,-,4,3757814,3758106,293
innexin,Caenorhabditis elegans,project/data/references/innexins/Caenorhabditis_elegans/inx-12__O01634.fasta,O01634,inx-12,gene-CELE_ZK770.3,inx-12,inx-12,rna-NM_058812.9,NM_058812.9,NC_003279.8,-,5,3758864,3759039,176
innexin,Caenorhabditis elegans,project/data/references/innexins/Caenorhabditis_elegans/inx-14__O62136.fasta,O62136,inx-14,gene-CELE_Y48G1A.4,nol-14,nol-14,rna-NM_001364065.4,NM_001364065.4,NC_003279.8,+,1,323855,323934,80
innexin,Caenorhabditis elegans,project/data/references/innexins/Caenorhabditis_elegans/inx-14__O62136.fasta,O62136,inx-14,gene-CELE_Y48G1A.4,nol-14,nol-14,rna-NM_001364065.4,NM_001364065.4,NC_003279.8,+,2,323979,324240,262
innexin,Caenorhabditis elegans,project/data/references/innexins/Caenorhabditis_elegans/inx-14__O62136.fasta,O62136,inx-14,gene-CELE_Y48G1A.4,nol-14,nol-14,rna-NM_001364065.4,NM_001364065.4,NC_003279.8,+,3,324289,324653,365
innexin,Caenorhabditis elegans,project/data/references/innexins/Caenorhabditis_elegans/inx-14__O62136.fasta,O62136,inx-14,gene-CELE_Y48G1A.4,nol-14,nol-14,rna-NM_001364065.4,NM_001364065.4,NC_003279.8,+,4,325299,326048,750
innexin,Caenorhabditis elegans,project/data/references/innexins/Caenorhabditis_elegans/inx-14__O62136.fasta,O62136,inx-14,gene-CELE_Y48G1A.4,nol-14,nol-14,rna-NM_001364065.4,NM_001364065.4,NC_003279.8,+,5,326959,327245,287
innexin,Caenorhabditis elegans,project/data/references/innexins/Caenorhabditis_elegans/inx-14__O62136.fasta,O62136,inx-14,gene-CELE_Y48G1A.4,nol-14,nol-14,rna-NM_001364065.4,NM_001364065.4,NC_003279.8,+,6,327847,327979,133
innexin,Caenorhabditis elegans,project/data/references/innexins/Caenorhabditis_elegans/inx-14__O62136.fasta,O62136,inx-14,gene-CELE_Y48G1A.4,nol-14,nol-14,rna-NM_001364065.4,NM_001364065.4,NC_003279.8,+,7,330111,330987,877
innexin,Caenorhabditis elegans,project/data/references/innexins/Caenorhabditis_elegans/inx-16__O61787.fasta,O61787,inx-16,gene-CELE_Y65B4BR.6,grl-16,grl-16,rna-NM_058353.6,NM_058353.6,NC_003279.8,-,1,572173,572604,432
innexin,Caenorhabditis elegans,project/data/references/innexins/Caenorhabditis_elegans/inx-16__O61787.fasta,O61787,inx-16,gene-CELE_Y65B4BR.6,grl-16,grl-16,rna-NM_058353.6,NM_058353.6,NC_003279.8,-,2,572889,572993,105
innexin,Caenorhabditis elegans,project/data/references/innexins/Caenorhabditis_elegans/inx-16__O61787.fasta,O61787,inx-16,gene-CELE_Y65B4BR.6,grl-16,grl-16,rna-NM_058353.6,NM_058353.6,NC_003279.8,-,3,573640,573893,254
innexin,Caenorhabditis elegans,project/data/references/innexins/Caenorhabditis_elegans/inx-16__O61787.fasta,O61787,inx-16,gene-CELE_Y65B4BR.6,grl-16,grl-16,rna-NM_058353.6,NM_058353.6,NC_003279.8,-,4,574145,574662,518
innexin,Caenorhabditis elegans,project/data/references/innexins/Caenorhabditis_elegans/inx-16__O61787.fasta,O61787,inx-16,gene-CELE_Y65B4BR.6,grl-16,grl-16,rna-NM_058353.6,NM_058353.6,NC_003279.8,-,5,574930,575120,191
innexin,Caenorhabditis elegans,project/data/references/innexins/Caenorhabditis_elegans/inx-16__O61787.fasta,O61787,inx-16,gene-CELE_Y65B4BR.6,grl-16,grl-16,rna-NM_182075.3,NM_182075.3,NC_003279.8,-,1,572173,572604,432
innexin,Caenorhabditis elegans,project/data/references/innexins/Caenorhabditis_elegans/inx-16__O61787.fasta,O61787,inx-16,gene-CELE_Y65B4BR.6,grl-16,grl-16,rna-NM_182075.3,NM_182075.3,NC_003279.8,-,2,572889,572993,105
innexin,Caenorhabditis elegans,project/data/references/innexins/Caenorhabditis_elegans/inx-16__O61787.fasta,O61787,inx-16,gene-CELE_Y65B4BR.6,grl-16,grl-16,rna-NM_182075.3,NM_182075.3,NC_003279.8,-,3,573640,574073,434
innexin,Caenorhabditis elegans,project/data/references/innexins/Caenorhabditis_elegans/inx-16__O61787.fasta,O61787,inx-16,gene-CELE_Y65B4BR.6,grl-16,grl-16,rna-NM_182075.3,NM_182075.3,NC_003279.8,-,4,574145,574662,518
innexin,Caenorhabditis elegans,project/data/references/innexins/Caenorhabditis_elegans/inx-16__O61787.fasta,O61787,inx-16,gene-CELE_Y65B4BR.6,grl-16,grl-16,rna-NM_182075.3,NM_182075.3,NC_003279.8,-,5,574930,575120,191
innexin,Caenorhabditis elegans,project/data/references/innexins/Caenorhabditis_elegans/inx-17__O61788.fasta,O61788,inx-17,gene-CELE_C54G6.5,spp-17,spp-17,rna-NM_170795.8,NM_170795.8,NC_003279.8,+,1,1016405,1016524,120
innexin,Caenorhabditis elegans,project/data/references/innexins/Caenorhabditis_elegans/inx-17__O61788.fasta,O61788,inx-17,gene-CELE_C54G6.5,spp-17,spp-17,rna-NM_170795.8,NM_170795.8,NC_003279.8,+,2,1016932,1017176,245
innexin,Caenorhabditis elegans,project/data/references/innexins/Caenorhabditis_elegans/inx-19__O61715.fasta,O61715,inx-19,gene-CELE_T16H5.1,inx-19,inx-19,rna-NM_001381412.2,NM_001381412.2,NC_003279.8,-,1,2451898,2452177,280
innexin,Caenorhabditis elegans,project/data/references/innexins/Caenorhabditis_elegans/inx-19__O61715.fasta,O61715,inx-19,gene-CELE_T16H5.1,inx-19,inx-19,rna-NM_001381412.2,NM_001381412.2,NC_003279.8,-,2,2452942,2453352,411
innexin,Caenorhabditis elegans,project/data/references/innexins/Caenorhabditis_elegans/inx-19__O61715.fasta,O61715,inx-19,gene-CELE_T16H5.1,inx-19,inx-19,rna-NM_001381412.2,NM_001381412.2,NC_003279.8,-,3,2454658,2454894,237
innexin,Caenorhabditis elegans,project/data/references/innexins/Caenorhabditis_elegans/inx-19__O61715.fasta,O61715,inx-19,gene-CELE_T16H5.1,inx-19,inx-19,rna-NM_001381412.2,NM_001381412.2,NC_003279.8,-,4,2455019,2455092,74
innexin,Caenorhabditis elegans,project/data/references/innexins/Caenorhabditis_elegans/inx-19__O61715.fasta,O61715,inx-19,gene-CELE_T16H5.1,inx-19,inx-19,rna-NM_001381412.2,NM_001381412.2,NC_003279.8,-,5,2456054,2456465,412
innexin,Caenorhabditis elegans,project/data/references/innexins/Caenorhabditis_elegans/inx-19__O61715.fasta,O61715,inx-19,gene-CELE_T16H5.1,inx-19,inx-19,rna-NM_058582.8,NM_058582.8,NC_003279.8,-,1,2451911,2452177,267
innexin,Caenorhabditis elegans,project/data/references/innexins/Caenorhabditis_elegans/inx-19__O61715.fasta,O61715,inx-19,gene-CELE_T16H5.1,inx-19,inx-19,rna-NM_058582.8,NM_058582.8,NC_003279.8,-,2,2452942,2453352,411
innexin,Caenorhabditis elegans,project/data/references/innexins/Caenorhabditis_elegans/inx-19__O61715.fasta,O61715,inx-19,gene-CELE_T16H5.1,inx-19,inx-19,rna-NM_058582.8,NM_058582.8,NC_003279.8,-,3,2454658,2454894,237
innexin,Caenorhabditis elegans,project/data/references/innexins/Caenorhabditis_elegans/inx-19__O61715.fasta,O61715,inx-19,gene-CELE_T16H5.1,inx-19,inx-19,rna-NM_058582.8,NM_058582.8,NC_003279.8,-,4,2455019,2455092,74
innexin,Caenorhabditis elegans,project/data/references/innexins/Caenorhabditis_elegans/inx-19__O61715.fasta,O61715,inx-19,gene-CELE_T16H5.1,inx-19,inx-19,rna-NM_058582.8,NM_058582.8,NC_003279.8,-,5,2456054,2456463,410
innexin,Caenorhabditis elegans,project/data/references/innexins/Caenorhabditis_elegans/inx-19__O61715.fasta,O61715,inx-19,gene-CELE_T16H5.1,inx-19,inx-19,rna-NM_058582.8,NM_058582.8,NC_003279.8,-,6,2463346,2463461,116
innexin,Caenorhabditis elegans,project/data/references/innexins/Caenorhabditis_elegans/inx-2__Q9U3K5.fasta,Q9U3K5,inx-2,gene-CELE_F08G12.10,inx-2,inx-2,rna-NM_077484.6,NM_077484.6,NC_003284.9,-,1,11295007,11295359,353
innexin,Caenorhabditis elegans,project/data/references/innexins/Caenorhabditis_elegans/inx-2__Q9U3K5.fasta,Q9U3K5,inx-2,gene-CELE_F08G12.10,inx-2,inx-2,rna-NM_077484.6,NM_077484.6,NC_003284.9,-,2,11295552,11295701,150
innexin,Caenorhabditis elegans,project/data/references/innexins/Caenorhabditis_elegans/inx-2__Q9U3K5.fasta,Q9U3K5,inx-2,gene-CELE_F08G12.10,inx-2,inx-2,rna-NM_077484.6,NM_077484.6,NC_003284.9,-,3,11295749,11296153,405
innexin,Caenorhabditis elegans,project/data/references/innexins/Caenorhabditis_elegans/inx-2__Q9U3K5.fasta,Q9U3K5,inx-2,gene-CELE_F08G12.10,inx-2,inx-2,rna-NM_077484.6,NM_077484.6,NC_003284.9,-,4,11296202,11296733,532
innexin,Caenorhabditis elegans,project/data/references/innexins/Caenorhabditis_elegans/inx-3__Q19746.fasta,Q19746,inx-3,gene-CELE_F22F4.2,inx-3,inx-3,rna-NM_076601.7,NM_076601.7,NC_003284.9,+,1,5996156,5996308,153
innexin,Caenorhabditis elegans,project/data/references/innexins/Caenorhabditis_elegans/inx-3__Q19746.fasta,Q19746,inx-3,gene-CELE_F22F4.2,inx-3,inx-3,rna-NM_076601.7,NM_076601.7,NC_003284.9,+,2,5996708,5997689,982
innexin,Caenorhabditis elegans,project/data/references/innexins/Caenorhabditis_elegans/inx-3__Q19746.fasta,Q19746,inx-3,gene-CELE_F22F4.2,inx-3,inx-3,rna-NM_076601.7,NM_076601.7,NC_003284.9,+,3,5997746,5998243,498
innexin,Caenorhabditis elegans,project/data/references/innexins/Caenorhabditis_elegans/inx-5__Q23027.fasta,Q23027,inx-5,gene-CELE_R09F10.4,inx-5,inx-5,rna-NM_077002.5,NM_077002.5,NC_003284.9,-,1,8300027,8300744,718
innexin,Caenorhabditis elegans,project/data/references/innexins/Caenorhabditis_elegans/inx-5__Q23027.fasta,Q23027,inx-5,gene-CELE_R09F10.4,inx-5,inx-5,rna-NM_077002.5,NM_077002.5,NC_003284.9,-,2,8300796,8301052,257
innexin,Caenorhabditis elegans,project/data/references/innexins/Caenorhabditis_elegans/inx-5__Q23027.fasta,Q23027,inx-5,gene-CELE_R09F10.4,inx-5,inx-5,rna-NM_077002.5,NM_077002.5,NC_003284.9,-,3,8301098,8301396,299
innexin,Caenorhabditis elegans,project/data/references/innexins/Caenorhabditis_elegans/inx-5__Q23027.fasta,Q23027,inx-5,gene-CELE_R09F10.4,inx-5,inx-5,rna-NM_077002.5,NM_077002.5,NC_003284.9,-,4,8301450,8301549,100
innexin,Caenorhabditis elegans,project/data/references/innexins/Caenorhabditis_elegans/inx-5__Q23027.fasta,Q23027,inx-5,gene-CELE_R09F10.4,inx-5,inx-5,rna-NM_077002.5,NM_077002.5,NC_003284.9,-,5,8301777,8302044,268
innexin,Caenorhabditis elegans,project/data/references/innexins/Caenorhabditis_elegans/inx-5__Q23027.fasta,Q23027,inx-5,gene-CELE_R09F10.4,inx-5,inx-5,rna-NM_077002.5,NM_077002.5,NC_003284.9,-,6,8302338,8302399,62
innexin,Caenorhabditis elegans,project/data/references/innexins/Caenorhabditis_elegans/inx-6__Q9U3N4.fasta,Q9U3N4,inx-6,gene-CELE_C36H8.2,inx-6,inx-6,rna-NM_070034.5,NM_070034.5,NC_003282.8,+,1,12746584,12746694,111
innexin,Caenorhabditis elegans,project/data/references/innexins/Caenorhabditis_elegans/inx-6__Q9U3N4.fasta,Q9U3N4,inx-6,gene-CELE_C36H8.2,inx-6,inx-6,rna-NM_070034.5,NM_070034.5,NC_003282.8,+,2,12747609,12747733,125
innexin,Caenorhabditis elegans,project/data/references/innexins/Caenorhabditis_elegans/inx-6__Q9U3N4.fasta,Q9U3N4,inx-6,gene-CELE_C36H8.2,inx-6,inx-6,rna-NM_070034.5,NM_070034.5,NC_003282.8,+,3,12747783,12747869,87
innexin,Caenorhabditis elegans,project/data/references/innexins/Caenorhabditis_elegans/inx-6__Q9U3N4.fasta,Q9U3N4,inx-6,gene-CELE_C36H8.2,inx-6,inx-6,rna-NM_070034.5,NM_070034.5,NC_003282.8,+,4,12747918,12748027,110
innexin,Caenorhabditis elegans,project/data/references/innexins/Caenorhabditis_elegans/inx-6__Q9U3N4.fasta,Q9U3N4,inx-6,gene-CELE_C36H8.2,inx-6,inx-6,rna-NM_070034.5,NM_070034.5,NC_003282.8,+,5,12748145,12748521,377
innexin,Caenorhabditis elegans,project/data/references/innexins/Caenorhabditis_elegans/inx-6__Q9U3N4.fasta,Q9U3N4,inx-6,gene-CELE_C36H8.2,inx-6,inx-6,rna-NM_070034.5,NM_070034.5,NC_003282.8,+,6,12748785,12748928,144
innexin,Caenorhabditis elegans,project/data/references/innexins/Caenorhabditis_elegans/inx-6__Q9U3N4.fasta,Q9U3N4,inx-6,gene-CELE_C36H8.2,inx-6,inx-6,rna-NM_070034.5,NM_070034.5,NC_003282.8,+,7,12748972,12749114,143
innexin,Caenorhabditis elegans,project/data/references/innexins/Caenorhabditis_elegans/inx-6__Q9U3N4.fasta,Q9U3N4,inx-6,gene-CELE_C36H8.2,inx-6,inx-6,rna-NM_070034.5,NM_070034.5,NC_003282.8,+,8,12749433,12749721,289
innexin,Caenorhabditis elegans,project/data/references/innexins/Caenorhabditis_elegans/inx-7__Q21123.fasta,Q21123,inx-7,gene-CELE_K02B2.4,inx-7,inx-7,rna-NM_068493.8,NM_068493.8,NC_003282.8,-,1,5943981,5944449,469
innexin,Caenorhabditis elegans,project/data/references/innexins/Caenorhabditis_elegans/inx-7__Q21123.fasta,Q21123,inx-7,gene-CELE_K02B2.4,inx-7,inx-7,rna-NM_068493.8,NM_068493.8,NC_003282.8,-,2,5944505,5944652,148
innexin,Caenorhabditis elegans,project/data/references/innexins/Caenorhabditis_elegans/inx-7__Q21123.fasta,Q21123,inx-7,gene-CELE_K02B2.4,inx-7,inx-7,rna-NM_068493.8,NM_068493.8,NC_003282.8,-,3,5944702,5944858,157
innexin,Caenorhabditis elegans,project/data/references/innexins/Caenorhabditis_elegans/inx-7__Q21123.fasta,Q21123,inx-7,gene-CELE_K02B2.4,inx-7,inx-7,rna-NM_068493.8,NM_068493.8,NC_003282.8,-,4,5944905,5945041,137
innexin,Caenorhabditis elegans,project/data/references/innexins/Caenorhabditis_elegans/inx-7__Q21123.fasta,Q21123,inx-7,gene-CELE_K02B2.4,inx-7,inx-7,rna-NM_068493.8,NM_068493.8,NC_003282.8,-,5,5945089,5945319,231
innexin,Caenorhabditis elegans,project/data/references/innexins/Caenorhabditis_elegans/inx-7__Q21123.fasta,Q21123,inx-7,gene-CELE_K02B2.4,inx-7,inx-7,rna-NM_068493.8,NM_068493.8,NC_003282.8,-,6,5945863,5945996,134
innexin,Caenorhabditis elegans,project/data/references/innexins/Caenorhabditis_elegans/inx-7__Q21123.fasta,Q21123,inx-7,gene-CELE_K02B2.4,inx-7,inx-7,rna-NM_068493.8,NM_068493.8,NC_003282.8,-,7,5946046,5946638,593
innexin,Caenorhabditis elegans,project/data/references/innexins/Caenorhabditis_elegans/inx-7__Q21123.fasta,Q21123,inx-7,gene-CELE_K02B2.4,inx-7,inx-7,rna-NM_001306838.3,NM_001306838.3,NC_003282.8,-,1,5943982,5944449,468
innexin,Caenorhabditis elegans,project/data/references/innexins/Caenorhabditis_elegans/inx-7__Q21123.fasta,Q21123,inx-7,gene-CELE_K02B2.4,inx-7,inx-7,rna-NM_001306838.3,NM_001306838.3,NC_003282.8,-,2,5944505,5944652,148
innexin,Caenorhabditis elegans,project/data/references/innexins/Caenorhabditis_elegans/inx-7__Q21123.fasta,Q21123,inx-7,gene-CELE_K02B2.4,inx-7,inx-7,rna-NM_001306838.3,NM_001306838.3,NC_003282.8,-,3,5944702,5944858,157
innexin,Caenorhabditis elegans,project/data/references/innexins/Caenorhabditis_elegans/inx-7__Q21123.fasta,Q21123,inx-7,gene-CELE_K02B2.4,inx-7,inx-7,rna-NM_001306838.3,NM_001306838.3,NC_003282.8,-,4,5944905,5945041,137
innexin,Caenorhabditis elegans,project/data/references/innexins/Caenorhabditis_elegans/inx-7__Q21123.fasta,Q21123,inx-7,gene-CELE_K02B2.4,inx-7,inx-7,rna-NM_001306838.3,NM_001306838.3,NC_003282.8,-,5,5945089,5945315,227
innexin,Caenorhabditis elegans,project/data/references/innexins/Caenorhabditis_elegans/inx-8__Q23593.fasta,Q23593,inx-8,gene-CELE_ZK792.2,inx-8,inx-8,rna-NM_069808.8,NM_069808.8,NC_003282.8,+,1,11673844,11674009,166
innexin,Caenorhabditis elegans,project/data/references/innexins/Caenorhabditis_elegans/inx-8__Q23593.fasta,Q23593,inx-8,gene-CELE_ZK792.2,inx-8,inx-8,rna-NM_069808.8,NM_069808.8,NC_003282.8,+,2,11674300,11674986,687
innexin,Caenorhabditis elegans,project/data/references/innexins/Caenorhabditis_elegans/inx-8__Q23593.fasta,Q23593,inx-8,gene-CELE_ZK792.2,inx-8,inx-8,rna-NM_069808.8,NM_069808.8,NC_003282.8,+,3,11675040,11675295,256
innexin,Caenorhabditis elegans,project/data/references/innexins/Caenorhabditis_elegans/inx-8__Q23593.fasta,Q23593,inx-8,gene-CELE_ZK792.2,inx-8,inx-8,rna-NM_069808.8,NM_069808.8,NC_003282.8,+,4,11675390,11675635,246
innexin,Caenorhabditis elegans,project/data/references/innexins/Caenorhabditis_elegans/unc-7__Q03412.fasta,Q03412,unc-7,gene-CELE_Y74C9A.1,txt-7,txt-7,rna-NM_058264.2,NM_058264.2,NC_003279.8,+,1,43733,43961,229
innexin,Caenorhabditis elegans,project/data/references/innexins/Caenorhabditis_elegans/unc-7__Q03412.fasta,Q03412,unc-7,gene-CELE_Y74C9A.1,txt-7,txt-7,rna-NM_058264.2,NM_058264.2,NC_003279.8,+,2,44030,44234,205
innexin,Caenorhabditis elegans,project/data/references/innexins/Caenorhabditis_elegans/unc-7__Q03412.fasta,Q03412,unc-7,gene-CELE_Y74C9A.1,txt-7,txt-7,rna-NM_058264.2,NM_058264.2,NC_003279.8,+,3,44281,44324,44
innexin,Caenorhabditis elegans,project/data/references/innexins/Caenorhabditis_elegans/unc-7__Q03412.fasta,Q03412,unc-7,gene-CELE_Y74C9A.1,txt-7,txt-7,rna-NM_058264.2,NM_058264.2,NC_003279.8,+,4,44372,44468,97
innexin,Caenorhabditis elegans,project/data/references/innexins/Caenorhabditis_elegans/unc-7__Q03412.fasta,Q03412,unc-7,gene-CELE_Y74C9A.1,txt-7,txt-7,rna-NM_058264.2,NM_058264.2,NC_003279.8,+,5,44521,44677,157
innexin,Caenorhabditis elegans,project/data/references/innexins/Caenorhabditis_elegans/unc-9__O01393.fasta,O01393,unc-9,gene-CELE_R12H7.1,unc-9,unc-9,rna-NM_171790.9,NM_171790.9,NC_003284.9,+,1,13212390,13212543,154
innexin,Caenorhabditis elegans,project/data/references/innexins/Caenorhabditis_elegans/unc-9__O01393.fasta,O01393,unc-9,gene-CELE_R12H7.1,unc-9,unc-9,rna-NM_171790.9,NM_171790.9,NC_003284.9,+,2,13212973,13213008,36
innexin,Caenorhabditis elegans,project/data/references/innexins/Caenorhabditis_elegans/unc-9__O01393.fasta,O01393,unc-9,gene-CELE_R12H7.1,unc-9,unc-9,rna-NM_171790.9,NM_171790.9,NC_003284.9,+,3,13213061,13213211,151
innexin,Caenorhabditis elegans,project/data/references/innexins/Caenorhabditis_elegans/unc-9__O01393.fasta,O01393,unc-9,gene-CELE_R12H7.1,unc-9,unc-9,rna-NM_171790.9,NM_171790.9,NC_003284.9,+,4,13213263,13213354,92
innexin,Caenorhabditis elegans,project/data/references/innexins/Caenorhabditis_elegans/unc-9__O01393.fasta,O01393,unc-9,gene-CELE_R12H7.1,unc-9,unc-9,rna-NM_171790.9,NM_171790.9,NC_003284.9,+,5,13213842,13213969,128
innexin,Caenorhabditis elegans,project/data/references/innexins/Caenorhabditis_elegans/unc-9__O01393.fasta,O01393,unc-9,gene-CELE_R12H7.1,unc-9,unc-9,rna-NM_171790.9,NM_171790.9,NC_003284.9,+,6,13214417,13214835,419
innexin,Caenorhabditis elegans,project/data/references/innexins/Caenorhabditis_elegans/unc-9__O01393.fasta,O01393,unc-9,gene-CELE_R12H7.1,unc-9,unc-9,rna-NM_171790.9,NM_171790.9,NC_003284.9,+,7,13214956,13215055,100
innexin,Caenorhabditis elegans,project/data/references/innexins/Caenorhabditis_elegans/unc-9__O01393.fasta,O01393,unc-9,gene-CELE_R12H7.1,unc-9,unc-9,rna-NM_171790.9,NM_171790.9,NC_003284.9,+,8,13215705,13216725,1021
innexin,Caenorhabditis elegans,project/data/references/innexins/Caenorhabditis_elegans/unc-9__O01393.fasta,O01393,unc-9,gene-CELE_R12H7.1,unc-9,unc-9,rna-NM_001330917.4,NM_001330917.4,NC_003284.9,+,1,13213105,13213211,107
innexin,Caenorhabditis elegans,project/data/references/innexins/Caenorhabditis_elegans/unc-9__O01393.fasta,O01393,unc-9,gene-CELE_R12H7.1,unc-9,unc-9,rna-NM_001330917.4,NM_001330917.4,NC_003284.9,+,2,13213263,13213354,92
innexin,Caenorhabditis elegans,project/data/references/innexins/Caenorhabditis_elegans/unc-9__O01393.fasta,O01393,unc-9,gene-CELE_R12H7.1,unc-9,unc-9,rna-NM_001330917.4,NM_001330917.4,NC_003284.9,+,3,13213842,13213969,128
innexin,Caenorhabditis elegans,project/data/references/innexins/Caenorhabditis_elegans/unc-9__O01393.fasta,O01393,unc-9,gene-CELE_R12H7.1,unc-9,unc-9,rna-NM_001330917.4,NM_001330917.4,NC_003284.9,+,4,13214417,13214835,419
innexin,Caenorhabditis elegans,project/data/references/innexins/Caenorhabditis_elegans/unc-9__O01393.fasta,O01393,unc-9,gene-CELE_R12H7.1,unc-9,unc-9,rna-NM_001330917.4,NM_001330917.4,NC_003284.9,+,5,13214956,13215055,100
innexin,Caenorhabditis elegans,project/data/references/innexins/Caenorhabditis_elegans/unc-9__O01393.fasta,O01393,unc-9,gene-CELE_R12H7.1,unc-9,unc-9,rna-NM_001330917.4,NM_001330917.4,NC_003284.9,+,6,13215705,13215827,123
innexin,Drosophila melanogaster,project/data/references/innexins/Drosophila_melanogaster/Inx2__Q9V427.fasta,Q9V427,Inx2,gene-Dmel_CG4590,Inx2,Innexin 2,rna-NM_001272372.1,NM_001272372.1,NC_004354.4,+,1,6998672,6998743,72
innexin,Drosophila melanogaster,project/data/references/innexins/Drosophila_melanogaster/Inx2__Q9V427.fasta,Q9V427,Inx2,gene-Dmel_CG4590,Inx2,Innexin 2,rna-NM_001272372.1,NM_001272372.1,NC_004354.4,+,2,6998958,7004151,5194
innexin,Drosophila melanogaster,project/data/references/innexins/Drosophila_melanogaster/Inx2__Q9V427.fasta,Q9V427,Inx2,gene-Dmel_CG4590,Inx2,Innexin 2,rna-NM_167104.3,NM_167104.3,NC_004354.4,+,1,6998672,6998743,72
innexin,Drosophila melanogaster,project/data/references/innexins/Drosophila_melanogaster/Inx2__Q9V427.fasta,Q9V427,Inx2,gene-Dmel_CG4590,Inx2,Innexin 2,rna-NM_167104.3,NM_167104.3,NC_004354.4,+,2,6998958,7000263,1306
innexin,Drosophila melanogaster,project/data/references/innexins/Drosophila_melanogaster/Inx2__Q9V427.fasta,Q9V427,Inx2,gene-Dmel_CG4590,Inx2,Innexin 2,rna-NM_167104.3,NM_167104.3,NC_004354.4,+,3,7002772,7004151,1380
innexin,Drosophila melanogaster,project/data/references/innexins/Drosophila_melanogaster/Inx2__Q9V427.fasta,Q9V427,Inx2,gene-Dmel_CG4590,Inx2,Innexin 2,rna-NM_132147.4,NM_132147.4,NC_004354.4,+,1,6998672,7000263,1592
innexin,Drosophila melanogaster,project/data/references/innexins/Drosophila_melanogaster/Inx2__Q9V427.fasta,Q9V427,Inx2,gene-Dmel_CG4590,Inx2,Innexin 2,rna-NM_132147.4,NM_132147.4,NC_004354.4,+,2,7002772,7003495,724
innexin,Drosophila melanogaster,project/data/references/innexins/Drosophila_melanogaster/Inx2__Q9V427.fasta,Q9V427,Inx2,gene-Dmel_CG4590,Inx2,Innexin 2,rna-NM_001169213.2,NM_001169213.2,NC_004354.4,+,1,6998672,7000503,1832
innexin,Drosophila melanogaster,project/data/references/innexins/Drosophila_melanogaster/Inx3__Q9VAS7.fasta,Q9VAS7,Inx3,gene-Dmel_CG1448,Inx3,Innexin 3,rna-NM_001276121.1,NM_001276121.1,NT_033777.3,-,1,28853606,28854661,1056
innexin,Drosophila melanogaster,project/data/references/innexins/Drosophila_melanogaster/Inx3__Q9VAS7.fasta,Q9VAS7,Inx3,gene-Dmel_CG1448,Inx3,Innexin 3,rna-NM_001276121.1,NM_001276121.1,NT_033777.3,-,2,28854730,28854883,154
innexin,Drosophila melanogaster,project/data/references/innexins/Drosophila_melanogaster/Inx3__Q9VAS7.fasta,Q9VAS7,Inx3,gene-Dmel_CG1448,Inx3,Innexin 3,rna-NM_001276121.1,NM_001276121.1,NT_033777.3,-,3,28854946,28855406,461
innexin,Drosophila melanogaster,project/data/references/innexins/Drosophila_melanogaster/Inx3__Q9VAS7.fasta,Q9VAS7,Inx3,gene-Dmel_CG1448,Inx3,Innexin 3,rna-NM_001276121.1,NM_001276121.1,NT_033777.3,-,4,28855733,28855941,209
innexin,Drosophila melanogaster,project/data/references/innexins/Drosophila_melanogaster/Inx3__Q9VAS7.fasta,Q9VAS7,Inx3,gene-Dmel_CG1448,Inx3,Innexin 3,rna-NM_001276121.1,NM_001276121.1,NT_033777.3,-,5,28857143,28857339,197
innexin,Drosophila melanogaster,project/data/references/innexins/Drosophila_melanogaster/Inx3__Q9VAS7.fasta,Q9VAS7,Inx3,gene-Dmel_CG1448,Inx3,Innexin 3,rna-NM_001276121.1,NM_001276121.1,NT_033777.3,-,6,28859156,28859214,59
innexin,Drosophila melanogaster,project/data/references/innexins/Drosophila_melanogaster/Inx3__Q9VAS7.fasta,Q9VAS7,Inx3,gene-Dmel_CG1448,Inx3,Innexin 3,rna-NM_001300646.1,NM_001300646.1,NT_033777.3,-,1,28854137,28854661,525
innexin,Drosophila melanogaster,project/data/references/innexins/Drosophila_melanogaster/Inx3__Q9VAS7.fasta,Q9VAS7,Inx3,gene-Dmel_CG1448,Inx3,Innexin 3,rna-NM_001300646.1,NM_001300646.1,NT_033777.3,-,2,28854730,28854883,154
innexin,Drosophila melanogaster,project/data/references/innexins/Drosophila_melanogaster/Inx3__Q9VAS7.fasta,Q9VAS7,Inx3,gene-Dmel_CG1448,Inx3,Innexin 3,rna-NM_001300646.1,NM_001300646.1,NT_033777.3,-,3,28854946,28855406,461
innexin,Drosophila melanogaster,project/data/references/innexins/Drosophila_melanogaster/Inx3__Q9VAS7.fasta,Q9VAS7,Inx3,gene-Dmel_CG1448,Inx3,Innexin 3,rna-NM_001300646.1,NM_001300646.1,NT_033777.3,-,4,28855733,28855941,209
innexin,Drosophila melanogaster,project/data/references/innexins/Drosophila_melanogaster/Inx3__Q9VAS7.fasta,Q9VAS7,Inx3,gene-Dmel_CG1448,Inx3,Innexin 3,rna-NM_001300646.1,NM_001300646.1,NT_033777.3,-,5,28857143,28857339,197
innexin,Drosophila melanogaster,project/data/references/innexins/Drosophila_melanogaster/Inx3__Q9VAS7.fasta,Q9VAS7,Inx3,gene-Dmel_CG1448,Inx3,Innexin 3,rna-NM_001300646.1,NM_001300646.1,NT_033777.3,-,6,28859392,28859497,106
innexin,Drosophila melanogaster,project/data/references/innexins/Drosophila_melanogaster/Inx3__Q9VAS7.fasta,Q9VAS7,Inx3,gene-Dmel_CG1448,Inx3,Innexin 3,rna-NM_079991.3,NM_079991.3,NT_033777.3,-,1,28854137,28854661,525
innexin,Drosophila melanogaster,project/data/references/innexins/Drosophila_melanogaster/Inx3__Q9VAS7.fasta,Q9VAS7,Inx3,gene-Dmel_CG1448,Inx3,Innexin 3,rna-NM_079991.3,NM_079991.3,NT_033777.3,-,2,28854730,28854883,154
innexin,Drosophila melanogaster,project/data/references/innexins/Drosophila_melanogaster/Inx3__Q9VAS7.fasta,Q9VAS7,Inx3,gene-Dmel_CG1448,Inx3,Innexin 3,rna-NM_079991.3,NM_079991.3,NT_033777.3,-,3,28854946,28855406,461
innexin,Drosophila melanogaster,project/data/references/innexins/Drosophila_melanogaster/Inx3__Q9VAS7.fasta,Q9VAS7,Inx3,gene-Dmel_CG1448,Inx3,Innexin 3,rna-NM_079991.3,NM_079991.3,NT_033777.3,-,4,28855733,28855941,209
innexin,Drosophila melanogaster,project/data/references/innexins/Drosophila_melanogaster/Inx3__Q9VAS7.fasta,Q9VAS7,Inx3,gene-Dmel_CG1448,Inx3,Innexin 3,rna-NM_079991.3,NM_079991.3,NT_033777.3,-,5,28857143,28857339,197
innexin,Drosophila melanogaster,project/data/references/innexins/Drosophila_melanogaster/Inx3__Q9VAS7.fasta,Q9VAS7,Inx3,gene-Dmel_CG1448,Inx3,Innexin 3,rna-NM_079991.3,NM_079991.3,NT_033777.3,-,6,28859156,28859214,59
innexin,Drosophila melanogaster,project/data/references/innexins/Drosophila_melanogaster/Inx5__Q9VWL5.fasta,Q9VWL5,Inx5,gene-Dmel_CG7537,Inx5,Innexin 5,rna-NM_133125.3,NM_133125.3,NC_004354.4,-,1,19168777,19169516,740
innexin,Drosophila melanogaster,project/data/references/innexins/Drosophila_melanogaster/Inx5__Q9VWL5.fasta,Q9VWL5,Inx5,gene-Dmel_CG7537,Inx5,Innexin 5,rna-NM_133125.3,NM_133125.3,NC_004354.4,-,2,19169810,19170883,1074
innexin,Drosophila melanogaster,project/data/references/innexins/Drosophila_melanogaster/Inx6__Q9VR82.fasta,Q9VR82,Inx6,gene-Dmel_CG17063,Inx6,Innexin 6,rna-NM_132146.2,NM_132146.2,NC_004354.4,-,1,20267821,20268745,925
innexin,Drosophila melanogaster,project/data/references/innexins/Drosophila_melanogaster/Inx6__Q9VR82.fasta,Q9VR82,Inx6,gene-Dmel_CG17063,Inx6,Innexin 6,rna-NM_132146.2,NM_132146.2,NC_004354.4,-,2,20268820,20269769,950
innexin,Drosophila melanogaster,project/data/references/innexins/Drosophila_melanogaster/Inx7__Q9V3W6.fasta,Q9V3W6,Inx7,gene-Dmel_CG2977,Inx7,Innexin 7,rna-NM_176699.3,NM_176699.3,NC_004354.4,-,1,6991612,6992102,491
innexin,Drosophila melanogaster,project/data/references/innexins/Drosophila_melanogaster/Inx7__Q9V3W6.fasta,Q9V3W6,Inx7,gene-Dmel_CG2977,Inx7,Innexin 7,rna-NM_176699.3,NM_176699.3,NC_004354.4,-,2,6992173,6992882,710
innexin,Drosophila melanogaster,project/data/references/innexins/Drosophila_melanogaster/Inx7__Q9V3W6.fasta,Q9V3W6,Inx7,gene-Dmel_CG2977,Inx7,Innexin 7,rna-NM_176699.3,NM_176699.3,NC_004354.4,-,3,6993180,6993612,433
innexin,Drosophila melanogaster,project/data/references/innexins/Drosophila_melanogaster/ogre__P27716.fasta,P27716,ogre,gene-Dmel_CG3039,ogre,optic ganglion reduced,rna-NM_001258628.3,NM_001258628.3,NC_004354.4,-,1,6973620,6974652,1033
innexin,Drosophila melanogaster,project/data/references/innexins/Drosophila_melanogaster/ogre__P27716.fasta,P27716,ogre,gene-Dmel_CG3039,ogre,optic ganglion reduced,rna-NM_001258628.3,NM_001258628.3,NC_004354.4,-,2,6974731,6975083,353
innexin,Drosophila melanogaster,project/data/references/innexins/Drosophila_melanogaster/ogre__P27716.fasta,P27716,ogre,gene-Dmel_CG3039,ogre,optic ganglion reduced,rna-NM_001258628.3,NM_001258628.3,NC_004354.4,-,3,6975151,6975306,156
innexin,Drosophila melanogaster,project/data/references/innexins/Drosophila_melanogaster/ogre__P27716.fasta,P27716,ogre,gene-Dmel_CG3039,ogre,optic ganglion reduced,rna-NM_001258628.3,NM_001258628.3,NC_004354.4,-,4,6976023,6976130,108
innexin,Drosophila melanogaster,project/data/references/innexins/Drosophila_melanogaster/ogre__P27716.fasta,P27716,ogre,gene-Dmel_CG3039,ogre,optic ganglion reduced,rna-NM_001258628.3,NM_001258628.3,NC_004354.4,-,5,6977159,6977588,430
innexin,Drosophila melanogaster,project/data/references/innexins/Drosophila_melanogaster/ogre__P27716.fasta,P27716,ogre,gene-Dmel_CG3039,ogre,optic ganglion reduced,rna-NM_001258628.3,NM_001258628.3,NC_004354.4,-,6,6991241,6991318,78
innexin,Drosophila melanogaster,project/data/references/innexins/Drosophila_melanogaster/ogre__P27716.fasta,P27716,ogre,gene-Dmel_CG3039,ogre,optic ganglion reduced,rna-NM_001258629.2,NM_001258629.2,NC_004354.4,-,1,6974034,6974652,619
innexin,Drosophila melanogaster,project/data/references/innexins/Drosophila_melanogaster/ogre__P27716.fasta,P27716,ogre,gene-Dmel_CG3039,ogre,optic ganglion reduced,rna-NM_001258629.2,NM_001258629.2,NC_004354.4,-,2,6974731,6975083,353
innexin,Drosophila melanogaster,project/data/references/innexins/Drosophila_melanogaster/ogre__P27716.fasta,P27716,ogre,gene-Dmel_CG3039,ogre,optic ganglion reduced,rna-NM_001258629.2,NM_001258629.2,NC_004354.4,-,3,6975151,6975306,156
innexin,Drosophila melanogaster,project/data/references/innexins/Drosophila_melanogaster/ogre__P27716.fasta,P27716,ogre,gene-Dmel_CG3039,ogre,optic ganglion reduced,rna-NM_001258629.2,NM_001258629.2,NC_004354.4,-,4,6976023,6976130,108
innexin,Drosophila melanogaster,project/data/references/innexins/Drosophila_melanogaster/ogre__P27716.fasta,P27716,ogre,gene-Dmel_CG3039,ogre,optic ganglion reduced,rna-NM_001258629.2,NM_001258629.2,NC_004354.4,-,5,6977159,6977588,430
innexin,Drosophila melanogaster,project/data/references/innexins/Drosophila_melanogaster/ogre__P27716.fasta,P27716,ogre,gene-Dmel_CG3039,ogre,optic ganglion reduced,rna-NM_001258629.2,NM_001258629.2,NC_004354.4,-,6,6983513,6984502,990
innexin,Drosophila melanogaster,project/data/references/innexins/Drosophila_melanogaster/ogre__P27716.fasta,P27716,ogre,gene-Dmel_CG3039,ogre,optic ganglion reduced,rna-NM_001258629.2,NM_001258629.2,NC_004354.4,-,7,6985531,6985668,138
innexin,Drosophila melanogaster,project/data/references/innexins/Drosophila_melanogaster/ogre__P27716.fasta,P27716,ogre,gene-Dmel_CG3039,ogre,optic ganglion reduced,rna-NM_001272371.1,NM_001272371.1,NC_004354.4,-,1,6974034,6974652,619
innexin,Drosophila melanogaster,project/data/references/innexins/Drosophila_melanogaster/ogre__P27716.fasta,P27716,ogre,gene-Dmel_CG3039,ogre,optic ganglion reduced,rna-NM_001272371.1,NM_001272371.1,NC_004354.4,-,2,6974731,6975083,353
innexin,Drosophila melanogaster,project/data/references/innexins/Drosophila_melanogaster/ogre__P27716.fasta,P27716,ogre,gene-Dmel_CG3039,ogre,optic ganglion reduced,rna-NM_001272371.1,NM_001272371.1,NC_004354.4,-,3,6975151,6975306,156
innexin,Drosophila melanogaster,project/data/references/innexins/Drosophila_melanogaster/ogre__P27716.fasta,P27716,ogre,gene-Dmel_CG3039,ogre,optic ganglion reduced,rna-NM_001272371.1,NM_001272371.1,NC_004354.4,-,4,6976023,6976130,108
innexin,Drosophila melanogaster,project/data/references/innexins/Drosophila_melanogaster/ogre__P27716.fasta,P27716,ogre,gene-Dmel_CG3039,ogre,optic ganglion reduced,rna-NM_001272371.1,NM_001272371.1,NC_004354.4,-,5,6977159,6977588,430
innexin,Drosophila melanogaster,project/data/references/innexins/Drosophila_melanogaster/ogre__P27716.fasta,P27716,ogre,gene-Dmel_CG3039,ogre,optic ganglion reduced,rna-NM_001272371.1,NM_001272371.1,NC_004354.4,-,6,6981189,6981462,274
innexin,Drosophila melanogaster,project/data/references/innexins/Drosophila_melanogaster/ogre__P27716.fasta,P27716,ogre,gene-Dmel_CG3039,ogre,optic ganglion reduced,rna-NM_001272371.1,NM_001272371.1,NC_004354.4,-,7,6983513,6984502,990
innexin,Drosophila melanogaster,project/data/references/innexins/Drosophila_melanogaster/ogre__P27716.fasta,P27716,ogre,gene-Dmel_CG3039,ogre,optic ganglion reduced,rna-NM_001272371.1,NM_001272371.1,NC_004354.4,-,8,6985531,6985668,138
innexin,Drosophila melanogaster,project/data/references/innexins/Drosophila_melanogaster/ogre__P27716.fasta,P27716,ogre,gene-Dmel_CG3039,ogre,optic ganglion reduced,rna-NM_080085.5,NM_080085.5,NC_004354.4,-,1,6974034,6974652,619
innexin,Drosophila melanogaster,project/data/references/innexins/Drosophila_melanogaster/ogre__P27716.fasta,P27716,ogre,gene-Dmel_CG3039,ogre,optic ganglion reduced,rna-NM_080085.5,NM_080085.5,NC_004354.4,-,2,6974731,6975083,353
innexin,Drosophila melanogaster,project/data/references/innexins/Drosophila_melanogaster/ogre__P27716.fasta,P27716,ogre,gene-Dmel_CG3039,ogre,optic ganglion reduced,rna-NM_080085.5,NM_080085.5,NC_004354.4,-,3,6975151,6975306,156
innexin,Drosophila melanogaster,project/data/references/innexins/Drosophila_melanogaster/ogre__P27716.fasta,P27716,ogre,gene-Dmel_CG3039,ogre,optic ganglion reduced,rna-NM_080085.5,NM_080085.5,NC_004354.4,-,4,6976023,6976130,108
innexin,Drosophila melanogaster,project/data/references/innexins/Drosophila_melanogaster/ogre__P27716.fasta,P27716,ogre,gene-Dmel_CG3039,ogre,optic ganglion reduced,rna-NM_080085.5,NM_080085.5,NC_004354.4,-,5,6977159,6977588,430
innexin,Drosophila melanogaster,project/data/references/innexins/Drosophila_melanogaster/ogre__P27716.fasta,P27716,ogre,gene-Dmel_CG3039,ogre,optic ganglion reduced,rna-NM_080085.5,NM_080085.5,NC_004354.4,-,6,6981189,6981683,495
innexin,Drosophila melanogaster,project/data/references/innexins/Drosophila_melanogaster/ogre__P27716.fasta,P27716,ogre,gene-Dmel_CG3039,ogre,optic ganglion reduced,rna-NM_167101.3,NM_167101.3,NC_004354.4,-,1,6974034,6974652,619
innexin,Drosophila melanogaster,project/data/references/innexins/Drosophila_melanogaster/ogre__P27716.fasta,P27716,ogre,gene-Dmel_CG3039,ogre,optic ganglion reduced,rna-NM_167101.3,NM_167101.3,NC_004354.4,-,2,6974731,6975083,353
innexin,Drosophila melanogaster,project/data/references/innexins/Drosophila_melanogaster/ogre__P27716.fasta,P27716,ogre,gene-Dmel_CG3039,ogre,optic ganglion reduced,rna-NM_167101.3,NM_167101.3,NC_004354.4,-,3,6975151,6975306,156
innexin,Drosophila melanogaster,project/data/references/innexins/Drosophila_melanogaster/ogre__P27716.fasta,P27716,ogre,gene-Dmel_CG3039,ogre,optic ganglion reduced,rna-NM_167101.3,NM_167101.3,NC_004354.4,-,4,6976023,6976130,108
innexin,Drosophila melanogaster,project/data/references/innexins/Drosophila_melanogaster/ogre__P27716.fasta,P27716,ogre,gene-Dmel_CG3039,ogre,optic ganglion reduced,rna-NM_167101.3,NM_167101.3,NC_004354.4,-,5,6977159,6977588,430
innexin,Drosophila melanogaster,project/data/references/innexins/Drosophila_melanogaster/ogre__P27716.fasta,P27716,ogre,gene-Dmel_CG3039,ogre,optic ganglion reduced,rna-NM_167101.3,NM_167101.3,NC_004354.4,-,6,6980859,6980994,136
innexin,Drosophila melanogaster,project/data/references/innexins/Drosophila_melanogaster/ogre__P27716.fasta,P27716,ogre,gene-Dmel_CG3039,ogre,optic ganglion reduced,rna-NM_001272370.1,NM_001272370.1,NC_004354.4,-,1,6974034,6974652,619
innexin,Drosophila melanogaster,project/data/references/innexins/Drosophila_melanogaster/ogre__P27716.fasta,P27716,ogre,gene-Dmel_CG3039,ogre,optic ganglion reduced,rna-NM_001272370.1,NM_001272370.1,NC_004354.4,-,2,6974731,6975083,353
innexin,Drosophila melanogaster,project/data/references/innexins/Drosophila_melanogaster/ogre__P27716.fasta,P27716,ogre,gene-Dmel_CG3039,ogre,optic ganglion reduced,rna-NM_001272370.1,NM_001272370.1,NC_004354.4,-,3,6975151,6975306,156
innexin,Drosophila melanogaster,project/data/references/innexins/Drosophila_melanogaster/ogre__P27716.fasta,P27716,ogre,gene-Dmel_CG3039,ogre,optic ganglion reduced,rna-NM_001272370.1,NM_001272370.1,NC_004354.4,-,4,6976023,6976130,108
innexin,Drosophila melanogaster,project/data/references/innexins/Drosophila_melanogaster/ogre__P27716.fasta,P27716,ogre,gene-Dmel_CG3039,ogre,optic ganglion reduced,rna-NM_001272370.1,NM_001272370.1,NC_004354.4,-,5,6977159,6977588,430
innexin,Drosophila melanogaster,project/data/references/innexins/Drosophila_melanogaster/ogre__P27716.fasta,P27716,ogre,gene-Dmel_CG3039,ogre,optic ganglion reduced,rna-NM_001272370.1,NM_001272370.1,NC_004354.4,-,6,6977788,6977810,23
innexin,Drosophila melanogaster,project/data/references/innexins/Drosophila_melanogaster/shakB__P33085.fasta,P33085,shakB,gene-Dmel_CG3827,sc,scute,rna-NM_057455.3,NM_057455.3,NC_004354.4,+,1,396060,397497,1438
innexin,Drosophila melanogaster,project/data/references/innexins/Drosophila_melanogaster/zpg__Q9VRX6.fasta,Q9VRX6,zpg,gene-Dmel_CG10125,zpg,zero population growth,rna-NM_001274549.1,NM_001274549.1,NT_037436.4,-,1,6604366,6605202,837
innexin,Drosophila melanogaster,project/data/references/innexins/Drosophila_melanogaster/zpg__Q9VRX6.fasta,Q9VRX6,zpg,gene-Dmel_CG10125,zpg,zero population growth,rna-NM_001274549.1,NM_001274549.1,NT_037436.4,-,2,6605275,6605576,302
innexin,Drosophila melanogaster,project/data/references/innexins/Drosophila_melanogaster/zpg__Q9VRX6.fasta,Q9VRX6,zpg,gene-Dmel_CG10125,zpg,zero population growth,rna-NM_001274549.1,NM_001274549.1,NT_037436.4,-,3,6605633,6606032,400
innexin,Drosophila melanogaster,project/data/references/innexins/Drosophila_melanogaster/zpg__Q9VRX6.fasta,Q9VRX6,zpg,gene-Dmel_CG10125,zpg,zero population growth,rna-NM_139792.3,NM_139792.3,NT_037436.4,-,1,6604450,6605202,753
innexin,Drosophila melanogaster,project/data/references/innexins/Drosophila_melanogaster/zpg__Q9VRX6.fasta,Q9VRX6,zpg,gene-Dmel_CG10125,zpg,zero population growth,rna-NM_139792.3,NM_139792.3,NT_037436.4,-,2,6605275,6605576,302
innexin,Drosophila melanogaster,project/data/references/innexins/Drosophila_melanogaster/zpg__Q9VRX6.fasta,Q9VRX6,zpg,gene-Dmel_CG10125,zpg,zero population growth,rna-NM_139792.3,NM_139792.3,NT_037436.4,-,3,6605633,6606032,400
innexin,Schistocerca americana,project/data/references/innexins/Schistocerca_americana/inx1__Q9XYN0.fasta,Q9XYN0,inx1,gene-LOC124554761,LOC124554761,LOC124554761,rna-XM_047128410.1,XM_047128410.1,NC_060130.1,+,1,721132091,721132879,789
innexin,Schistocerca americana,project/data/references/innexins/Schistocerca_americana/inx1__Q9XYN0.fasta,Q9XYN0,inx1,gene-LOC124554761,LOC124554761,LOC124554761,rna-XM_047128410.1,XM_047128410.1,NC_060130.1,+,2,721156044,721160894,4851
innexin,Schistocerca americana,project/data/references/innexins/Schistocerca_americana/inx2__Q9XYN1.fasta,Q9XYN1,inx2,gene-LOC124594079,LOC124594079,LOC124594079,rna-XM_047132430.1,XM_047132430.1,NC_060120.1,+,1,444867854,444868103,250
innexin,Schistocerca americana,project/data/references/innexins/Schistocerca_americana/inx2__Q9XYN1.fasta,Q9XYN1,inx2,gene-LOC124594079,LOC124594079,LOC124594079,rna-XM_047132430.1,XM_047132430.1,NC_060120.1,+,2,444871592,444871783,192
innexin,Schistocerca americana,project/data/references/innexins/Schistocerca_americana/inx2__Q9XYN1.fasta,Q9XYN1,inx2,gene-LOC124594079,LOC124594079,LOC124594079,rna-XM_047132430.1,XM_047132430.1,NC_060120.1,+,3,444876160,444876299,140
innexin,Schistocerca americana,project/data/references/innexins/Schistocerca_americana/inx2__Q9XYN1.fasta,Q9XYN1,inx2,gene-LOC124594079,LOC124594079,LOC124594079,rna-XM_047132430.1,XM_047132430.1,NC_060120.1,+,4,444925533,444925772,240
innexin,Schistocerca americana,project/data/references/innexins/Schistocerca_americana/inx2__Q9XYN1.fasta,Q9XYN1,inx2,gene-LOC124594079,LOC124594079,LOC124594079,rna-XM_047132430.1,XM_047132430.1,NC_060120.1,+,5,444929636,444929919,284
innexin,Schistocerca americana,project/data/references/innexins/Schistocerca_americana/inx2__Q9XYN1.fasta,Q9XYN1,inx2,gene-LOC124594079,LOC124594079,LOC124594079,rna-XM_047132430.1,XM_047132430.1,NC_060120.1,+,6,444933022,444933148,127
connexin,Bos taurus,project/data/references/connexins/Bos_taurus/GJA1__P18246.fasta,P18246,GJA1,gene-GJA1,GJA1,gap junction protein alpha 1,rna-NM_174068.2,NM_174068.2,NC_037336.1,-,1,29748655,29751561,2907
connexin,Bos taurus,project/data/references/connexins/Bos_taurus/GJA1__P18246.fasta,P18246,GJA1,gene-GJA1,GJA1,gap junction protein alpha 1,rna-NM_174068.2,NM_174068.2,NC_037336.1,-,2,29761480,29761667,188
connexin,Bos taurus,project/data/references/connexins/Bos_taurus/GJA3__P41987.fasta,P41987,GJA3,gene-GJA3,GJA3,gap junction protein alpha 3,rna-XM_005213760.5,XM_005213760.5,NC_037339.1,+,1,36103532,36103616,85
connexin,Bos taurus,project/data/references/connexins/Bos_taurus/GJA3__P41987.fasta,P41987,GJA3,gene-GJA3,GJA3,gap junction protein alpha 3,rna-XM_005213760.5,XM_005213760.5,NC_037339.1,+,2,36114537,36116554,2018
connexin,Bos taurus,project/data/references/connexins/Bos_taurus/GJA3__P41987.fasta,P41987,GJA3,gene-GJA3,GJA3,gap junction protein alpha 3,rna-NM_001166296.1,NM_001166296.1,NC_037339.1,+,1,36114554,36115777,1224
connexin,Bos taurus,project/data/references/connexins/Bos_taurus/GJA4__A4IFL1.fasta,A4IFL1,GJA4,gene-GJA4,GJA4,gap junction protein alpha 4,rna-XM_059884774.1,XM_059884774.1,NC_037330.1,-,1,110888194,110889750,1557
connexin,Bos taurus,project/data/references/connexins/Bos_taurus/GJA4__A4IFL1.fasta,A4IFL1,GJA4,gene-GJA4,GJA4,gap junction protein alpha 4,rna-XM_059884774.1,XM_059884774.1,NC_037330.1,-,2,110890652,110890928,277
connexin,Bos taurus,project/data/references/connexins/Bos_taurus/GJA4__A4IFL1.fasta,A4IFL1,GJA4,gene-GJA4,GJA4,gap junction protein alpha 4,rna-NM_001083738.1,NM_001083738.1,NC_037330.1,-,1,110888194,110889750,1557
connexin,Bos taurus,project/data/references/connexins/Bos_taurus/GJA4__A4IFL1.fasta,A4IFL1,GJA4,gene-GJA4,GJA4,gap junction protein alpha 4,rna-NM_001083738.1,NM_001083738.1,NC_037330.1,-,2,110890852,110890904,53
connexin,Bos taurus,project/data/references/connexins/Bos_taurus/GJA5__Q0VCR2.fasta,Q0VCR2,GJA5,gene-GJA5,GJA5,gap junction protein alpha 5,rna-NM_001078022.1,NM_001078022.1,NC_037330.1,+,1,21877817,21877864,48
connexin,Bos taurus,project/data/references/connexins/Bos_taurus/GJA5__Q0VCR2.fasta,Q0VCR2,GJA5,gene-GJA5,GJA5,gap junction protein alpha 5,rna-NM_001078022.1,NM_001078022.1,NC_037330.1,+,2,21892287,21894421,2135
connexin,Bos taurus,project/data/references/connexins/Bos_taurus/GJA5__Q0VCR2.fasta,Q0VCR2,GJA5,gene-GJA5,GJA5,gap junction protein alpha 5,rna-XM_005203993.5,XM_005203993.5,NC_037330.1,+,1,21877854,21877952,99
connexin,Bos taurus,project/data/references/connexins/Bos_taurus/GJA5__Q0VCR2.fasta,Q0VCR2,GJA5,gene-GJA5,GJA5,gap junction protein alpha 5,rna-XM_005203993.5,XM_005203993.5,NC_037330.1,+,2,21892263,21895373,3111
connexin,Bos taurus,project/data/references/connexins/Bos_taurus/GJB1__O18968.fasta,O18968,GJB1,gene-GJB1,GJB1,gap junction protein beta 1,rna-NM_174069.2,NM_174069.2,NC_037357.1,-,1,79421765,79423278,1514
connexin,Bos taurus,project/data/references/connexins/Bos_taurus/GJB1__O18968.fasta,O18968,GJB1,gene-GJB1,GJB1,gap junction protein beta 1,rna-NM_174069.2,NM_174069.2,NC_037357.1,-,2,79428714,79428791,78
connexin,Bos taurus,project/data/references/connexins/Bos_taurus/GJB2__A2VE67.fasta,A2VE67,GJB2,gene-KCNE2,KCNE2,potassium voltage-gated channel subfamily E regulatory subunit 2,rna-NM_001077084.2,NM_001077084.2,NC_037328.1,-,1,1123941,1124613,673
connexin,Bos taurus,project/data/references/connexins/Bos_taurus/GJB2__A2VE67.fasta,A2VE67,GJB2,gene-KCNE2,KCNE2,potassium voltage-gated channel subfamily E regulatory subunit 2,rna-NM_001077084.2,NM_001077084.2,NC_037328.1,-,2,1131643,1131748,106
connexin,Bos taurus,project/data/references/connexins/Bos_taurus/GJB3__Q58D78.fasta,Q58D78,GJB3,gene-GJB3,GJB3,gap junction protein beta 3,rna-NM_001104995.1,NM_001104995.1,NC_037330.1,-,1,110900180,110901763,1584
connexin,Bos taurus,project/data/references/connexins/Bos_taurus/GJB3__Q58D78.fasta,Q58D78,GJB3,gene-GJB3,GJB3,gap junction protein beta 3,rna-NM_001104995.1,NM_001104995.1,NC_037330.1,-,2,110905407,110905849,443
connexin,Bos taurus,project/data/references/connexins/Bos_taurus/GJB3__Q58D78.fasta,Q58D78,GJB3,gene-GJB3,GJB3,gap junction protein beta 3,rna-XM_005204817.5,XM_005204817.5,NC_037330.1,-,1,110900180,110901763,1584
connexin,Bos taurus,project/data/references/connexins/Bos_taurus/GJB3__Q58D78.fasta,Q58D78,GJB3,gene-GJB3,GJB3,gap junction protein beta 3,rna-XM_005204817.5,XM_005204817.5,NC_037330.1,-,2,110904730,110905104,375
connexin,Bos taurus,project/data/references/connexins/Bos_taurus/GJD2__Q866T7.fasta,Q866T7,GJD2,gene-KCNE2,KCNE2,potassium voltage-gated channel subfamily E regulatory subunit 2,rna-NM_001077084.2,NM_001077084.2,NC_037328.1,-,1,1123941,1124613,673
connexin,Bos taurus,project/data/references/connexins/Bos_taurus/GJD2__Q866T7.fasta,Q866T7,GJD2,gene-KCNE2,KCNE2,potassium voltage-gated channel subfamily E regulatory subunit 2,rna-NM_001077084.2,NM_001077084.2,NC_037328.1,-,2,1131643,1131748,106
connexin,Canis lupus familiaris,project/data/references/connexins/Canis_lupus_familiaris/GJA1__Q6S9C0.fasta,Q6S9C0,GJA1,gene-GJA1,GJA1,gap junction protein alpha 1,rna-NM_001002951.3,NM_001002951.3,NC_049222.1,+,1,61515138,61517814,2677
connexin,Canis lupus familiaris,project/data/references/connexins/Canis_lupus_familiaris/GJA1__Q6S9C0.fasta,Q6S9C0,GJA1,gene-GJA1,GJA1,gap junction protein alpha 1,rna-NM_001002951.3,NM_001002951.3,NC_049222.1,+,2,61517857,61518103,247
connexin,Canis lupus familiaris,project/data/references/connexins/Canis_lupus_familiaris/GJA5__P33725.fasta,P33725,GJA5,gene-GJA5,GJA5,gap junction protein alpha 5,rna-NM_001017442.2,NM_001017442.2,NC_049238.1,-,1,58946248,58947822,1575
connexin,Canis lupus familiaris,project/data/references/connexins/Canis_lupus_familiaris/GJA5__P33725.fasta,P33725,GJA5,gene-GJA5,GJA5,gap junction protein alpha 5,rna-NM_001017442.2,NM_001017442.2,NC_049238.1,-,2,58962180,58962243,64
connexin,Canis lupus familiaris,project/data/references/connexins/Canis_lupus_familiaris/GJC1__P28228.fasta,P28228,GJC1,gene-GJC1,GJC1,gap junction protein gamma 1,rna-NM_001020812.2,NM_001020812.2,NC_049230.1,+,1,18573413,18574603,1191
connexin,Chlorocebus sabaeus,project/data/references/connexins/Chlorocebus_sabaeus/GJA1__Q6TYA9.fasta,Q6TYA9,GJA1,gene-GJA1,GJA1,gap junction protein alpha 1,rna-XM_038000963.2,XM_038000963.2,NC_132916.1,+,1,45597815,45598001,187
connexin,Chlorocebus sabaeus,project/data/references/connexins/Chlorocebus_sabaeus/GJA1__Q6TYA9.fasta,Q6TYA9,GJA1,gene-GJA1,GJA1,gap junction protein alpha 1,rna-XM_038000963.2,XM_038000963.2,NC_132916.1,+,2,45608882,45611779,2898
connexin,Cricetulus griseus,project/data/references/connexins/Cricetulus_griseus/GJC1__Q6R4A8.fasta,Q6R4A8,GJC1,gene-Gjc1,Gjc1,gap junction protein gamma 1,rna-NM_001246786.1,NM_001246786.1,NC_048600.1,+,1,115323716,115325011,1296
connexin,Danio rerio,project/data/references/connexins/Danio_rerio/cx23__U3JA75.fasta,U3JA75,cx23,gene-rad23aa,rad23aa,RAD23 homolog A%2C nucleotide excision repair protein a,rna-NM_001003739.1,NM_001003739.1,NC_133176.1,-,1,55435053,55435560,508
connexin,Danio rerio,project/data/references/connexins/Danio_rerio/cx23__U3JA75.fasta,U3JA75,cx23,gene-rad23aa,rad23aa,RAD23 homolog A%2C nucleotide excision repair protein a,rna-NM_001003739.1,NM_001003739.1,NC_133176.1,-,2,55437202,55437375,174
connexin,Danio rerio,project/data/references/connexins/Danio_rerio/cx23__U3JA75.fasta,U3JA75,cx23,gene-rad23aa,rad23aa,RAD23 homolog A%2C nucleotide excision repair protein a,rna-NM_001003739.1,NM_001003739.1,NC_133176.1,-,3,55439836,55439966,131
connexin,Danio rerio,project/data/references/connexins/Danio_rerio/cx23__U3JA75.fasta,U3JA75,cx23,gene-rad23aa,rad23aa,RAD23 homolog A%2C nucleotide excision repair protein a,rna-NM_001003739.1,NM_001003739.1,NC_133176.1,-,4,55440968,55441043,76
connexin,Danio rerio,project/data/references/connexins/Danio_rerio/cx23__U3JA75.fasta,U3JA75,cx23,gene-rad23aa,rad23aa,RAD23 homolog A%2C nucleotide excision repair protein a,rna-NM_001003739.1,NM_001003739.1,NC_133176.1,-,5,55441119,55441246,128
connexin,Danio rerio,project/data/references/connexins/Danio_rerio/cx23__U3JA75.fasta,U3JA75,cx23,gene-rad23aa,rad23aa,RAD23 homolog A%2C nucleotide excision repair protein a,rna-NM_001003739.1,NM_001003739.1,NC_133176.1,-,6,55442884,55442930,47
connexin,Danio rerio,project/data/references/connexins/Danio_rerio/cx23__U3JA75.fasta,U3JA75,cx23,gene-rad23aa,rad23aa,RAD23 homolog A%2C nucleotide excision repair protein a,rna-NM_001003739.1,NM_001003739.1,NC_133176.1,-,7,55445290,55445480,191
connexin,Danio rerio,project/data/references/connexins/Danio_rerio/cx23__U3JA75.fasta,U3JA75,cx23,gene-rad23aa,rad23aa,RAD23 homolog A%2C nucleotide excision repair protein a,rna-NM_001003739.1,NM_001003739.1,NC_133176.1,-,8,55448160,55448321,162
connexin,Danio rerio,project/data/references/connexins/Danio_rerio/cx23__U3JA75.fasta,U3JA75,cx23,gene-rad23aa,rad23aa,RAD23 homolog A%2C nucleotide excision repair protein a,rna-NM_001003739.1,NM_001003739.1,NC_133176.1,-,9,55452213,55452453,241
connexin,Danio rerio,project/data/references/connexins/Danio_rerio/cx32.2__Q7T047.fasta,Q7T047,cx32.2,gene-gja13.2,gja13.2,gap junction protein alpha 13.2,rna-XR_012395638.1,XR_012395638.1,NC_133195.1,-,1,44013146,44014451,1306
connexin,Danio rerio,project/data/references/connexins/Danio_rerio/cx32.2__Q7T047.fasta,Q7T047,cx32.2,gene-gja13.2,gja13.2,gap junction protein alpha 13.2,rna-XR_012395638.1,XR_012395638.1,NC_133195.1,-,2,44014638,44016757,2120
connexin,Danio rerio,project/data/references/connexins/Danio_rerio/cx32.2__Q7T047.fasta,Q7T047,cx32.2,gene-gja13.2,gja13.2,gap junction protein alpha 13.2,rna-XR_012395638.1,XR_012395638.1,NC_133195.1,-,3,44020770,44020990,221
connexin,Danio rerio,project/data/references/connexins/Danio_rerio/cx32.2__Q7T047.fasta,Q7T047,cx32.2,gene-gja13.2,gja13.2,gap junction protein alpha 13.2,rna-NM_001030210.2,NM_001030210.2,NC_133195.1,-,1,44015553,44016757,1205
connexin,Danio rerio,project/data/references/connexins/Danio_rerio/cx32.2__Q7T047.fasta,Q7T047,cx32.2,gene-gja13.2,gja13.2,gap junction protein alpha 13.2,rna-NM_001030210.2,NM_001030210.2,NC_133195.1,-,2,44020770,44020977,208
connexin,Danio rerio,project/data/references/connexins/Danio_rerio/gja1__O57474.fasta,O57474,gja1,gene-gja1b,gja1b,gap junction protein alpha 1b,rna-NM_131038.1,NM_131038.1,NC_133195.1,-,1,44006780,44009533,2754
connexin,Danio rerio,project/data/references/connexins/Danio_rerio/gja1__O57474.fasta,O57474,gja1,gene-gja1b,gja1b,gap junction protein alpha 1b,rna-NM_131038.1,NM_131038.1,NC_133195.1,-,2,44011976,44012070,95
connexin,Danio rerio,project/data/references/connexins/Danio_rerio/gjc1__Q92052.fasta,Q92052,gjc1,gene-gjc1,gjc1,gap junction protein gamma 1,rna-XM_679922.8,XM_679922.8,NC_133178.1,-,1,14973075,14976308,3234
connexin,Danio rerio,project/data/references/connexins/Danio_rerio/gjc1__Q92052.fasta,Q92052,gjc1,gene-gjc1,gjc1,gap junction protein gamma 1,rna-XM_679922.8,XM_679922.8,NC_133178.1,-,2,15040720,15041394,675
connexin,Danio rerio,project/data/references/connexins/Danio_rerio/gjc1__Q92052.fasta,Q92052,gjc1,gene-gjc1,gjc1,gap junction protein gamma 1,rna-XM_068218809.2,XM_068218809.2,NC_133178.1,-,1,14973075,14976308,3234
connexin,Danio rerio,project/data/references/connexins/Danio_rerio/gjc1__Q92052.fasta,Q92052,gjc1,gene-gjc1,gjc1,gap junction protein gamma 1,rna-XM_068218809.2,XM_068218809.2,NC_133178.1,-,2,14986873,14986934,62
connexin,Equus caballus,project/data/references/connexins/Equus_caballus/GJB1__Q6WGK6.fasta,Q6WGK6,GJB1,gene-GJB1,GJB1,gap junction protein beta 1,rna-XM_070256577.1,XM_070256577.1,NC_091715.1,+,1,67714869,67715040,172
connexin,Equus caballus,project/data/references/connexins/Equus_caballus/GJB1__Q6WGK6.fasta,Q6WGK6,GJB1,gene-GJB1,GJB1,gap junction protein beta 1,rna-XM_070256577.1,XM_070256577.1,NC_091715.1,+,2,67722975,67724472,1498
connexin,Equus caballus,project/data/references/connexins/Equus_caballus/GJB1__Q6WGK6.fasta,Q6WGK6,GJB1,gene-GJB1,GJB1,gap junction protein beta 1,rna-XM_005614221.4,XM_005614221.4,NC_091715.1,+,1,67717747,67717862,116
connexin,Equus caballus,project/data/references/connexins/Equus_caballus/GJB1__Q6WGK6.fasta,Q6WGK6,GJB1,gene-GJB1,GJB1,gap junction protein beta 1,rna-XM_005614221.4,XM_005614221.4,NC_091715.1,+,2,67722975,67724472,1498
connexin,Equus caballus,project/data/references/connexins/Equus_caballus/GJB1__Q6WGK6.fasta,Q6WGK6,GJB1,gene-GJB1,GJB1,gap junction protein beta 1,rna-XM_070256578.1,XM_070256578.1,NC_091715.1,+,1,67719880,67720174,295
connexin,Equus caballus,project/data/references/connexins/Equus_caballus/GJB1__Q6WGK6.fasta,Q6WGK6,GJB1,gene-GJB1,GJB1,gap junction protein beta 1,rna-XM_070256578.1,XM_070256578.1,NC_091715.1,+,2,67722975,67724472,1498
connexin,Equus caballus,project/data/references/connexins/Equus_caballus/GJB1__Q6WGK6.fasta,Q6WGK6,GJB1,gene-GJB1,GJB1,gap junction protein beta 1,rna-XM_005614219.4,XM_005614219.4,NC_091715.1,+,1,67722432,67722604,173
connexin,Equus caballus,project/data/references/connexins/Equus_caballus/GJB1__Q6WGK6.fasta,Q6WGK6,GJB1,gene-GJB1,GJB1,gap junction protein beta 1,rna-XM_005614219.4,XM_005614219.4,NC_091715.1,+,2,67722975,67724472,1498
connexin,Equus caballus,project/data/references/connexins/Equus_caballus/GJB1__Q6WGK6.fasta,Q6WGK6,GJB1,gene-GJB1,GJB1,gap junction protein beta 1,rna-XM_023633177.2,XM_023633177.2,NC_091715.1,+,1,67722494,67722765,272
connexin,Equus caballus,project/data/references/connexins/Equus_caballus/GJB1__Q6WGK6.fasta,Q6WGK6,GJB1,gene-GJB1,GJB1,gap junction protein beta 1,rna-XM_023633177.2,XM_023633177.2,NC_091715.1,+,2,67722975,67724472,1498
connexin,Equus caballus,project/data/references/connexins/Equus_caballus/GJB1__Q6WGK6.fasta,Q6WGK6,GJB1,gene-GJB1,GJB1,gap junction protein beta 1,rna-NM_001081891.1,NM_001081891.1,NC_091715.1,+,1,67722982,67723866,885
connexin,Erinaceus europaeus,project/data/references/connexins/Erinaceus_europaeus/GJA1__Q6TYA8.fasta,Q6TYA8,GJA1,gene-GJA1,GJA1,gap junction protein alpha 1,rna-XM_007521294.3,XM_007521294.3,NC_080165.1,-,1,130451756,130454680,2925
connexin,Erinaceus europaeus,project/data/references/connexins/Erinaceus_europaeus/GJA1__Q6TYA8.fasta,Q6TYA8,GJA1,gene-GJA1,GJA1,gap junction protein alpha 1,rna-XM_007521294.3,XM_007521294.3,NC_080165.1,-,2,130467943,130468150,208
connexin,Gallus gallus,project/data/references/connexins/Gallus_gallus/GJA1__P14154.fasta,P14154,GJA1,gene-GJA1,GJA1,gap junction protein alpha 1,rna-NM_204586.3,NM_204586.3,NC_052534.1,-,1,61409929,61412980,3052
connexin,Gallus gallus,project/data/references/connexins/Gallus_gallus/GJA1__P14154.fasta,P14154,GJA1,gene-GJA1,GJA1,gap junction protein alpha 1,rna-NM_204586.3,NM_204586.3,NC_052534.1,-,2,61418917,61419060,144
connexin,Gallus gallus,project/data/references/connexins/Gallus_gallus/GJA1__P14154.fasta,P14154,GJA1,gene-GJA1,GJA1,gap junction protein alpha 1,rna-XM_046938411.1,XM_046938411.1,NC_052534.1,-,1,61409929,61412980,3052
connexin,Gallus gallus,project/data/references/connexins/Gallus_gallus/GJA1__P14154.fasta,P14154,GJA1,gene-GJA1,GJA1,gap junction protein alpha 1,rna-XM_046938411.1,XM_046938411.1,NC_052534.1,-,2,61418529,61418628,100
connexin,Gallus gallus,project/data/references/connexins/Gallus_gallus/GJA1__P14154.fasta,P14154,GJA1,gene-GJA1,GJA1,gap junction protein alpha 1,rna-XM_046938410.1,XM_046938410.1,NC_052534.1,-,1,61409929,61412980,3052
connexin,Gallus gallus,project/data/references/connexins/Gallus_gallus/GJA1__P14154.fasta,P14154,GJA1,gene-GJA1,GJA1,gap junction protein alpha 1,rna-XM_046938410.1,XM_046938410.1,NC_052534.1,-,2,61418420,61418628,209
connexin,Gallus gallus,project/data/references/connexins/Gallus_gallus/GJA3__P29415.fasta,P29415,GJA3,gene-GJA3,GJA3,gap junction protein alpha 3,rna-NM_001398090.1,NM_001398090.1,NC_052532.1,+,1,178850882,178852152,1271
connexin,Gallus gallus,project/data/references/connexins/Gallus_gallus/GJA3__P29415.fasta,P29415,GJA3,gene-GJA3,GJA3,gap junction protein alpha 3,rna-NM_001398090.1,NM_001398090.1,NC_052532.1,+,2,178857050,178864581,7532
connexin,Gallus gallus,project/data/references/connexins/Gallus_gallus/GJA3__P29415.fasta,P29415,GJA3,gene-GJA3,GJA3,gap junction protein alpha 3,rna-NM_001040644.2,NM_001040644.2,NC_052532.1,+,1,178850882,178851075,194
connexin,Gallus gallus,project/data/references/connexins/Gallus_gallus/GJA3__P29415.fasta,P29415,GJA3,gene-GJA3,GJA3,gap junction protein alpha 3,rna-NM_001040644.2,NM_001040644.2,NC_052532.1,+,2,178857050,178864581,7532
connexin,Gallus gallus,project/data/references/connexins/Gallus_gallus/GJA5__P18860.fasta,P18860,GJA5,gene-GJA5,GJA5,gap junction protein alpha 5,rna-XM_015295951.3,XM_015295951.3,NC_052532.1,-,1,92598058,92600952,2895
connexin,Gallus gallus,project/data/references/connexins/Gallus_gallus/GJA5__P18860.fasta,P18860,GJA5,gene-GJA5,GJA5,gap junction protein alpha 5,rna-XM_015295951.3,XM_015295951.3,NC_052532.1,-,2,92618833,92618897,65
connexin,Gallus gallus,project/data/references/connexins/Gallus_gallus/GJA5__P18860.fasta,P18860,GJA5,gene-GJA5,GJA5,gap junction protein alpha 5,rna-XM_015295948.3,XM_015295948.3,NC_052532.1,-,1,92598058,92600952,2895
connexin,Gallus gallus,project/data/references/connexins/Gallus_gallus/GJA5__P18860.fasta,P18860,GJA5,gene-GJA5,GJA5,gap junction protein alpha 5,rna-XM_015295948.3,XM_015295948.3,NC_052532.1,-,2,92618429,92618526,98
connexin,Gallus gallus,project/data/references/connexins/Gallus_gallus/GJA5__P18860.fasta,P18860,GJA5,gene-GJA5,GJA5,gap junction protein alpha 5,rna-NM_205504.3,NM_205504.3,NC_052532.1,-,1,92598058,92600952,2895
connexin,Gallus gallus,project/data/references/connexins/Gallus_gallus/GJA5__P18860.fasta,P18860,GJA5,gene-GJA5,GJA5,gap junction protein alpha 5,rna-NM_205504.3,NM_205504.3,NC_052532.1,-,2,92617110,92617402,293
connexin,Gallus gallus,project/data/references/connexins/Gallus_gallus/GJA5__P18860.fasta,P18860,GJA5,gene-GJA5,GJA5,gap junction protein alpha 5,rna-XM_046924774.1,XM_046924774.1,NC_052532.1,-,1,92598058,92600952,2895
connexin,Gallus gallus,project/data/references/connexins/Gallus_gallus/GJA5__P18860.fasta,P18860,GJA5,gene-GJA5,GJA5,gap junction protein alpha 5,rna-XM_046924774.1,XM_046924774.1,NC_052532.1,-,2,92613144,92613177,34
connexin,Gallus gallus,project/data/references/connexins/Gallus_gallus/GJA5__P18860.fasta,P18860,GJA5,gene-GJA5,GJA5,gap junction protein alpha 5,rna-XM_046924774.1,XM_046924774.1,NC_052532.1,-,3,92617110,92617402,293
connexin,Gallus gallus,project/data/references/connexins/Gallus_gallus/GJA5__P18860.fasta,P18860,GJA5,gene-GJA5,GJA5,gap junction protein alpha 5,rna-XM_046924726.1,XM_046924726.1,NC_052532.1,-,1,92598058,92600952,2895
connexin,Gallus gallus,project/data/references/connexins/Gallus_gallus/GJA5__P18860.fasta,P18860,GJA5,gene-GJA5,GJA5,gap junction protein alpha 5,rna-XM_046924726.1,XM_046924726.1,NC_052532.1,-,2,92611386,92613177,1792
connexin,Gallus gallus,project/data/references/connexins/Gallus_gallus/GJA5__P18860.fasta,P18860,GJA5,gene-GJA5,GJA5,gap junction protein alpha 5,rna-XM_046924726.1,XM_046924726.1,NC_052532.1,-,3,92617110,92617402,293
connexin,Gallus gallus,project/data/references/connexins/Gallus_gallus/GJA8__P36381.fasta,P36381,GJA8,gene-GJA8,GJA8,gap junction protein alpha 8,rna-NM_204997.2,NM_204997.2,NC_052532.1,+,1,92655355,92665699,10345
connexin,Gallus gallus,project/data/references/connexins/Gallus_gallus/GJB6__O93533.fasta,O93533,GJB6,gene-GJB6,GJB6,gap junction protein beta 6,rna-NM_001396937.1,NM_001396937.1,NC_052532.1,+,1,178811318,178811424,107
connexin,Gallus gallus,project/data/references/connexins/Gallus_gallus/GJB6__O93533.fasta,O93533,GJB6,gene-GJB6,GJB6,gap junction protein beta 6,rna-NM_001396937.1,NM_001396937.1,NC_052532.1,+,2,178811646,178811757,112
connexin,Gallus gallus,project/data/references/connexins/Gallus_gallus/GJB6__O93533.fasta,O93533,GJB6,gene-GJB6,GJB6,gap junction protein beta 6,rna-NM_001396937.1,NM_001396937.1,NC_052532.1,+,3,178819021,178820870,1850
connexin,Gallus gallus,project/data/references/connexins/Gallus_gallus/GJB6__O93533.fasta,O93533,GJB6,gene-GJB6,GJB6,gap junction protein beta 6,rna-NM_001396936.1,NM_001396936.1,NC_052532.1,+,1,178811318,178811424,107
connexin,Gallus gallus,project/data/references/connexins/Gallus_gallus/GJB6__O93533.fasta,O93533,GJB6,gene-GJB6,GJB6,gap junction protein beta 6,rna-NM_001396936.1,NM_001396936.1,NC_052532.1,+,2,178811646,178811713,68
connexin,Gallus gallus,project/data/references/connexins/Gallus_gallus/GJB6__O93533.fasta,O93533,GJB6,gene-GJB6,GJB6,gap junction protein beta 6,rna-NM_001396936.1,NM_001396936.1,NC_052532.1,+,3,178819021,178820870,1850
connexin,Gallus gallus,project/data/references/connexins/Gallus_gallus/GJB6__O93533.fasta,O93533,GJB6,gene-GJB6,GJB6,gap junction protein beta 6,rna-NM_001396935.1,NM_001396935.1,NC_052532.1,+,1,178811318,178811424,107
connexin,Gallus gallus,project/data/references/connexins/Gallus_gallus/GJB6__O93533.fasta,O93533,GJB6,gene-GJB6,GJB6,gap junction protein beta 6,rna-NM_001396935.1,NM_001396935.1,NC_052532.1,+,2,178819021,178820870,1850
connexin,Gallus gallus,project/data/references/connexins/Gallus_gallus/GJB6__O93533.fasta,O93533,GJB6,gene-GJB6,GJB6,gap junction protein beta 6,rna-NM_001396938.1,NM_001396938.1,NC_052532.1,+,1,178811318,178811420,103
connexin,Gallus gallus,project/data/references/connexins/Gallus_gallus/GJB6__O93533.fasta,O93533,GJB6,gene-GJB6,GJB6,gap junction protein beta 6,rna-NM_001396938.1,NM_001396938.1,NC_052532.1,+,2,178811646,178811713,68
connexin,Gallus gallus,project/data/references/connexins/Gallus_gallus/GJB6__O93533.fasta,O93533,GJB6,gene-GJB6,GJB6,gap junction protein beta 6,rna-NM_001396938.1,NM_001396938.1,NC_052532.1,+,3,178819021,178820870,1850
connexin,Gallus gallus,project/data/references/connexins/Gallus_gallus/GJB6__O93533.fasta,O93533,GJB6,gene-GJB6,GJB6,gap junction protein beta 6,rna-XM_046908764.1,XM_046908764.1,NC_052532.1,+,1,178811353,178811424,72
connexin,Gallus gallus,project/data/references/connexins/Gallus_gallus/GJB6__O93533.fasta,O93533,GJB6,gene-GJB6,GJB6,gap junction protein beta 6,rna-XM_046908764.1,XM_046908764.1,NC_052532.1,+,2,178811646,178812023,378
connexin,Gallus gallus,project/data/references/connexins/Gallus_gallus/GJB6__O93533.fasta,O93533,GJB6,gene-GJB6,GJB6,gap junction protein beta 6,rna-XM_046908764.1,XM_046908764.1,NC_052532.1,+,3,178819021,178820870,1850
connexin,Gallus gallus,project/data/references/connexins/Gallus_gallus/GJB6__O93533.fasta,O93533,GJB6,gene-GJB6,GJB6,gap junction protein beta 6,rna-XM_046908812.1,XM_046908812.1,NC_052532.1,+,1,178811353,178811420,68
connexin,Gallus gallus,project/data/references/connexins/Gallus_gallus/GJB6__O93533.fasta,O93533,GJB6,gene-GJB6,GJB6,gap junction protein beta 6,rna-XM_046908812.1,XM_046908812.1,NC_052532.1,+,2,178819021,178820870,1850
connexin,Gallus gallus,project/data/references/connexins/Gallus_gallus/GJB6__O93533.fasta,O93533,GJB6,gene-GJB6,GJB6,gap junction protein beta 6,rna-XM_046908837.1,XM_046908837.1,NC_052532.1,+,1,178811776,178811842,67
connexin,Gallus gallus,project/data/references/connexins/Gallus_gallus/GJB6__O93533.fasta,O93533,GJB6,gene-GJB6,GJB6,gap junction protein beta 6,rna-XM_046908837.1,XM_046908837.1,NC_052532.1,+,2,178819021,178820870,1850
connexin,Gallus gallus,project/data/references/connexins/Gallus_gallus/GJB6__O93533.fasta,O93533,GJB6,gene-GJB6,GJB6,gap junction protein beta 6,rna-NM_204931.2,NM_204931.2,NC_052532.1,+,1,178811850,178812023,174
connexin,Gallus gallus,project/data/references/connexins/Gallus_gallus/GJB6__O93533.fasta,O93533,GJB6,gene-GJB6,GJB6,gap junction protein beta 6,rna-NM_204931.2,NM_204931.2,NC_052532.1,+,2,178819021,178820870,1850
connexin,Gallus gallus,project/data/references/connexins/Gallus_gallus/GJB6__O93533.fasta,O93533,GJB6,gene-GJB6,GJB6,gap junction protein beta 6,rna-XM_046908778.1,XM_046908778.1,NC_052532.1,+,1,178816904,178816974,71
connexin,Gallus gallus,project/data/references/connexins/Gallus_gallus/GJB6__O93533.fasta,O93533,GJB6,gene-GJB6,GJB6,gap junction protein beta 6,rna-XM_046908778.1,XM_046908778.1,NC_052532.1,+,2,178819021,178820870,1850
connexin,Gallus gallus,project/data/references/connexins/Gallus_gallus/GJB6__O93533.fasta,O93533,GJB6,gene-GJB6,GJB6,gap junction protein beta 6,rna-XM_046908803.1,XM_046908803.1,NC_052532.1,+,1,178816904,178816954,51
connexin,Gallus gallus,project/data/references/connexins/Gallus_gallus/GJB6__O93533.fasta,O93533,GJB6,gene-GJB6,GJB6,gap junction protein beta 6,rna-XM_046908803.1,XM_046908803.1,NC_052532.1,+,2,178819021,178820870,1850
connexin,Gallus gallus,project/data/references/connexins/Gallus_gallus/GJC1__P18861.fasta,P18861,GJC1,gene-GJC3,GJC3,gap junction protein gamma 3,rna-XM_046904337.1,XM_046904337.1,NC_052558.1,-,1,890768,892530,1763
connexin,Gallus gallus,project/data/references/connexins/Gallus_gallus/GJC1__P18861.fasta,P18861,GJC1,gene-GJC3,GJC3,gap junction protein gamma 3,rna-XM_046904337.1,XM_046904337.1,NC_052558.1,-,2,892657,892731,75
connexin,Gallus gallus,project/data/references/connexins/Gallus_gallus/GJC1__P18861.fasta,P18861,GJC1,gene-GJC3,GJC3,gap junction protein gamma 3,rna-XM_046904337.1,XM_046904337.1,NC_052558.1,-,3,893953,894066,114
connexin,Gallus gallus,project/data/references/connexins/Gallus_gallus/GJC1__P18861.fasta,P18861,GJC1,gene-GJC3,GJC3,gap junction protein gamma 3,rna-XM_046904337.1,XM_046904337.1,NC_052558.1,-,4,903699,903741,43
connexin,Gallus gallus,project/data/references/connexins/Gallus_gallus/GJC1__P18861.fasta,P18861,GJC1,gene-GJC3,GJC3,gap junction protein gamma 3,rna-XM_040653143.2,XM_040653143.2,NC_052558.1,-,1,890768,892530,1763
connexin,Gallus gallus,project/data/references/connexins/Gallus_gallus/GJC1__P18861.fasta,P18861,GJC1,gene-GJC3,GJC3,gap junction protein gamma 3,rna-XM_040653143.2,XM_040653143.2,NC_052558.1,-,2,893953,894066,114
connexin,Gallus gallus,project/data/references/connexins/Gallus_gallus/GJC1__P18861.fasta,P18861,GJC1,gene-GJC3,GJC3,gap junction protein gamma 3,rna-XM_040653143.2,XM_040653143.2,NC_052558.1,-,3,902299,902342,44
connexin,Gallus gallus,project/data/references/connexins/Gallus_gallus/GJC1__P18861.fasta,P18861,GJC1,gene-GJC3,GJC3,gap junction protein gamma 3,rna-XM_040653143.2,XM_040653143.2,NC_052558.1,-,4,903699,903741,43
connexin,Gallus gallus,project/data/references/connexins/Gallus_gallus/GJC1__P18861.fasta,P18861,GJC1,gene-GJC3,GJC3,gap junction protein gamma 3,rna-NM_205503.2,NM_205503.2,NC_052558.1,-,1,890768,892530,1763
connexin,Gallus gallus,project/data/references/connexins/Gallus_gallus/GJC1__P18861.fasta,P18861,GJC1,gene-GJC3,GJC3,gap junction protein gamma 3,rna-NM_205503.2,NM_205503.2,NC_052558.1,-,2,892657,892731,75
connexin,Gallus gallus,project/data/references/connexins/Gallus_gallus/GJC1__P18861.fasta,P18861,GJC1,gene-GJC3,GJC3,gap junction protein gamma 3,rna-NM_205503.2,NM_205503.2,NC_052558.1,-,3,893953,894066,114
connexin,Gallus gallus,project/data/references/connexins/Gallus_gallus/GJC1__P18861.fasta,P18861,GJC1,gene-GJC3,GJC3,gap junction protein gamma 3,rna-NM_205503.2,NM_205503.2,NC_052558.1,-,4,902299,902342,44
connexin,Gallus gallus,project/data/references/connexins/Gallus_gallus/GJC1__P18861.fasta,P18861,GJC1,gene-GJC3,GJC3,gap junction protein gamma 3,rna-NM_205503.2,NM_205503.2,NC_052558.1,-,5,903699,903741,43
connexin,Gallus gallus,project/data/references/connexins/Gallus_gallus/GJC1__P18861.fasta,P18861,GJC1,gene-GJC3,GJC3,gap junction protein gamma 3,rna-XM_046904340.1,XM_046904340.1,NC_052558.1,-,1,890768,892530,1763
connexin,Gallus gallus,project/data/references/connexins/Gallus_gallus/GJC1__P18861.fasta,P18861,GJC1,gene-GJC3,GJC3,gap junction protein gamma 3,rna-XM_046904340.1,XM_046904340.1,NC_052558.1,-,2,892657,892731,75
connexin,Gallus gallus,project/data/references/connexins/Gallus_gallus/GJC1__P18861.fasta,P18861,GJC1,gene-GJC3,GJC3,gap junction protein gamma 3,rna-XM_046904340.1,XM_046904340.1,NC_052558.1,-,3,893953,894066,114
connexin,Gallus gallus,project/data/references/connexins/Gallus_gallus/GJC1__P18861.fasta,P18861,GJC1,gene-GJC3,GJC3,gap junction protein gamma 3,rna-XM_046904340.1,XM_046904340.1,NC_052558.1,-,4,894219,894365,147
connexin,Gallus gallus,project/data/references/connexins/Gallus_gallus/GJC1__P18861.fasta,P18861,GJC1,gene-GJC3,GJC3,gap junction protein gamma 3,rna-XM_046904340.1,XM_046904340.1,NC_052558.1,-,5,902299,902342,44
connexin,Gallus gallus,project/data/references/connexins/Gallus_gallus/GJC1__P18861.fasta,P18861,GJC1,gene-GJC3,GJC3,gap junction protein gamma 3,rna-XM_046904340.1,XM_046904340.1,NC_052558.1,-,6,903699,903741,43
connexin,Gallus gallus,project/data/references/connexins/Gallus_gallus/GJC1__P18861.fasta,P18861,GJC1,gene-GJC3,GJC3,gap junction protein gamma 3,rna-XM_046904339.1,XM_046904339.1,NC_052558.1,-,1,890768,892530,1763
connexin,Gallus gallus,project/data/references/connexins/Gallus_gallus/GJC1__P18861.fasta,P18861,GJC1,gene-GJC3,GJC3,gap junction protein gamma 3,rna-XM_046904339.1,XM_046904339.1,NC_052558.1,-,2,892657,892731,75
connexin,Gallus gallus,project/data/references/connexins/Gallus_gallus/GJC1__P18861.fasta,P18861,GJC1,gene-GJC3,GJC3,gap junction protein gamma 3,rna-XM_046904339.1,XM_046904339.1,NC_052558.1,-,3,893953,894066,114
connexin,Gallus gallus,project/data/references/connexins/Gallus_gallus/GJC1__P18861.fasta,P18861,GJC1,gene-GJC3,GJC3,gap junction protein gamma 3,rna-XM_046904339.1,XM_046904339.1,NC_052558.1,-,4,894219,894773,555
connexin,Gallus gallus,project/data/references/connexins/Gallus_gallus/GJC1__P18861.fasta,P18861,GJC1,gene-GJC3,GJC3,gap junction protein gamma 3,rna-XM_046904339.1,XM_046904339.1,NC_052558.1,-,5,902299,902342,44
connexin,Gallus gallus,project/data/references/connexins/Gallus_gallus/GJC1__P18861.fasta,P18861,GJC1,gene-GJC3,GJC3,gap junction protein gamma 3,rna-XM_046904339.1,XM_046904339.1,NC_052558.1,-,6,903699,903741,43
connexin,Gallus gallus,project/data/references/connexins/Gallus_gallus/GJC1__P18861.fasta,P18861,GJC1,gene-GJC3,GJC3,gap junction protein gamma 3,rna-XM_040653132.2,XM_040653132.2,NC_052558.1,-,1,890768,892530,1763
connexin,Gallus gallus,project/data/references/connexins/Gallus_gallus/GJC1__P18861.fasta,P18861,GJC1,gene-GJC3,GJC3,gap junction protein gamma 3,rna-XM_040653132.2,XM_040653132.2,NC_052558.1,-,2,892657,892731,75
connexin,Gallus gallus,project/data/references/connexins/Gallus_gallus/GJC1__P18861.fasta,P18861,GJC1,gene-GJC3,GJC3,gap junction protein gamma 3,rna-XM_040653132.2,XM_040653132.2,NC_052558.1,-,3,893953,894066,114
connexin,Gallus gallus,project/data/references/connexins/Gallus_gallus/GJC1__P18861.fasta,P18861,GJC1,gene-GJC3,GJC3,gap junction protein gamma 3,rna-XM_040653132.2,XM_040653132.2,NC_052558.1,-,4,902190,902342,153
connexin,Gallus gallus,project/data/references/connexins/Gallus_gallus/GJC1__P18861.fasta,P18861,GJC1,gene-GJC3,GJC3,gap junction protein gamma 3,rna-XM_040653132.2,XM_040653132.2,NC_052558.1,-,5,903699,903741,43
connexin,Gallus gallus,project/data/references/connexins/Gallus_gallus/GJC1__P18861.fasta,P18861,GJC1,gene-GJC3,GJC3,gap junction protein gamma 3,rna-XM_015299222.4,XM_015299222.4,NC_052558.1,-,1,890768,892530,1763
connexin,Gallus gallus,project/data/references/connexins/Gallus_gallus/GJC1__P18861.fasta,P18861,GJC1,gene-GJC3,GJC3,gap junction protein gamma 3,rna-XM_015299222.4,XM_015299222.4,NC_052558.1,-,2,893953,894066,114
connexin,Gallus gallus,project/data/references/connexins/Gallus_gallus/GJC1__P18861.fasta,P18861,GJC1,gene-GJC3,GJC3,gap junction protein gamma 3,rna-XM_015299222.4,XM_015299222.4,NC_052558.1,-,3,902299,902502,204
connexin,Gallus gallus,project/data/references/connexins/Gallus_gallus/GJC1__P18861.fasta,P18861,GJC1,gene-GJC3,GJC3,gap junction protein gamma 3,rna-XM_015299213.4,XM_015299213.4,NC_052558.1,-,1,890768,892530,1763
connexin,Gallus gallus,project/data/references/connexins/Gallus_gallus/GJC1__P18861.fasta,P18861,GJC1,gene-GJC3,GJC3,gap junction protein gamma 3,rna-XM_015299213.4,XM_015299213.4,NC_052558.1,-,2,892657,892731,75
connexin,Gallus gallus,project/data/references/connexins/Gallus_gallus/GJC1__P18861.fasta,P18861,GJC1,gene-GJC3,GJC3,gap junction protein gamma 3,rna-XM_015299213.4,XM_015299213.4,NC_052558.1,-,3,893953,894066,114
connexin,Gallus gallus,project/data/references/connexins/Gallus_gallus/GJC1__P18861.fasta,P18861,GJC1,gene-GJC3,GJC3,gap junction protein gamma 3,rna-XM_015299213.4,XM_015299213.4,NC_052558.1,-,4,902299,902502,204
connexin,Gallus gallus,project/data/references/connexins/Gallus_gallus/GJC1__P18861.fasta,P18861,GJC1,gene-GJC3,GJC3,gap junction protein gamma 3,rna-XM_040653138.2,XM_040653138.2,NC_052558.1,-,1,890768,892530,1763
connexin,Gallus gallus,project/data/references/connexins/Gallus_gallus/GJC1__P18861.fasta,P18861,GJC1,gene-GJC3,GJC3,gap junction protein gamma 3,rna-XM_040653138.2,XM_040653138.2,NC_052558.1,-,2,892657,892731,75
connexin,Gallus gallus,project/data/references/connexins/Gallus_gallus/GJC1__P18861.fasta,P18861,GJC1,gene-GJC3,GJC3,gap junction protein gamma 3,rna-XM_040653138.2,XM_040653138.2,NC_052558.1,-,3,893953,894066,114
connexin,Gallus gallus,project/data/references/connexins/Gallus_gallus/GJC1__P18861.fasta,P18861,GJC1,gene-GJC3,GJC3,gap junction protein gamma 3,rna-XM_040653138.2,XM_040653138.2,NC_052558.1,-,4,894219,894365,147
connexin,Gallus gallus,project/data/references/connexins/Gallus_gallus/GJC1__P18861.fasta,P18861,GJC1,gene-GJC3,GJC3,gap junction protein gamma 3,rna-XM_040653138.2,XM_040653138.2,NC_052558.1,-,5,902299,902502,204
connexin,Gallus gallus,project/data/references/connexins/Gallus_gallus/GJC1__P18861.fasta,P18861,GJC1,gene-GJC3,GJC3,gap junction protein gamma 3,rna-XM_040653136.2,XM_040653136.2,NC_052558.1,-,1,890768,892530,1763
connexin,Gallus gallus,project/data/references/connexins/Gallus_gallus/GJC1__P18861.fasta,P18861,GJC1,gene-GJC3,GJC3,gap junction protein gamma 3,rna-XM_040653136.2,XM_040653136.2,NC_052558.1,-,2,892657,892731,75
connexin,Gallus gallus,project/data/references/connexins/Gallus_gallus/GJC1__P18861.fasta,P18861,GJC1,gene-GJC3,GJC3,gap junction protein gamma 3,rna-XM_040653136.2,XM_040653136.2,NC_052558.1,-,3,893953,894066,114
connexin,Gallus gallus,project/data/references/connexins/Gallus_gallus/GJC1__P18861.fasta,P18861,GJC1,gene-GJC3,GJC3,gap junction protein gamma 3,rna-XM_040653136.2,XM_040653136.2,NC_052558.1,-,4,894219,894773,555
connexin,Gallus gallus,project/data/references/connexins/Gallus_gallus/GJC1__P18861.fasta,P18861,GJC1,gene-GJC3,GJC3,gap junction protein gamma 3,rna-XM_040653136.2,XM_040653136.2,NC_052558.1,-,5,902299,902502,204
connexin,Gallus gallus,project/data/references/connexins/Gallus_gallus/GJC1__P18861.fasta,P18861,GJC1,gene-GJC3,GJC3,gap junction protein gamma 3,rna-XM_046904338.1,XM_046904338.1,NC_052558.1,-,1,890768,892530,1763
connexin,Gallus gallus,project/data/references/connexins/Gallus_gallus/GJC1__P18861.fasta,P18861,GJC1,gene-GJC3,GJC3,gap junction protein gamma 3,rna-XM_046904338.1,XM_046904338.1,NC_052558.1,-,2,892657,892731,75
connexin,Gallus gallus,project/data/references/connexins/Gallus_gallus/GJC1__P18861.fasta,P18861,GJC1,gene-GJC3,GJC3,gap junction protein gamma 3,rna-XM_046904338.1,XM_046904338.1,NC_052558.1,-,3,893953,894066,114
connexin,Gallus gallus,project/data/references/connexins/Gallus_gallus/GJC1__P18861.fasta,P18861,GJC1,gene-GJC3,GJC3,gap junction protein gamma 3,rna-XM_046904338.1,XM_046904338.1,NC_052558.1,-,4,894219,895738,1520
connexin,Gallus gallus,project/data/references/connexins/Gallus_gallus/GJC1__P18861.fasta,P18861,GJC1,gene-GJC3,GJC3,gap junction protein gamma 3,rna-XM_046904338.1,XM_046904338.1,NC_052558.1,-,5,902299,902502,204
connexin,Gallus gallus,project/data/references/connexins/Gallus_gallus/GJC1__P18861.fasta,P18861,GJC1,gene-GJC3,GJC3,gap junction protein gamma 3,rna-XM_015299221.4,XM_015299221.4,NC_052558.1,-,1,890768,892530,1763
connexin,Gallus gallus,project/data/references/connexins/Gallus_gallus/GJC1__P18861.fasta,P18861,GJC1,gene-GJC3,GJC3,gap junction protein gamma 3,rna-XM_015299221.4,XM_015299221.4,NC_052558.1,-,2,892657,892731,75
connexin,Gallus gallus,project/data/references/connexins/Gallus_gallus/GJC1__P18861.fasta,P18861,GJC1,gene-GJC3,GJC3,gap junction protein gamma 3,rna-XM_015299221.4,XM_015299221.4,NC_052558.1,-,3,893953,894066,114
connexin,Gallus gallus,project/data/references/connexins/Gallus_gallus/GJC1__P18861.fasta,P18861,GJC1,gene-GJC3,GJC3,gap junction protein gamma 3,rna-XM_015299221.4,XM_015299221.4,NC_052558.1,-,4,902190,902502,313
connexin,Gallus gallus,project/data/references/connexins/Gallus_gallus/GJC1__P18861.fasta,P18861,GJC1,gene-GJC3,GJC3,gap junction protein gamma 3,rna-XM_025143959.3,XM_025143959.3,NC_052558.1,-,1,890768,892530,1763
connexin,Gallus gallus,project/data/references/connexins/Gallus_gallus/GJC1__P18861.fasta,P18861,GJC1,gene-GJC3,GJC3,gap junction protein gamma 3,rna-XM_025143959.3,XM_025143959.3,NC_052558.1,-,2,893953,894066,114
connexin,Gallus gallus,project/data/references/connexins/Gallus_gallus/GJC1__P18861.fasta,P18861,GJC1,gene-GJC3,GJC3,gap junction protein gamma 3,rna-XM_025143959.3,XM_025143959.3,NC_052558.1,-,3,902024,902137,114
connexin,Gallus gallus,project/data/references/connexins/Gallus_gallus/GJC1__P18861.fasta,P18861,GJC1,gene-GJC3,GJC3,gap junction protein gamma 3,rna-XM_015299220.4,XM_015299220.4,NC_052558.1,-,1,890768,892530,1763
connexin,Gallus gallus,project/data/references/connexins/Gallus_gallus/GJC1__P18861.fasta,P18861,GJC1,gene-GJC3,GJC3,gap junction protein gamma 3,rna-XM_015299220.4,XM_015299220.4,NC_052558.1,-,2,892657,892731,75
connexin,Gallus gallus,project/data/references/connexins/Gallus_gallus/GJC1__P18861.fasta,P18861,GJC1,gene-GJC3,GJC3,gap junction protein gamma 3,rna-XM_015299220.4,XM_015299220.4,NC_052558.1,-,3,893953,894066,114
connexin,Gallus gallus,project/data/references/connexins/Gallus_gallus/GJC1__P18861.fasta,P18861,GJC1,gene-GJC3,GJC3,gap junction protein gamma 3,rna-XM_015299220.4,XM_015299220.4,NC_052558.1,-,4,902024,902137,114
connexin,Gallus gallus,project/data/references/connexins/Gallus_gallus/GJC1__P18861.fasta,P18861,GJC1,gene-GJC3,GJC3,gap junction protein gamma 3,rna-XM_040653145.2,XM_040653145.2,NC_052558.1,-,1,890768,892530,1763
connexin,Gallus gallus,project/data/references/connexins/Gallus_gallus/GJC1__P18861.fasta,P18861,GJC1,gene-GJC3,GJC3,gap junction protein gamma 3,rna-XM_040653145.2,XM_040653145.2,NC_052558.1,-,2,893953,894066,114
connexin,Gallus gallus,project/data/references/connexins/Gallus_gallus/GJC1__P18861.fasta,P18861,GJC1,gene-GJC3,GJC3,gap junction protein gamma 3,rna-XM_040653145.2,XM_040653145.2,NC_052558.1,-,3,901690,902137,448
connexin,Gallus gallus,project/data/references/connexins/Gallus_gallus/GJC1__P18861.fasta,P18861,GJC1,gene-GJC3,GJC3,gap junction protein gamma 3,rna-XM_040653141.2,XM_040653141.2,NC_052558.1,-,1,890768,892530,1763
connexin,Gallus gallus,project/data/references/connexins/Gallus_gallus/GJC1__P18861.fasta,P18861,GJC1,gene-GJC3,GJC3,gap junction protein gamma 3,rna-XM_040653141.2,XM_040653141.2,NC_052558.1,-,2,892657,892731,75
connexin,Gallus gallus,project/data/references/connexins/Gallus_gallus/GJC1__P18861.fasta,P18861,GJC1,gene-GJC3,GJC3,gap junction protein gamma 3,rna-XM_040653141.2,XM_040653141.2,NC_052558.1,-,3,893953,894066,114
connexin,Gallus gallus,project/data/references/connexins/Gallus_gallus/GJC1__P18861.fasta,P18861,GJC1,gene-GJC3,GJC3,gap junction protein gamma 3,rna-XM_040653141.2,XM_040653141.2,NC_052558.1,-,4,901690,902137,448
connexin,Gallus gallus,project/data/references/connexins/Gallus_gallus/GJC1__P18861.fasta,P18861,GJC1,gene-GJC3,GJC3,gap junction protein gamma 3,rna-XM_040653144.1,XM_040653144.1,NC_052558.1,-,1,890768,892530,1763
connexin,Gallus gallus,project/data/references/connexins/Gallus_gallus/GJC1__P18861.fasta,P18861,GJC1,gene-GJC3,GJC3,gap junction protein gamma 3,rna-XM_040653144.1,XM_040653144.1,NC_052558.1,-,2,893953,894066,114
connexin,Gallus gallus,project/data/references/connexins/Gallus_gallus/GJC1__P18861.fasta,P18861,GJC1,gene-GJC3,GJC3,gap junction protein gamma 3,rna-XM_040653144.1,XM_040653144.1,NC_052558.1,-,3,900032,901672,1641
connexin,Gallus gallus,project/data/references/connexins/Gallus_gallus/GJC1__P18861.fasta,P18861,GJC1,gene-GJC3,GJC3,gap junction protein gamma 3,rna-XM_040653139.1,XM_040653139.1,NC_052558.1,-,1,890768,892530,1763
connexin,Gallus gallus,project/data/references/connexins/Gallus_gallus/GJC1__P18861.fasta,P18861,GJC1,gene-GJC3,GJC3,gap junction protein gamma 3,rna-XM_040653139.1,XM_040653139.1,NC_052558.1,-,2,892657,892731,75
connexin,Gallus gallus,project/data/references/connexins/Gallus_gallus/GJC1__P18861.fasta,P18861,GJC1,gene-GJC3,GJC3,gap junction protein gamma 3,rna-XM_040653139.1,XM_040653139.1,NC_052558.1,-,3,893953,894066,114
connexin,Gallus gallus,project/data/references/connexins/Gallus_gallus/GJC1__P18861.fasta,P18861,GJC1,gene-GJC3,GJC3,gap junction protein gamma 3,rna-XM_040653139.1,XM_040653139.1,NC_052558.1,-,4,900032,901671,1640
connexin,Gallus gallus,project/data/references/connexins/Gallus_gallus/GJC1__P18861.fasta,P18861,GJC1,gene-GJC3,GJC3,gap junction protein gamma 3,rna-XM_025143958.3,XM_025143958.3,NC_052558.1,-,1,890768,892530,1763
connexin,Gallus gallus,project/data/references/connexins/Gallus_gallus/GJC1__P18861.fasta,P18861,GJC1,gene-GJC3,GJC3,gap junction protein gamma 3,rna-XM_025143958.3,XM_025143958.3,NC_052558.1,-,2,893953,894066,114
connexin,Gallus gallus,project/data/references/connexins/Gallus_gallus/GJC1__P18861.fasta,P18861,GJC1,gene-GJC3,GJC3,gap junction protein gamma 3,rna-XM_025143958.3,XM_025143958.3,NC_052558.1,-,3,898230,898331,102
connexin,Gallus gallus,project/data/references/connexins/Gallus_gallus/GJC1__P18861.fasta,P18861,GJC1,gene-GJC3,GJC3,gap junction protein gamma 3,rna-XM_015299219.4,XM_015299219.4,NC_052558.1,-,1,890768,892530,1763
connexin,Gallus gallus,project/data/references/connexins/Gallus_gallus/GJC1__P18861.fasta,P18861,GJC1,gene-GJC3,GJC3,gap junction protein gamma 3,rna-XM_015299219.4,XM_015299219.4,NC_052558.1,-,2,892657,892731,75
connexin,Gallus gallus,project/data/references/connexins/Gallus_gallus/GJC1__P18861.fasta,P18861,GJC1,gene-GJC3,GJC3,gap junction protein gamma 3,rna-XM_015299219.4,XM_015299219.4,NC_052558.1,-,3,893953,894066,114
connexin,Gallus gallus,project/data/references/connexins/Gallus_gallus/GJC1__P18861.fasta,P18861,GJC1,gene-GJC3,GJC3,gap junction protein gamma 3,rna-XM_015299219.4,XM_015299219.4,NC_052558.1,-,4,898230,898331,102
connexin,Gallus gallus,project/data/references/connexins/Gallus_gallus/GJC1__P18861.fasta,P18861,GJC1,gene-GJC3,GJC3,gap junction protein gamma 3,rna-XM_040653135.2,XM_040653135.2,NC_052558.1,-,1,890768,892530,1763
connexin,Gallus gallus,project/data/references/connexins/Gallus_gallus/GJC1__P18861.fasta,P18861,GJC1,gene-GJC3,GJC3,gap junction protein gamma 3,rna-XM_040653135.2,XM_040653135.2,NC_052558.1,-,2,892657,892731,75
connexin,Gallus gallus,project/data/references/connexins/Gallus_gallus/GJC1__P18861.fasta,P18861,GJC1,gene-GJC3,GJC3,gap junction protein gamma 3,rna-XM_040653135.2,XM_040653135.2,NC_052558.1,-,3,893953,894066,114
connexin,Gallus gallus,project/data/references/connexins/Gallus_gallus/GJC1__P18861.fasta,P18861,GJC1,gene-GJC3,GJC3,gap junction protein gamma 3,rna-XM_040653135.2,XM_040653135.2,NC_052558.1,-,4,894219,894773,555
connexin,Gallus gallus,project/data/references/connexins/Gallus_gallus/GJC1__P18861.fasta,P18861,GJC1,gene-GJC3,GJC3,gap junction protein gamma 3,rna-XM_040653135.2,XM_040653135.2,NC_052558.1,-,5,895598,895738,141
connexin,Gallus gallus,project/data/references/connexins/Gallus_gallus/GJC1__P18861.fasta,P18861,GJC1,gene-GJC3,GJC3,gap junction protein gamma 3,rna-XM_040653135.2,XM_040653135.2,NC_052558.1,-,6,898230,898331,102
connexin,Gallus gallus,project/data/references/connexins/Gallus_gallus/GJC1__P18861.fasta,P18861,GJC1,gene-GJC3,GJC3,gap junction protein gamma 3,rna-XM_040653137.2,XM_040653137.2,NC_052558.1,-,1,890768,892530,1763
connexin,Gallus gallus,project/data/references/connexins/Gallus_gallus/GJC1__P18861.fasta,P18861,GJC1,gene-GJC3,GJC3,gap junction protein gamma 3,rna-XM_040653137.2,XM_040653137.2,NC_052558.1,-,2,892657,892731,75
connexin,Gallus gallus,project/data/references/connexins/Gallus_gallus/GJC1__P18861.fasta,P18861,GJC1,gene-GJC3,GJC3,gap junction protein gamma 3,rna-XM_040653137.2,XM_040653137.2,NC_052558.1,-,3,893953,894066,114
connexin,Gallus gallus,project/data/references/connexins/Gallus_gallus/GJC1__P18861.fasta,P18861,GJC1,gene-GJC3,GJC3,gap junction protein gamma 3,rna-XM_040653137.2,XM_040653137.2,NC_052558.1,-,4,894219,894365,147
connexin,Gallus gallus,project/data/references/connexins/Gallus_gallus/GJC1__P18861.fasta,P18861,GJC1,gene-GJC3,GJC3,gap junction protein gamma 3,rna-XM_040653137.2,XM_040653137.2,NC_052558.1,-,5,894445,895738,1294
connexin,Gallus gallus,project/data/references/connexins/Gallus_gallus/GJC1__P18861.fasta,P18861,GJC1,gene-GJC3,GJC3,gap junction protein gamma 3,rna-XM_040653137.2,XM_040653137.2,NC_052558.1,-,6,898230,898331,102
connexin,Gallus gallus,project/data/references/connexins/Gallus_gallus/GJC1__P18861.fasta,P18861,GJC1,gene-GJC3,GJC3,gap junction protein gamma 3,rna-XM_046904341.1,XM_046904341.1,NC_052558.1,-,1,890768,892530,1763
connexin,Gallus gallus,project/data/references/connexins/Gallus_gallus/GJC1__P18861.fasta,P18861,GJC1,gene-GJC3,GJC3,gap junction protein gamma 3,rna-XM_046904341.1,XM_046904341.1,NC_052558.1,-,2,893953,894066,114
connexin,Gallus gallus,project/data/references/connexins/Gallus_gallus/GJC1__P18861.fasta,P18861,GJC1,gene-GJC3,GJC3,gap junction protein gamma 3,rna-XM_046904341.1,XM_046904341.1,NC_052558.1,-,3,894219,895738,1520
connexin,Gallus gallus,project/data/references/connexins/Gallus_gallus/GJC1__P18861.fasta,P18861,GJC1,gene-GJC3,GJC3,gap junction protein gamma 3,rna-XM_046904341.1,XM_046904341.1,NC_052558.1,-,4,898230,898331,102
connexin,Gallus gallus,project/data/references/connexins/Gallus_gallus/GJC1__P18861.fasta,P18861,GJC1,gene-GJC3,GJC3,gap junction protein gamma 3,rna-XM_040653133.2,XM_040653133.2,NC_052558.1,-,1,890768,892530,1763
connexin,Gallus gallus,project/data/references/connexins/Gallus_gallus/GJC1__P18861.fasta,P18861,GJC1,gene-GJC3,GJC3,gap junction protein gamma 3,rna-XM_040653133.2,XM_040653133.2,NC_052558.1,-,2,892657,892731,75
connexin,Gallus gallus,project/data/references/connexins/Gallus_gallus/GJC1__P18861.fasta,P18861,GJC1,gene-GJC3,GJC3,gap junction protein gamma 3,rna-XM_040653133.2,XM_040653133.2,NC_052558.1,-,3,893953,894066,114
connexin,Gallus gallus,project/data/references/connexins/Gallus_gallus/GJC1__P18861.fasta,P18861,GJC1,gene-GJC3,GJC3,gap junction protein gamma 3,rna-XM_040653133.2,XM_040653133.2,NC_052558.1,-,4,894219,895738,1520
connexin,Gallus gallus,project/data/references/connexins/Gallus_gallus/GJC1__P18861.fasta,P18861,GJC1,gene-GJC3,GJC3,gap junction protein gamma 3,rna-XM_040653133.2,XM_040653133.2,NC_052558.1,-,5,898230,898331,102
connexin,Gorilla gorilla gorilla,project/data/references/connexins/Gorilla_gorilla_gorilla/GJB2__Q8MHW5.fasta,Q8MHW5,GJB2,gene-LOC101144634,LOC101144634,piggyBac transposable element-derived protein 2,rna-XM_031007793.3,XM_031007793.3,NC_073224.2,-,1,5567034,5569581,2548
connexin,Gorilla gorilla gorilla,project/data/references/connexins/Gorilla_gorilla_gorilla/GJB2__Q8MHW5.fasta,Q8MHW5,GJB2,gene-LOC101144634,LOC101144634,piggyBac transposable element-derived protein 2,rna-XM_031007793.3,XM_031007793.3,NC_073224.2,-,2,5572319,5572382,64
connexin,Gorilla gorilla gorilla,project/data/references/connexins/Gorilla_gorilla_gorilla/GJB2__Q8MHW5.fasta,Q8MHW5,GJB2,gene-LOC101144634,LOC101144634,piggyBac transposable element-derived protein 2,rna-XM_031007793.3,XM_031007793.3,NC_073224.2,-,3,5584389,5584530,142
connexin,Gorilla gorilla gorilla,project/data/references/connexins/Gorilla_gorilla_gorilla/GJB2__Q8MHW5.fasta,Q8MHW5,GJB2,gene-LOC101144634,LOC101144634,piggyBac transposable element-derived protein 2,rna-XM_055381522.2,XM_055381522.2,NC_073224.2,-,1,5567034,5569581,2548
connexin,Gorilla gorilla gorilla,project/data/references/connexins/Gorilla_gorilla_gorilla/GJB2__Q8MHW5.fasta,Q8MHW5,GJB2,gene-LOC101144634,LOC101144634,piggyBac transposable element-derived protein 2,rna-XM_055381522.2,XM_055381522.2,NC_073224.2,-,2,5572319,5572382,64
connexin,Gorilla gorilla gorilla,project/data/references/connexins/Gorilla_gorilla_gorilla/GJB2__Q8MHW5.fasta,Q8MHW5,GJB2,gene-LOC101144634,LOC101144634,piggyBac transposable element-derived protein 2,rna-XM_055381522.2,XM_055381522.2,NC_073224.2,-,3,5584398,5584487,90
connexin,Gorilla gorilla gorilla,project/data/references/connexins/Gorilla_gorilla_gorilla/GJB2__Q8MHW5.fasta,Q8MHW5,GJB2,gene-LOC101144634,LOC101144634,piggyBac transposable element-derived protein 2,rna-XM_055381530.2,XM_055381530.2,NC_073224.2,-,1,5567034,5569581,2548
connexin,Gorilla gorilla gorilla,project/data/references/connexins/Gorilla_gorilla_gorilla/GJB2__Q8MHW5.fasta,Q8MHW5,GJB2,gene-LOC101144634,LOC101144634,piggyBac transposable element-derived protein 2,rna-XM_055381530.2,XM_055381530.2,NC_073224.2,-,2,5572319,5572382,64
connexin,Gorilla gorilla gorilla,project/data/references/connexins/Gorilla_gorilla_gorilla/GJB2__Q8MHW5.fasta,Q8MHW5,GJB2,gene-LOC101144634,LOC101144634,piggyBac transposable element-derived protein 2,rna-XM_055381530.2,XM_055381530.2,NC_073224.2,-,3,5577921,5578020,100
connexin,Gorilla gorilla gorilla,project/data/references/connexins/Gorilla_gorilla_gorilla/GJB2__Q8MHW5.fasta,Q8MHW5,GJB2,gene-LOC101144634,LOC101144634,piggyBac transposable element-derived protein 2,rna-XM_055381530.2,XM_055381530.2,NC_073224.2,-,4,5584389,5584473,85
connexin,Gorilla gorilla gorilla,project/data/references/connexins/Gorilla_gorilla_gorilla/GJB2__Q8MHW5.fasta,Q8MHW5,GJB2,gene-LOC101144634,LOC101144634,piggyBac transposable element-derived protein 2,rna-XM_063706863.1,XM_063706863.1,NC_073224.2,-,1,5567034,5569581,2548
connexin,Gorilla gorilla gorilla,project/data/references/connexins/Gorilla_gorilla_gorilla/GJB2__Q8MHW5.fasta,Q8MHW5,GJB2,gene-LOC101144634,LOC101144634,piggyBac transposable element-derived protein 2,rna-XM_063706863.1,XM_063706863.1,NC_073224.2,-,2,5570115,5570283,169
connexin,Gorilla gorilla gorilla,project/data/references/connexins/Gorilla_gorilla_gorilla/GJB2__Q8MHW5.fasta,Q8MHW5,GJB2,gene-LOC101144634,LOC101144634,piggyBac transposable element-derived protein 2,rna-XM_063706863.1,XM_063706863.1,NC_073224.2,-,3,5572319,5572382,64
connexin,Gorilla gorilla gorilla,project/data/references/connexins/Gorilla_gorilla_gorilla/GJB2__Q8MHW5.fasta,Q8MHW5,GJB2,gene-LOC101144634,LOC101144634,piggyBac transposable element-derived protein 2,rna-XM_063706863.1,XM_063706863.1,NC_073224.2,-,4,5577921,5578020,100
connexin,Gorilla gorilla gorilla,project/data/references/connexins/Gorilla_gorilla_gorilla/GJB2__Q8MHW5.fasta,Q8MHW5,GJB2,gene-LOC101144634,LOC101144634,piggyBac transposable element-derived protein 2,rna-XM_063706863.1,XM_063706863.1,NC_073224.2,-,5,5584389,5584473,85
connexin,Homo sapiens,project/data/references/connexins/Homo_sapiens/GJA10__Q969M2.fasta,Q969M2,GJA10,gene-GJA9,GJA9,gap junction protein alpha 9,rna-NM_030772.5,NM_030772.5,NC_000001.11,-,1,38874069,38876193,2125
connexin,Homo sapiens,project/data/references/connexins/Homo_sapiens/GJA10__Q969M2.fasta,Q969M2,GJA10,gene-GJA9,GJA9,gap junction protein alpha 9,rna-NM_030772.5,NM_030772.5,NC_000001.11,-,2,38881432,38881587,156
connexin,Homo sapiens,project/data/references/connexins/Homo_sapiens/GJA1__P17302.fasta,P17302,GJA1,gene-GJA1,GJA1,gap junction protein alpha 1,rna-NM_000165.5,NM_000165.5,NC_000006.12,+,1,121435646,121435832,187
connexin,Homo sapiens,project/data/references/connexins/Homo_sapiens/GJA1__P17302.fasta,P17302,GJA1,gene-GJA1,GJA1,gap junction protein alpha 1,rna-NM_000165.5,NM_000165.5,NC_000006.12,+,2,121446832,121449727,2896
connexin,Homo sapiens,project/data/references/connexins/Homo_sapiens/GJA3__Q9Y6H8.fasta,Q9Y6H8,GJA3,gene-GJA3,GJA3,gap junction protein alpha 3,rna-XM_011535048.3,XM_011535048.3,NC_000013.11,-,1,20138255,20143305,5051
connexin,Homo sapiens,project/data/references/connexins/Homo_sapiens/GJA3__Q9Y6H8.fasta,Q9Y6H8,GJA3,gene-GJA3,GJA3,gap junction protein alpha 3,rna-XM_011535048.3,XM_011535048.3,NC_000013.11,-,2,20161266,20161565,300
connexin,Homo sapiens,project/data/references/connexins/Homo_sapiens/GJA3__Q9Y6H8.fasta,Q9Y6H8,GJA3,gene-GJA3,GJA3,gap junction protein alpha 3,rna-NM_021954.4,NM_021954.4,NC_000013.11,-,1,20138255,20143305,5051
connexin,Homo sapiens,project/data/references/connexins/Homo_sapiens/GJA3__Q9Y6H8.fasta,Q9Y6H8,GJA3,gene-GJA3,GJA3,gap junction protein alpha 3,rna-NM_021954.4,NM_021954.4,NC_000013.11,-,2,20160890,20161052,163
connexin,Homo sapiens,project/data/references/connexins/Homo_sapiens/GJA4__P35212.fasta,P35212,GJA4,gene-GJA4,GJA4,gap junction protein alpha 4,rna-XM_017001043.3,XM_017001043.3,NC_000001.11,+,1,34792999,34793346,348
connexin,Homo sapiens,project/data/references/connexins/Homo_sapiens/GJA4__P35212.fasta,P35212,GJA4,gene-GJA4,GJA4,gap junction protein alpha 4,rna-XM_017001043.3,XM_017001043.3,NC_000001.11,+,2,34794197,34795747,1551
connexin,Homo sapiens,project/data/references/connexins/Homo_sapiens/GJA4__P35212.fasta,P35212,GJA4,gene-GJA4,GJA4,gap junction protein alpha 4,rna-XM_005270750.3,XM_005270750.3,NC_000001.11,+,1,34792999,34793068,70
connexin,Homo sapiens,project/data/references/connexins/Homo_sapiens/GJA4__P35212.fasta,P35212,GJA4,gene-GJA4,GJA4,gap junction protein alpha 4,rna-XM_005270750.3,XM_005270750.3,NC_000001.11,+,2,34794102,34795747,1646
connexin,Homo sapiens,project/data/references/connexins/Homo_sapiens/GJA4__P35212.fasta,P35212,GJA4,gene-GJA4,GJA4,gap junction protein alpha 4,rna-NM_002060.3,NM_002060.3,NC_000001.11,+,1,34792999,34793068,70
connexin,Homo sapiens,project/data/references/connexins/Homo_sapiens/GJA4__P35212.fasta,P35212,GJA4,gene-GJA4,GJA4,gap junction protein alpha 4,rna-NM_002060.3,NM_002060.3,NC_000001.11,+,2,34794197,34795747,1551
connexin,Homo sapiens,project/data/references/connexins/Homo_sapiens/GJA5__P36382.fasta,P36382,GJA5,gene-GJA5,GJA5,gap junction protein alpha 5,rna-NM_005266.7,NM_005266.7,NC_000001.11,-,1,147756199,147759271,3073
connexin,Homo sapiens,project/data/references/connexins/Homo_sapiens/GJA5__P36382.fasta,P36382,GJA5,gene-GJA5,GJA5,gap junction protein alpha 5,rna-NM_005266.7,NM_005266.7,NC_000001.11,-,2,147773252,147773351,100
connexin,Homo sapiens,project/data/references/connexins/Homo_sapiens/GJA5__P36382.fasta,P36382,GJA5,gene-GJA5,GJA5,gap junction protein alpha 5,rna-NM_181703.4,NM_181703.4,NC_000001.11,-,1,147756199,147759271,3073
connexin,Homo sapiens,project/data/references/connexins/Homo_sapiens/GJA5__P36382.fasta,P36382,GJA5,gene-GJA5,GJA5,gap junction protein alpha 5,rna-NM_181703.4,NM_181703.4,NC_000001.11,-,2,147760499,147760602,104
connexin,Homo sapiens,project/data/references/connexins/Homo_sapiens/GJA8__P48165.fasta,P48165,GJA8,gene-GJA8,GJA8,gap junction protein alpha 8,rna-NM_005267.5,NM_005267.5,NC_000001.11,+,1,147902795,147902861,67
connexin,Homo sapiens,project/data/references/connexins/Homo_sapiens/GJA8__P48165.fasta,P48165,GJA8,gene-GJA8,GJA8,gap junction protein alpha 8,rna-NM_005267.5,NM_005267.5,NC_000001.11,+,2,147907945,147909269,1325
connexin,Homo sapiens,project/data/references/connexins/Homo_sapiens/GJA8__P48165.fasta,P48165,GJA8,gene-GJA8,GJA8,gap junction protein alpha 8,rna-XM_011509417.3,XM_011509417.3,NC_000001.11,+,1,147907156,147909235,2080
connexin,Homo sapiens,project/data/references/connexins/Homo_sapiens/GJA8__P48165.fasta,P48165,GJA8,gene-GJA8,GJA8,gap junction protein alpha 8,rna-XM_011509417.3,XM_011509417.3,NC_000001.11,+,2,147911483,147914486,3004
connexin,Homo sapiens,project/data/references/connexins/Homo_sapiens/GJA9__P57773.fasta,P57773,GJA9,gene-GJA9,GJA9,gap junction protein alpha 9,rna-NM_030772.5,NM_030772.5,NC_000001.11,-,1,38874069,38876193,2125
connexin,Homo sapiens,project/data/references/connexins/Homo_sapiens/GJA9__P57773.fasta,P57773,GJA9,gene-GJA9,GJA9,gap junction protein alpha 9,rna-NM_030772.5,NM_030772.5,NC_000001.11,-,2,38881432,38881587,156
connexin,Homo sapiens,project/data/references/connexins/Homo_sapiens/GJB1__P08034.fasta,P08034,GJB1,gene-GJB1,GJB1,gap junction protein beta 1,rna-NM_001440770.1,NM_001440770.1,NC_000023.11,+,1,71215239,71215290,52
connexin,Homo sapiens,project/data/references/connexins/Homo_sapiens/GJB1__P08034.fasta,P08034,GJB1,gene-GJB1,GJB1,gap junction protein beta 1,rna-NM_001440770.1,NM_001440770.1,NC_000023.11,+,2,71222584,71222766,183
connexin,Homo sapiens,project/data/references/connexins/Homo_sapiens/GJB1__P08034.fasta,P08034,GJB1,gene-GJB1,GJB1,gap junction protein beta 1,rna-NM_001440770.1,NM_001440770.1,NC_000023.11,+,3,71223692,71225516,1825
connexin,Homo sapiens,project/data/references/connexins/Homo_sapiens/GJB1__P08034.fasta,P08034,GJB1,gene-GJB1,GJB1,gap junction protein beta 1,rna-NM_001097642.3,NM_001097642.3,NC_000023.11,+,1,71215239,71215290,52
connexin,Homo sapiens,project/data/references/connexins/Homo_sapiens/GJB1__P08034.fasta,P08034,GJB1,gene-GJB1,GJB1,gap junction protein beta 1,rna-NM_001097642.3,NM_001097642.3,NC_000023.11,+,2,71223692,71225516,1825
connexin,Homo sapiens,project/data/references/connexins/Homo_sapiens/GJB1__P08034.fasta,P08034,GJB1,gene-GJB1,GJB1,gap junction protein beta 1,rna-NM_000166.6,NM_000166.6,NC_000023.11,+,1,71223224,71223335,112
connexin,Homo sapiens,project/data/references/connexins/Homo_sapiens/GJB1__P08034.fasta,P08034,GJB1,gene-GJB1,GJB1,gap junction protein beta 1,rna-NM_000166.6,NM_000166.6,NC_000023.11,+,2,71223692,71225516,1825
connexin,Homo sapiens,project/data/references/connexins/Homo_sapiens/GJB2__P29033.fasta,P29033,GJB2,gene-NOC2L,NOC2L,NOC2 like nucleolar associated transcriptional repressor,rna-NM_015658.4,NM_015658.4,NC_000001.11,-,1,944203,944800,598
connexin,Homo sapiens,project/data/references/connexins/Homo_sapiens/GJB2__P29033.fasta,P29033,GJB2,gene-NOC2L,NOC2L,NOC2 like nucleolar associated transcriptional repressor,rna-NM_015658.4,NM_015658.4,NC_000001.11,-,2,945057,945146,90
connexin,Homo sapiens,project/data/references/connexins/Homo_sapiens/GJB2__P29033.fasta,P29033,GJB2,gene-NOC2L,NOC2L,NOC2 like nucleolar associated transcriptional repressor,rna-NM_015658.4,NM_015658.4,NC_000001.11,-,3,945518,945653,136
connexin,Homo sapiens,project/data/references/connexins/Homo_sapiens/GJB2__P29033.fasta,P29033,GJB2,gene-NOC2L,NOC2L,NOC2 like nucleolar associated transcriptional repressor,rna-NM_015658.4,NM_015658.4,NC_000001.11,-,4,946173,946286,114
connexin,Homo sapiens,project/data/references/connexins/Homo_sapiens/GJB2__P29033.fasta,P29033,GJB2,gene-NOC2L,NOC2L,NOC2 like nucleolar associated transcriptional repressor,rna-NM_015658.4,NM_015658.4,NC_000001.11,-,5,946402,946545,144
connexin,Homo sapiens,project/data/references/connexins/Homo_sapiens/GJB2__P29033.fasta,P29033,GJB2,gene-NOC2L,NOC2L,NOC2 like nucleolar associated transcriptional repressor,rna-NM_015658.4,NM_015658.4,NC_000001.11,-,6,948131,948232,102
connexin,Homo sapiens,project/data/references/connexins/Homo_sapiens/GJB2__P29033.fasta,P29033,GJB2,gene-NOC2L,NOC2L,NOC2 like nucleolar associated transcriptional repressor,rna-NM_015658.4,NM_015658.4,NC_000001.11,-,7,948490,948603,114
connexin,Homo sapiens,project/data/references/connexins/Homo_sapiens/GJB2__P29033.fasta,P29033,GJB2,gene-NOC2L,NOC2L,NOC2 like nucleolar associated transcriptional repressor,rna-NM_015658.4,NM_015658.4,NC_000001.11,-,8,951127,951238,112
connexin,Homo sapiens,project/data/references/connexins/Homo_sapiens/GJB2__P29033.fasta,P29033,GJB2,gene-NOC2L,NOC2L,NOC2 like nucleolar associated transcriptional repressor,rna-NM_015658.4,NM_015658.4,NC_000001.11,-,9,952000,952139,140
connexin,Homo sapiens,project/data/references/connexins/Homo_sapiens/GJB2__P29033.fasta,P29033,GJB2,gene-NOC2L,NOC2L,NOC2 like nucleolar associated transcriptional repressor,rna-NM_015658.4,NM_015658.4,NC_000001.11,-,10,952412,952600,189
connexin,Homo sapiens,project/data/references/connexins/Homo_sapiens/GJB2__P29033.fasta,P29033,GJB2,gene-NOC2L,NOC2L,NOC2 like nucleolar associated transcriptional repressor,rna-NM_015658.4,NM_015658.4,NC_000001.11,-,11,953175,953288,114
connexin,Homo sapiens,project/data/references/connexins/Homo_sapiens/GJB2__P29033.fasta,P29033,GJB2,gene-NOC2L,NOC2L,NOC2 like nucleolar associated transcriptional repressor,rna-NM_015658.4,NM_015658.4,NC_000001.11,-,12,953782,953892,111
connexin,Homo sapiens,project/data/references/connexins/Homo_sapiens/GJB2__P29033.fasta,P29033,GJB2,gene-NOC2L,NOC2L,NOC2 like nucleolar associated transcriptional repressor,rna-NM_015658.4,NM_015658.4,NC_000001.11,-,13,954004,954082,79
connexin,Homo sapiens,project/data/references/connexins/Homo_sapiens/GJB2__P29033.fasta,P29033,GJB2,gene-NOC2L,NOC2L,NOC2 like nucleolar associated transcriptional repressor,rna-NM_015658.4,NM_015658.4,NC_000001.11,-,14,955923,956013,91
connexin,Homo sapiens,project/data/references/connexins/Homo_sapiens/GJB2__P29033.fasta,P29033,GJB2,gene-NOC2L,NOC2L,NOC2 like nucleolar associated transcriptional repressor,rna-NM_015658.4,NM_015658.4,NC_000001.11,-,15,956095,956215,121
connexin,Homo sapiens,project/data/references/connexins/Homo_sapiens/GJB2__P29033.fasta,P29033,GJB2,gene-NOC2L,NOC2L,NOC2 like nucleolar associated transcriptional repressor,rna-NM_015658.4,NM_015658.4,NC_000001.11,-,16,956894,957025,132
connexin,Homo sapiens,project/data/references/connexins/Homo_sapiens/GJB2__P29033.fasta,P29033,GJB2,gene-NOC2L,NOC2L,NOC2 like nucleolar associated transcriptional repressor,rna-NM_015658.4,NM_015658.4,NC_000001.11,-,17,957099,957273,175
connexin,Homo sapiens,project/data/references/connexins/Homo_sapiens/GJB2__P29033.fasta,P29033,GJB2,gene-NOC2L,NOC2L,NOC2 like nucleolar associated transcriptional repressor,rna-NM_015658.4,NM_015658.4,NC_000001.11,-,18,958929,959081,153
connexin,Homo sapiens,project/data/references/connexins/Homo_sapiens/GJB2__P29033.fasta,P29033,GJB2,gene-NOC2L,NOC2L,NOC2 like nucleolar associated transcriptional repressor,rna-NM_015658.4,NM_015658.4,NC_000001.11,-,19,959215,959256,42
connexin,Homo sapiens,project/data/references/connexins/Homo_sapiens/GJB3__O75712.fasta,O75712,GJB3,gene-GJB3,GJB3,gap junction protein beta 3,rna-NM_024009.3,NM_024009.3,NC_000001.11,+,1,34781214,34781778,565
connexin,Homo sapiens,project/data/references/connexins/Homo_sapiens/GJB3__O75712.fasta,O75712,GJB3,gene-GJB3,GJB3,gap junction protein beta 3,rna-NM_024009.3,NM_024009.3,NC_000001.11,+,2,34784738,34786364,1627
connexin,Homo sapiens,project/data/references/connexins/Homo_sapiens/GJB3__O75712.fasta,O75712,GJB3,gene-GJB3,GJB3,gap junction protein beta 3,rna-NM_001005752.2,NM_001005752.2,NC_000001.11,+,1,34782268,34782442,175
connexin,Homo sapiens,project/data/references/connexins/Homo_sapiens/GJB3__O75712.fasta,O75712,GJB3,gene-GJB3,GJB3,gap junction protein beta 3,rna-NM_001005752.2,NM_001005752.2,NC_000001.11,+,2,34784738,34786364,1627
connexin,Homo sapiens,project/data/references/connexins/Homo_sapiens/GJB4__Q9NTQ9.fasta,Q9NTQ9,GJB4,gene-GJB4,GJB4,gap junction protein beta 4,rna-NM_153212.3,NM_153212.3,NC_000001.11,+,1,34759740,34759788,49
connexin,Homo sapiens,project/data/references/connexins/Homo_sapiens/GJB4__Q9NTQ9.fasta,Q9NTQ9,GJB4,gene-GJB4,GJB4,gap junction protein beta 4,rna-NM_153212.3,NM_153212.3,NC_000001.11,+,2,34760933,34762327,1395
connexin,Homo sapiens,project/data/references/connexins/Homo_sapiens/GJB4__Q9NTQ9.fasta,Q9NTQ9,GJB4,gene-GJB4,GJB4,gap junction protein beta 4,rna-XM_011540679.3,XM_011540679.3,NC_000001.11,+,1,34759854,34760135,282
connexin,Homo sapiens,project/data/references/connexins/Homo_sapiens/GJB4__Q9NTQ9.fasta,Q9NTQ9,GJB4,gene-GJB4,GJB4,gap junction protein beta 4,rna-XM_011540679.3,XM_011540679.3,NC_000001.11,+,2,34760933,34762327,1395
connexin,Homo sapiens,project/data/references/connexins/Homo_sapiens/GJB5__O95377.fasta,O95377,GJB5,gene-OR4F5,OR4F5,olfactory receptor family 4 subfamily F member 5,rna-NM_001005484.2,NM_001005484.2,NC_000001.11,+,1,65419,65433,15
connexin,Homo sapiens,project/data/references/connexins/Homo_sapiens/GJB5__O95377.fasta,O95377,GJB5,gene-OR4F5,OR4F5,olfactory receptor family 4 subfamily F member 5,rna-NM_001005484.2,NM_001005484.2,NC_000001.11,+,2,65520,65573,54
connexin,Homo sapiens,project/data/references/connexins/Homo_sapiens/GJB5__O95377.fasta,O95377,GJB5,gene-OR4F5,OR4F5,olfactory receptor family 4 subfamily F member 5,rna-NM_001005484.2,NM_001005484.2,NC_000001.11,+,3,69037,71585,2549
connexin,Homo sapiens,project/data/references/connexins/Homo_sapiens/GJB6__O95452.fasta,O95452,GJB6,gene-GJB6,GJB6,gap junction protein beta 6,rna-NM_001110221.3,NM_001110221.3,NC_000013.11,-,1,20221962,20223495,1534
connexin,Homo sapiens,project/data/references/connexins/Homo_sapiens/GJB6__O95452.fasta,O95452,GJB6,gene-GJB6,GJB6,gap junction protein beta 6,rna-NM_001110221.3,NM_001110221.3,NC_000013.11,-,2,20229580,20229749,170
connexin,Homo sapiens,project/data/references/connexins/Homo_sapiens/GJB6__O95452.fasta,O95452,GJB6,gene-GJB6,GJB6,gap junction protein beta 6,rna-NM_001110221.3,NM_001110221.3,NC_000013.11,-,3,20232194,20232319,126
connexin,Homo sapiens,project/data/references/connexins/Homo_sapiens/GJB6__O95452.fasta,O95452,GJB6,gene-GJB6,GJB6,gap junction protein beta 6,rna-XM_047430056.1,XM_047430056.1,NC_000013.11,-,1,20221962,20223495,1534
connexin,Homo sapiens,project/data/references/connexins/Homo_sapiens/GJB6__O95452.fasta,O95452,GJB6,gene-GJB6,GJB6,gap junction protein beta 6,rna-XM_047430056.1,XM_047430056.1,NC_000013.11,-,2,20229580,20229749,170
connexin,Homo sapiens,project/data/references/connexins/Homo_sapiens/GJB6__O95452.fasta,O95452,GJB6,gene-GJB6,GJB6,gap junction protein beta 6,rna-XM_047430056.1,XM_047430056.1,NC_000013.11,-,3,20230698,20230807,110
connexin,Homo sapiens,project/data/references/connexins/Homo_sapiens/GJB6__O95452.fasta,O95452,GJB6,gene-GJB6,GJB6,gap junction protein beta 6,rna-XM_047430056.1,XM_047430056.1,NC_000013.11,-,4,20232194,20232319,126
connexin,Homo sapiens,project/data/references/connexins/Homo_sapiens/GJB6__O95452.fasta,O95452,GJB6,gene-GJB6,GJB6,gap junction protein beta 6,rna-NM_001370091.1,NM_001370091.1,NC_000013.11,-,1,20221962,20223495,1534
connexin,Homo sapiens,project/data/references/connexins/Homo_sapiens/GJB6__O95452.fasta,O95452,GJB6,gene-GJB6,GJB6,gap junction protein beta 6,rna-NM_001370091.1,NM_001370091.1,NC_000013.11,-,2,20229580,20229749,170
connexin,Homo sapiens,project/data/references/connexins/Homo_sapiens/GJB6__O95452.fasta,O95452,GJB6,gene-GJB6,GJB6,gap junction protein beta 6,rna-NM_001370091.1,NM_001370091.1,NC_000013.11,-,3,20231382,20231492,111
connexin,Homo sapiens,project/data/references/connexins/Homo_sapiens/GJB6__O95452.fasta,O95452,GJB6,gene-GJB6,GJB6,gap junction protein beta 6,rna-NM_001370091.1,NM_001370091.1,NC_000013.11,-,4,20232194,20232319,126
connexin,Homo sapiens,project/data/references/connexins/Homo_sapiens/GJB6__O95452.fasta,O95452,GJB6,gene-GJB6,GJB6,gap junction protein beta 6,rna-NM_001110220.3,NM_001110220.3,NC_000013.11,-,1,20221962,20223495,1534
connexin,Homo sapiens,project/data/references/connexins/Homo_sapiens/GJB6__O95452.fasta,O95452,GJB6,gene-GJB6,GJB6,gap junction protein beta 6,rna-NM_001110220.3,NM_001110220.3,NC_000013.11,-,2,20229580,20229749,170
connexin,Homo sapiens,project/data/references/connexins/Homo_sapiens/GJB6__O95452.fasta,O95452,GJB6,gene-GJB6,GJB6,gap junction protein beta 6,rna-NM_001110220.3,NM_001110220.3,NC_000013.11,-,3,20231382,20231505,124
connexin,Homo sapiens,project/data/references/connexins/Homo_sapiens/GJB6__O95452.fasta,O95452,GJB6,gene-GJB6,GJB6,gap junction protein beta 6,rna-NM_001110220.3,NM_001110220.3,NC_000013.11,-,4,20232194,20232319,126
connexin,Homo sapiens,project/data/references/connexins/Homo_sapiens/GJB6__O95452.fasta,O95452,GJB6,gene-GJB6,GJB6,gap junction protein beta 6,rna-NM_001110219.3,NM_001110219.3,NC_000013.11,-,1,20221962,20223495,1534
connexin,Homo sapiens,project/data/references/connexins/Homo_sapiens/GJB6__O95452.fasta,O95452,GJB6,gene-GJB6,GJB6,gap junction protein beta 6,rna-NM_001110219.3,NM_001110219.3,NC_000013.11,-,2,20229580,20229749,170
connexin,Homo sapiens,project/data/references/connexins/Homo_sapiens/GJB6__O95452.fasta,O95452,GJB6,gene-GJB6,GJB6,gap junction protein beta 6,rna-NM_001110219.3,NM_001110219.3,NC_000013.11,-,3,20230698,20230807,110
connexin,Homo sapiens,project/data/references/connexins/Homo_sapiens/GJB6__O95452.fasta,O95452,GJB6,gene-GJB6,GJB6,gap junction protein beta 6,rna-NM_001110219.3,NM_001110219.3,NC_000013.11,-,4,20231382,20231505,124
connexin,Homo sapiens,project/data/references/connexins/Homo_sapiens/GJB6__O95452.fasta,O95452,GJB6,gene-GJB6,GJB6,gap junction protein beta 6,rna-NM_001110219.3,NM_001110219.3,NC_000013.11,-,5,20232194,20232319,126
connexin,Homo sapiens,project/data/references/connexins/Homo_sapiens/GJB6__O95452.fasta,O95452,GJB6,gene-GJB6,GJB6,gap junction protein beta 6,rna-NM_001370090.1,NM_001370090.1,NC_000013.11,-,1,20221962,20223495,1534
connexin,Homo sapiens,project/data/references/connexins/Homo_sapiens/GJB6__O95452.fasta,O95452,GJB6,gene-GJB6,GJB6,gap junction protein beta 6,rna-NM_001370090.1,NM_001370090.1,NC_000013.11,-,2,20229580,20229749,170
connexin,Homo sapiens,project/data/references/connexins/Homo_sapiens/GJB6__O95452.fasta,O95452,GJB6,gene-GJB6,GJB6,gap junction protein beta 6,rna-NM_001370090.1,NM_001370090.1,NC_000013.11,-,3,20230698,20230813,116
connexin,Homo sapiens,project/data/references/connexins/Homo_sapiens/GJB6__O95452.fasta,O95452,GJB6,gene-GJB6,GJB6,gap junction protein beta 6,rna-NM_001370090.1,NM_001370090.1,NC_000013.11,-,4,20231382,20231505,124
connexin,Homo sapiens,project/data/references/connexins/Homo_sapiens/GJB6__O95452.fasta,O95452,GJB6,gene-GJB6,GJB6,gap junction protein beta 6,rna-NM_001370090.1,NM_001370090.1,NC_000013.11,-,5,20232194,20232319,126
connexin,Homo sapiens,project/data/references/connexins/Homo_sapiens/GJB6__O95452.fasta,O95452,GJB6,gene-GJB6,GJB6,gap junction protein beta 6,rna-NM_001370092.1,NM_001370092.1,NC_000013.11,-,1,20221962,20223495,1534
connexin,Homo sapiens,project/data/references/connexins/Homo_sapiens/GJB6__O95452.fasta,O95452,GJB6,gene-GJB6,GJB6,gap junction protein beta 6,rna-NM_001370092.1,NM_001370092.1,NC_000013.11,-,2,20229580,20229749,170
connexin,Homo sapiens,project/data/references/connexins/Homo_sapiens/GJB6__O95452.fasta,O95452,GJB6,gene-GJB6,GJB6,gap junction protein beta 6,rna-NM_001370092.1,NM_001370092.1,NC_000013.11,-,3,20230698,20230807,110
connexin,Homo sapiens,project/data/references/connexins/Homo_sapiens/GJB6__O95452.fasta,O95452,GJB6,gene-GJB6,GJB6,gap junction protein beta 6,rna-NM_001370092.1,NM_001370092.1,NC_000013.11,-,4,20231382,20231505,124
connexin,Homo sapiens,project/data/references/connexins/Homo_sapiens/GJB6__O95452.fasta,O95452,GJB6,gene-GJB6,GJB6,gap junction protein beta 6,rna-NM_001370092.1,NM_001370092.1,NC_000013.11,-,5,20232097,20232319,223
connexin,Homo sapiens,project/data/references/connexins/Homo_sapiens/GJB6__O95452.fasta,O95452,GJB6,gene-GJB6,GJB6,gap junction protein beta 6,rna-NM_006783.5,NM_006783.5,NC_000013.11,-,1,20221962,20223495,1534
connexin,Homo sapiens,project/data/references/connexins/Homo_sapiens/GJB6__O95452.fasta,O95452,GJB6,gene-GJB6,GJB6,gap junction protein beta 6,rna-NM_006783.5,NM_006783.5,NC_000013.11,-,2,20229580,20229749,170
connexin,Homo sapiens,project/data/references/connexins/Homo_sapiens/GJB6__O95452.fasta,O95452,GJB6,gene-GJB6,GJB6,gap junction protein beta 6,rna-NM_006783.5,NM_006783.5,NC_000013.11,-,3,20230866,20230978,113
connexin,Homo sapiens,project/data/references/connexins/Homo_sapiens/GJB6__O95452.fasta,O95452,GJB6,gene-GJB6,GJB6,gap junction protein beta 6,rna-XM_047430057.1,XM_047430057.1,NC_000013.11,-,1,20221962,20223495,1534
connexin,Homo sapiens,project/data/references/connexins/Homo_sapiens/GJB6__O95452.fasta,O95452,GJB6,gene-GJB6,GJB6,gap junction protein beta 6,rna-XM_047430057.1,XM_047430057.1,NC_000013.11,-,2,20229580,20229749,170
connexin,Homo sapiens,project/data/references/connexins/Homo_sapiens/GJB6__O95452.fasta,O95452,GJB6,gene-GJB6,GJB6,gap junction protein beta 6,rna-XM_047430057.1,XM_047430057.1,NC_000013.11,-,3,20230698,20230859,162
connexin,Homo sapiens,project/data/references/connexins/Homo_sapiens/GJB7__Q6PEY0.fasta,Q6PEY0,GJB7,gene-GJB7,GJB7,gap junction protein beta 7,rna-NM_198568.3,NM_198568.3,NC_000006.12,-,1,87282980,87284939,1960
connexin,Homo sapiens,project/data/references/connexins/Homo_sapiens/GJB7__Q6PEY0.fasta,Q6PEY0,GJB7,gene-GJB7,GJB7,gap junction protein beta 7,rna-NM_198568.3,NM_198568.3,NC_000006.12,-,2,87322866,87323043,178
connexin,Homo sapiens,project/data/references/connexins/Homo_sapiens/GJB7__Q6PEY0.fasta,Q6PEY0,GJB7,gene-GJB7,GJB7,gap junction protein beta 7,rna-NM_198568.3,NM_198568.3,NC_000006.12,-,3,87329138,87329278,141
connexin,Homo sapiens,project/data/references/connexins/Homo_sapiens/GJC1__P36383.fasta,P36383,GJC1,gene-GJD3,GJD3,gap junction protein delta 3,rna-NM_152219.4,NM_152219.4,NC_000017.11,-,1,40360652,40364737,4086
connexin,Homo sapiens,project/data/references/connexins/Homo_sapiens/GJC2__Q5T442.fasta,Q5T442,GJC2,gene-NOC2L,NOC2L,NOC2 like nucleolar associated transcriptional repressor,rna-NM_015658.4,NM_015658.4,NC_000001.11,-,1,944203,944800,598
connexin,Homo sapiens,project/data/references/connexins/Homo_sapiens/GJC2__Q5T442.fasta,Q5T442,GJC2,gene-NOC2L,NOC2L,NOC2 like nucleolar associated transcriptional repressor,rna-NM_015658.4,NM_015658.4,NC_000001.11,-,2,945057,945146,90
connexin,Homo sapiens,project/data/references/connexins/Homo_sapiens/GJC2__Q5T442.fasta,Q5T442,GJC2,gene-NOC2L,NOC2L,NOC2 like nucleolar associated transcriptional repressor,rna-NM_015658.4,NM_015658.4,NC_000001.11,-,3,945518,945653,136
connexin,Homo sapiens,project/data/references/connexins/Homo_sapiens/GJC2__Q5T442.fasta,Q5T442,GJC2,gene-NOC2L,NOC2L,NOC2 like nucleolar associated transcriptional repressor,rna-NM_015658.4,NM_015658.4,NC_000001.11,-,4,946173,946286,114
connexin,Homo sapiens,project/data/references/connexins/Homo_sapiens/GJC2__Q5T442.fasta,Q5T442,GJC2,gene-NOC2L,NOC2L,NOC2 like nucleolar associated transcriptional repressor,rna-NM_015658.4,NM_015658.4,NC_000001.11,-,5,946402,946545,144
connexin,Homo sapiens,project/data/references/connexins/Homo_sapiens/GJC2__Q5T442.fasta,Q5T442,GJC2,gene-NOC2L,NOC2L,NOC2 like nucleolar associated transcriptional repressor,rna-NM_015658.4,NM_015658.4,NC_000001.11,-,6,948131,948232,102
connexin,Homo sapiens,project/data/references/connexins/Homo_sapiens/GJC2__Q5T442.fasta,Q5T442,GJC2,gene-NOC2L,NOC2L,NOC2 like nucleolar associated transcriptional repressor,rna-NM_015658.4,NM_015658.4,NC_000001.11,-,7,948490,948603,114
connexin,Homo sapiens,project/data/references/connexins/Homo_sapiens/GJC2__Q5T442.fasta,Q5T442,GJC2,gene-NOC2L,NOC2L,NOC2 like nucleolar associated transcriptional repressor,rna-NM_015658.4,NM_015658.4,NC_000001.11,-,8,951127,951238,112
connexin,Homo sapiens,project/data/references/connexins/Homo_sapiens/GJC2__Q5T442.fasta,Q5T442,GJC2,gene-NOC2L,NOC2L,NOC2 like nucleolar associated transcriptional repressor,rna-NM_015658.4,NM_015658.4,NC_000001.11,-,9,952000,952139,140
connexin,Homo sapiens,project/data/references/connexins/Homo_sapiens/GJC2__Q5T442.fasta,Q5T442,GJC2,gene-NOC2L,NOC2L,NOC2 like nucleolar associated transcriptional repressor,rna-NM_015658.4,NM_015658.4,NC_000001.11,-,10,952412,952600,189
connexin,Homo sapiens,project/data/references/connexins/Homo_sapiens/GJC2__Q5T442.fasta,Q5T442,GJC2,gene-NOC2L,NOC2L,NOC2 like nucleolar associated transcriptional repressor,rna-NM_015658.4,NM_015658.4,NC_000001.11,-,11,953175,953288,114
connexin,Homo sapiens,project/data/references/connexins/Homo_sapiens/GJC2__Q5T442.fasta,Q5T442,GJC2,gene-NOC2L,NOC2L,NOC2 like nucleolar associated transcriptional repressor,rna-NM_015658.4,NM_015658.4,NC_000001.11,-,12,953782,953892,111
connexin,Homo sapiens,project/data/references/connexins/Homo_sapiens/GJC2__Q5T442.fasta,Q5T442,GJC2,gene-NOC2L,NOC2L,NOC2 like nucleolar associated transcriptional repressor,rna-NM_015658.4,NM_015658.4,NC_000001.11,-,13,954004,954082,79
connexin,Homo sapiens,project/data/references/connexins/Homo_sapiens/GJC2__Q5T442.fasta,Q5T442,GJC2,gene-NOC2L,NOC2L,NOC2 like nucleolar associated transcriptional repressor,rna-NM_015658.4,NM_015658.4,NC_000001.11,-,14,955923,956013,91
connexin,Homo sapiens,project/data/references/connexins/Homo_sapiens/GJC2__Q5T442.fasta,Q5T442,GJC2,gene-NOC2L,NOC2L,NOC2 like nucleolar associated transcriptional repressor,rna-NM_015658.4,NM_015658.4,NC_000001.11,-,15,956095,956215,121
connexin,Homo sapiens,project/data/references/connexins/Homo_sapiens/GJC2__Q5T442.fasta,Q5T442,GJC2,gene-NOC2L,NOC2L,NOC2 like nucleolar associated transcriptional repressor,rna-NM_015658.4,NM_015658.4,NC_000001.11,-,16,956894,957025,132
connexin,Homo sapiens,project/data/references/connexins/Homo_sapiens/GJC2__Q5T442.fasta,Q5T442,GJC2,gene-NOC2L,NOC2L,NOC2 like nucleolar associated transcriptional repressor,rna-NM_015658.4,NM_015658.4,NC_000001.11,-,17,957099,957273,175
connexin,Homo sapiens,project/data/references/connexins/Homo_sapiens/GJC2__Q5T442.fasta,Q5T442,GJC2,gene-NOC2L,NOC2L,NOC2 like nucleolar associated transcriptional repressor,rna-NM_015658.4,NM_015658.4,NC_000001.11,-,18,958929,959081,153
connexin,Homo sapiens,project/data/references/connexins/Homo_sapiens/GJC2__Q5T442.fasta,Q5T442,GJC2,gene-NOC2L,NOC2L,NOC2 like nucleolar associated transcriptional repressor,rna-NM_015658.4,NM_015658.4,NC_000001.11,-,19,959215,959256,42
connexin,Homo sapiens,project/data/references/connexins/Homo_sapiens/GJC3__Q8NFK1.fasta,Q8NFK1,GJC3,gene-GJC3,GJC3,gap junction protein gamma 3,rna-XM_047420329.1,XM_047420329.1,NC_000007.14,-,1,99923266,99923603,338
connexin,Homo sapiens,project/data/references/connexins/Homo_sapiens/GJC3__Q8NFK1.fasta,Q8NFK1,GJC3,gene-GJC3,GJC3,gap junction protein gamma 3,rna-XM_047420329.1,XM_047420329.1,NC_000007.14,-,2,99928840,99928914,75
connexin,Homo sapiens,project/data/references/connexins/Homo_sapiens/GJC3__Q8NFK1.fasta,Q8NFK1,GJC3,gene-GJC3,GJC3,gap junction protein gamma 3,rna-XM_047420329.1,XM_047420329.1,NC_000007.14,-,3,99929381,99930747,1367
connexin,Homo sapiens,project/data/references/connexins/Homo_sapiens/GJC3__Q8NFK1.fasta,Q8NFK1,GJC3,gene-GJC3,GJC3,gap junction protein gamma 3,rna-NM_181538.3,NM_181538.3,NC_000007.14,-,1,99923266,99923603,338
connexin,Homo sapiens,project/data/references/connexins/Homo_sapiens/GJC3__Q8NFK1.fasta,Q8NFK1,GJC3,gene-GJC3,GJC3,gap junction protein gamma 3,rna-NM_181538.3,NM_181538.3,NC_000007.14,-,2,99928840,99929620,781
connexin,Homo sapiens,project/data/references/connexins/Homo_sapiens/GJD2__Q9UKL4.fasta,Q9UKL4,GJD2,gene-NOC2L,NOC2L,NOC2 like nucleolar associated transcriptional repressor,rna-NM_015658.4,NM_015658.4,NC_000001.11,-,1,944203,944800,598
connexin,Homo sapiens,project/data/references/connexins/Homo_sapiens/GJD2__Q9UKL4.fasta,Q9UKL4,GJD2,gene-NOC2L,NOC2L,NOC2 like nucleolar associated transcriptional repressor,rna-NM_015658.4,NM_015658.4,NC_000001.11,-,2,945057,945146,90
connexin,Homo sapiens,project/data/references/connexins/Homo_sapiens/GJD2__Q9UKL4.fasta,Q9UKL4,GJD2,gene-NOC2L,NOC2L,NOC2 like nucleolar associated transcriptional repressor,rna-NM_015658.4,NM_015658.4,NC_000001.11,-,3,945518,945653,136
connexin,Homo sapiens,project/data/references/connexins/Homo_sapiens/GJD2__Q9UKL4.fasta,Q9UKL4,GJD2,gene-NOC2L,NOC2L,NOC2 like nucleolar associated transcriptional repressor,rna-NM_015658.4,NM_015658.4,NC_000001.11,-,4,946173,946286,114
connexin,Homo sapiens,project/data/references/connexins/Homo_sapiens/GJD2__Q9UKL4.fasta,Q9UKL4,GJD2,gene-NOC2L,NOC2L,NOC2 like nucleolar associated transcriptional repressor,rna-NM_015658.4,NM_015658.4,NC_000001.11,-,5,946402,946545,144
connexin,Homo sapiens,project/data/references/connexins/Homo_sapiens/GJD2__Q9UKL4.fasta,Q9UKL4,GJD2,gene-NOC2L,NOC2L,NOC2 like nucleolar associated transcriptional repressor,rna-NM_015658.4,NM_015658.4,NC_000001.11,-,6,948131,948232,102
connexin,Homo sapiens,project/data/references/connexins/Homo_sapiens/GJD2__Q9UKL4.fasta,Q9UKL4,GJD2,gene-NOC2L,NOC2L,NOC2 like nucleolar associated transcriptional repressor,rna-NM_015658.4,NM_015658.4,NC_000001.11,-,7,948490,948603,114
connexin,Homo sapiens,project/data/references/connexins/Homo_sapiens/GJD2__Q9UKL4.fasta,Q9UKL4,GJD2,gene-NOC2L,NOC2L,NOC2 like nucleolar associated transcriptional repressor,rna-NM_015658.4,NM_015658.4,NC_000001.11,-,8,951127,951238,112
connexin,Homo sapiens,project/data/references/connexins/Homo_sapiens/GJD2__Q9UKL4.fasta,Q9UKL4,GJD2,gene-NOC2L,NOC2L,NOC2 like nucleolar associated transcriptional repressor,rna-NM_015658.4,NM_015658.4,NC_000001.11,-,9,952000,952139,140
connexin,Homo sapiens,project/data/references/connexins/Homo_sapiens/GJD2__Q9UKL4.fasta,Q9UKL4,GJD2,gene-NOC2L,NOC2L,NOC2 like nucleolar associated transcriptional repressor,rna-NM_015658.4,NM_015658.4,NC_000001.11,-,10,952412,952600,189
connexin,Homo sapiens,project/data/references/connexins/Homo_sapiens/GJD2__Q9UKL4.fasta,Q9UKL4,GJD2,gene-NOC2L,NOC2L,NOC2 like nucleolar associated transcriptional repressor,rna-NM_015658.4,NM_015658.4,NC_000001.11,-,11,953175,953288,114
connexin,Homo sapiens,project/data/references/connexins/Homo_sapiens/GJD2__Q9UKL4.fasta,Q9UKL4,GJD2,gene-NOC2L,NOC2L,NOC2 like nucleolar associated transcriptional repressor,rna-NM_015658.4,NM_015658.4,NC_000001.11,-,12,953782,953892,111
connexin,Homo sapiens,project/data/references/connexins/Homo_sapiens/GJD2__Q9UKL4.fasta,Q9UKL4,GJD2,gene-NOC2L,NOC2L,NOC2 like nucleolar associated transcriptional repressor,rna-NM_015658.4,NM_015658.4,NC_000001.11,-,13,954004,954082,79
connexin,Homo sapiens,project/data/references/connexins/Homo_sapiens/GJD2__Q9UKL4.fasta,Q9UKL4,GJD2,gene-NOC2L,NOC2L,NOC2 like nucleolar associated transcriptional repressor,rna-NM_015658.4,NM_015658.4,NC_000001.11,-,14,955923,956013,91
connexin,Homo sapiens,project/data/references/connexins/Homo_sapiens/GJD2__Q9UKL4.fasta,Q9UKL4,GJD2,gene-NOC2L,NOC2L,NOC2 like nucleolar associated transcriptional repressor,rna-NM_015658.4,NM_015658.4,NC_000001.11,-,15,956095,956215,121
connexin,Homo sapiens,project/data/references/connexins/Homo_sapiens/GJD2__Q9UKL4.fasta,Q9UKL4,GJD2,gene-NOC2L,NOC2L,NOC2 like nucleolar associated transcriptional repressor,rna-NM_015658.4,NM_015658.4,NC_000001.11,-,16,956894,957025,132
connexin,Homo sapiens,project/data/references/connexins/Homo_sapiens/GJD2__Q9UKL4.fasta,Q9UKL4,GJD2,gene-NOC2L,NOC2L,NOC2 like nucleolar associated transcriptional repressor,rna-NM_015658.4,NM_015658.4,NC_000001.11,-,17,957099,957273,175
connexin,Homo sapiens,project/data/references/connexins/Homo_sapiens/GJD2__Q9UKL4.fasta,Q9UKL4,GJD2,gene-NOC2L,NOC2L,NOC2 like nucleolar associated transcriptional repressor,rna-NM_015658.4,NM_015658.4,NC_000001.11,-,18,958929,959081,153
connexin,Homo sapiens,project/data/references/connexins/Homo_sapiens/GJD2__Q9UKL4.fasta,Q9UKL4,GJD2,gene-NOC2L,NOC2L,NOC2 like nucleolar associated transcriptional repressor,rna-NM_015658.4,NM_015658.4,NC_000001.11,-,19,959215,959256,42
connexin,Homo sapiens,project/data/references/connexins/Homo_sapiens/GJD3__Q8N144.fasta,Q8N144,GJD3,gene-ACAP3,ACAP3,ArfGAP with coiled-coil%2C ankyrin repeat and PH domains 3,rna-XM_005244715.3,XM_005244715.3,NC_000001.11,-,1,1292391,1293708,1318
connexin,Homo sapiens,project/data/references/connexins/Homo_sapiens/GJD3__Q8N144.fasta,Q8N144,GJD3,gene-ACAP3,ACAP3,ArfGAP with coiled-coil%2C ankyrin repeat and PH domains 3,rna-XM_005244715.3,XM_005244715.3,NC_000001.11,-,2,1293823,1293933,111
connexin,Homo sapiens,project/data/references/connexins/Homo_sapiens/GJD3__Q8N144.fasta,Q8N144,GJD3,gene-ACAP3,ACAP3,ArfGAP with coiled-coil%2C ankyrin repeat and PH domains 3,rna-XM_005244715.3,XM_005244715.3,NC_000001.11,-,3,1294090,1294199,110
connexin,Homo sapiens,project/data/references/connexins/Homo_sapiens/GJD3__Q8N144.fasta,Q8N144,GJD3,gene-ACAP3,ACAP3,ArfGAP with coiled-coil%2C ankyrin repeat and PH domains 3,rna-XM_005244715.3,XM_005244715.3,NC_000001.11,-,4,1294402,1294628,227
connexin,Homo sapiens,project/data/references/connexins/Homo_sapiens/GJD3__Q8N144.fasta,Q8N144,GJD3,gene-ACAP3,ACAP3,ArfGAP with coiled-coil%2C ankyrin repeat and PH domains 3,rna-XM_005244715.3,XM_005244715.3,NC_000001.11,-,5,1295447,1295554,108
connexin,Homo sapiens,project/data/references/connexins/Homo_sapiens/GJD3__Q8N144.fasta,Q8N144,GJD3,gene-ACAP3,ACAP3,ArfGAP with coiled-coil%2C ankyrin repeat and PH domains 3,rna-XM_005244715.3,XM_005244715.3,NC_000001.11,-,6,1295736,1295938,203
connexin,Homo sapiens,project/data/references/connexins/Homo_sapiens/GJD3__Q8N144.fasta,Q8N144,GJD3,gene-ACAP3,ACAP3,ArfGAP with coiled-coil%2C ankyrin repeat and PH domains 3,rna-XM_005244715.3,XM_005244715.3,NC_000001.11,-,7,1296015,1296109,95
connexin,Homo sapiens,project/data/references/connexins/Homo_sapiens/GJD3__Q8N144.fasta,Q8N144,GJD3,gene-ACAP3,ACAP3,ArfGAP with coiled-coil%2C ankyrin repeat and PH domains 3,rna-XM_005244715.3,XM_005244715.3,NC_000001.11,-,8,1296211,1296280,70
connexin,Homo sapiens,project/data/references/connexins/Homo_sapiens/GJD3__Q8N144.fasta,Q8N144,GJD3,gene-ACAP3,ACAP3,ArfGAP with coiled-coil%2C ankyrin repeat and PH domains 3,rna-XM_005244715.3,XM_005244715.3,NC_000001.11,-,9,1296425,1296633,209
connexin,Homo sapiens,project/data/references/connexins/Homo_sapiens/GJD3__Q8N144.fasta,Q8N144,GJD3,gene-ACAP3,ACAP3,ArfGAP with coiled-coil%2C ankyrin repeat and PH domains 3,rna-XM_005244715.3,XM_005244715.3,NC_000001.11,-,10,1297822,1297933,112
connexin,Homo sapiens,project/data/references/connexins/Homo_sapiens/GJD3__Q8N144.fasta,Q8N144,GJD3,gene-ACAP3,ACAP3,ArfGAP with coiled-coil%2C ankyrin repeat and PH domains 3,rna-XM_005244715.3,XM_005244715.3,NC_000001.11,-,11,1298013,1298113,101
connexin,Homo sapiens,project/data/references/connexins/Homo_sapiens/GJD3__Q8N144.fasta,Q8N144,GJD3,gene-ACAP3,ACAP3,ArfGAP with coiled-coil%2C ankyrin repeat and PH domains 3,rna-XM_005244715.3,XM_005244715.3,NC_000001.11,-,12,1298370,1298421,52
connexin,Homo sapiens,project/data/references/connexins/Homo_sapiens/GJD3__Q8N144.fasta,Q8N144,GJD3,gene-ACAP3,ACAP3,ArfGAP with coiled-coil%2C ankyrin repeat and PH domains 3,rna-XM_005244715.3,XM_005244715.3,NC_000001.11,-,13,1298567,1298679,113
connexin,Homo sapiens,project/data/references/connexins/Homo_sapiens/GJD3__Q8N144.fasta,Q8N144,GJD3,gene-ACAP3,ACAP3,ArfGAP with coiled-coil%2C ankyrin repeat and PH domains 3,rna-XM_005244715.3,XM_005244715.3,NC_000001.11,-,14,1299345,1299356,12
connexin,Homo sapiens,project/data/references/connexins/Homo_sapiens/GJD3__Q8N144.fasta,Q8N144,GJD3,gene-ACAP3,ACAP3,ArfGAP with coiled-coil%2C ankyrin repeat and PH domains 3,rna-XM_005244715.3,XM_005244715.3,NC_000001.11,-,15,1299831,1299905,75
connexin,Homo sapiens,project/data/references/connexins/Homo_sapiens/GJD3__Q8N144.fasta,Q8N144,GJD3,gene-ACAP3,ACAP3,ArfGAP with coiled-coil%2C ankyrin repeat and PH domains 3,rna-XM_005244715.3,XM_005244715.3,NC_000001.11,-,16,1299973,1300068,96
connexin,Homo sapiens,project/data/references/connexins/Homo_sapiens/GJD3__Q8N144.fasta,Q8N144,GJD3,gene-ACAP3,ACAP3,ArfGAP with coiled-coil%2C ankyrin repeat and PH domains 3,rna-XM_005244715.3,XM_005244715.3,NC_000001.11,-,17,1300158,1300202,45
connexin,Homo sapiens,project/data/references/connexins/Homo_sapiens/GJD3__Q8N144.fasta,Q8N144,GJD3,gene-ACAP3,ACAP3,ArfGAP with coiled-coil%2C ankyrin repeat and PH domains 3,rna-XM_005244715.3,XM_005244715.3,NC_000001.11,-,18,1300509,1300692,184
connexin,Homo sapiens,project/data/references/connexins/Homo_sapiens/GJD3__Q8N144.fasta,Q8N144,GJD3,gene-ACAP3,ACAP3,ArfGAP with coiled-coil%2C ankyrin repeat and PH domains 3,rna-XM_005244715.3,XM_005244715.3,NC_000001.11,-,19,1301988,1302046,59
connexin,Homo sapiens,project/data/references/connexins/Homo_sapiens/GJD3__Q8N144.fasta,Q8N144,GJD3,gene-ACAP3,ACAP3,ArfGAP with coiled-coil%2C ankyrin repeat and PH domains 3,rna-XM_005244715.3,XM_005244715.3,NC_000001.11,-,20,1302922,1302975,54
connexin,Homo sapiens,project/data/references/connexins/Homo_sapiens/GJD3__Q8N144.fasta,Q8N144,GJD3,gene-ACAP3,ACAP3,ArfGAP with coiled-coil%2C ankyrin repeat and PH domains 3,rna-XM_005244715.3,XM_005244715.3,NC_000001.11,-,21,1303162,1303281,120
connexin,Homo sapiens,project/data/references/connexins/Homo_sapiens/GJD3__Q8N144.fasta,Q8N144,GJD3,gene-ACAP3,ACAP3,ArfGAP with coiled-coil%2C ankyrin repeat and PH domains 3,rna-XM_005244715.3,XM_005244715.3,NC_000001.11,-,22,1304086,1304143,58
connexin,Homo sapiens,project/data/references/connexins/Homo_sapiens/GJD3__Q8N144.fasta,Q8N144,GJD3,gene-ACAP3,ACAP3,ArfGAP with coiled-coil%2C ankyrin repeat and PH domains 3,rna-XM_005244715.3,XM_005244715.3,NC_000001.11,-,23,1307769,1307930,162
connexin,Homo sapiens,project/data/references/connexins/Homo_sapiens/GJD3__Q8N144.fasta,Q8N144,GJD3,gene-ACAP3,ACAP3,ArfGAP with coiled-coil%2C ankyrin repeat and PH domains 3,rna-NM_030649.3,NM_030649.3,NC_000001.11,-,1,1292391,1293708,1318
connexin,Homo sapiens,project/data/references/connexins/Homo_sapiens/GJD3__Q8N144.fasta,Q8N144,GJD3,gene-ACAP3,ACAP3,ArfGAP with coiled-coil%2C ankyrin repeat and PH domains 3,rna-NM_030649.3,NM_030649.3,NC_000001.11,-,2,1293823,1293933,111
connexin,Homo sapiens,project/data/references/connexins/Homo_sapiens/GJD3__Q8N144.fasta,Q8N144,GJD3,gene-ACAP3,ACAP3,ArfGAP with coiled-coil%2C ankyrin repeat and PH domains 3,rna-NM_030649.3,NM_030649.3,NC_000001.11,-,3,1294090,1294199,110
connexin,Homo sapiens,project/data/references/connexins/Homo_sapiens/GJD3__Q8N144.fasta,Q8N144,GJD3,gene-ACAP3,ACAP3,ArfGAP with coiled-coil%2C ankyrin repeat and PH domains 3,rna-NM_030649.3,NM_030649.3,NC_000001.11,-,4,1294402,1294628,227
connexin,Homo sapiens,project/data/references/connexins/Homo_sapiens/GJD3__Q8N144.fasta,Q8N144,GJD3,gene-ACAP3,ACAP3,ArfGAP with coiled-coil%2C ankyrin repeat and PH domains 3,rna-NM_030649.3,NM_030649.3,NC_000001.11,-,5,1294718,1294816,99
connexin,Homo sapiens,project/data/references/connexins/Homo_sapiens/GJD3__Q8N144.fasta,Q8N144,GJD3,gene-ACAP3,ACAP3,ArfGAP with coiled-coil%2C ankyrin repeat and PH domains 3,rna-NM_030649.3,NM_030649.3,NC_000001.11,-,6,1295447,1295554,108
connexin,Homo sapiens,project/data/references/connexins/Homo_sapiens/GJD3__Q8N144.fasta,Q8N144,GJD3,gene-ACAP3,ACAP3,ArfGAP with coiled-coil%2C ankyrin repeat and PH domains 3,rna-NM_030649.3,NM_030649.3,NC_000001.11,-,7,1295736,1295938,203
connexin,Homo sapiens,project/data/references/connexins/Homo_sapiens/GJD3__Q8N144.fasta,Q8N144,GJD3,gene-ACAP3,ACAP3,ArfGAP with coiled-coil%2C ankyrin repeat and PH domains 3,rna-NM_030649.3,NM_030649.3,NC_000001.11,-,8,1296015,1296109,95
connexin,Homo sapiens,project/data/references/connexins/Homo_sapiens/GJD3__Q8N144.fasta,Q8N144,GJD3,gene-ACAP3,ACAP3,ArfGAP with coiled-coil%2C ankyrin repeat and PH domains 3,rna-NM_030649.3,NM_030649.3,NC_000001.11,-,9,1296211,1296280,70
connexin,Homo sapiens,project/data/references/connexins/Homo_sapiens/GJD3__Q8N144.fasta,Q8N144,GJD3,gene-ACAP3,ACAP3,ArfGAP with coiled-coil%2C ankyrin repeat and PH domains 3,rna-NM_030649.3,NM_030649.3,NC_000001.11,-,10,1296425,1296633,209
connexin,Homo sapiens,project/data/references/connexins/Homo_sapiens/GJD3__Q8N144.fasta,Q8N144,GJD3,gene-ACAP3,ACAP3,ArfGAP with coiled-coil%2C ankyrin repeat and PH domains 3,rna-NM_030649.3,NM_030649.3,NC_000001.11,-,11,1297822,1297933,112
connexin,Homo sapiens,project/data/references/connexins/Homo_sapiens/GJD3__Q8N144.fasta,Q8N144,GJD3,gene-ACAP3,ACAP3,ArfGAP with coiled-coil%2C ankyrin repeat and PH domains 3,rna-NM_030649.3,NM_030649.3,NC_000001.11,-,12,1298013,1298113,101
connexin,Homo sapiens,project/data/references/connexins/Homo_sapiens/GJD3__Q8N144.fasta,Q8N144,GJD3,gene-ACAP3,ACAP3,ArfGAP with coiled-coil%2C ankyrin repeat and PH domains 3,rna-NM_030649.3,NM_030649.3,NC_000001.11,-,13,1298370,1298421,52
connexin,Homo sapiens,project/data/references/connexins/Homo_sapiens/GJD3__Q8N144.fasta,Q8N144,GJD3,gene-ACAP3,ACAP3,ArfGAP with coiled-coil%2C ankyrin repeat and PH domains 3,rna-NM_030649.3,NM_030649.3,NC_000001.11,-,14,1298567,1298679,113
connexin,Homo sapiens,project/data/references/connexins/Homo_sapiens/GJD3__Q8N144.fasta,Q8N144,GJD3,gene-ACAP3,ACAP3,ArfGAP with coiled-coil%2C ankyrin repeat and PH domains 3,rna-NM_030649.3,NM_030649.3,NC_000001.11,-,15,1299345,1299356,12
connexin,Homo sapiens,project/data/references/connexins/Homo_sapiens/GJD3__Q8N144.fasta,Q8N144,GJD3,gene-ACAP3,ACAP3,ArfGAP with coiled-coil%2C ankyrin repeat and PH domains 3,rna-NM_030649.3,NM_030649.3,NC_000001.11,-,16,1299831,1299905,75
connexin,Homo sapiens,project/data/references/connexins/Homo_sapiens/GJD3__Q8N144.fasta,Q8N144,GJD3,gene-ACAP3,ACAP3,ArfGAP with coiled-coil%2C ankyrin repeat and PH domains 3,rna-NM_030649.3,NM_030649.3,NC_000001.11,-,17,1299973,1300068,96
connexin,Homo sapiens,project/data/references/connexins/Homo_sapiens/GJD3__Q8N144.fasta,Q8N144,GJD3,gene-ACAP3,ACAP3,ArfGAP with coiled-coil%2C ankyrin repeat and PH domains 3,rna-NM_030649.3,NM_030649.3,NC_000001.11,-,18,1300158,1300202,45
connexin,Homo sapiens,project/data/references/connexins/Homo_sapiens/GJD3__Q8N144.fasta,Q8N144,GJD3,gene-ACAP3,ACAP3,ArfGAP with coiled-coil%2C ankyrin repeat and PH domains 3,rna-NM_030649.3,NM_030649.3,NC_000001.11,-,19,1300509,1300692,184
connexin,Homo sapiens,project/data/references/connexins/Homo_sapiens/GJD3__Q8N144.fasta,Q8N144,GJD3,gene-ACAP3,ACAP3,ArfGAP with coiled-coil%2C ankyrin repeat and PH domains 3,rna-NM_030649.3,NM_030649.3,NC_000001.11,-,20,1301988,1302046,59
connexin,Homo sapiens,project/data/references/connexins/Homo_sapiens/GJD3__Q8N144.fasta,Q8N144,GJD3,gene-ACAP3,ACAP3,ArfGAP with coiled-coil%2C ankyrin repeat and PH domains 3,rna-NM_030649.3,NM_030649.3,NC_000001.11,-,21,1302922,1302975,54
connexin,Homo sapiens,project/data/references/connexins/Homo_sapiens/GJD3__Q8N144.fasta,Q8N144,GJD3,gene-ACAP3,ACAP3,ArfGAP with coiled-coil%2C ankyrin repeat and PH domains 3,rna-NM_030649.3,NM_030649.3,NC_000001.11,-,22,1303162,1303281,120
connexin,Homo sapiens,project/data/references/connexins/Homo_sapiens/GJD3__Q8N144.fasta,Q8N144,GJD3,gene-ACAP3,ACAP3,ArfGAP with coiled-coil%2C ankyrin repeat and PH domains 3,rna-NM_030649.3,NM_030649.3,NC_000001.11,-,23,1304086,1304143,58
connexin,Homo sapiens,project/data/references/connexins/Homo_sapiens/GJD3__Q8N144.fasta,Q8N144,GJD3,gene-ACAP3,ACAP3,ArfGAP with coiled-coil%2C ankyrin repeat and PH domains 3,rna-NM_030649.3,NM_030649.3,NC_000001.11,-,24,1307769,1307930,162
connexin,Homo sapiens,project/data/references/connexins/Homo_sapiens/GJD3__Q8N144.fasta,Q8N144,GJD3,gene-ACAP3,ACAP3,ArfGAP with coiled-coil%2C ankyrin repeat and PH domains 3,rna-XM_011540608.3,XM_011540608.3,NC_000001.11,-,1,1292391,1293708,1318
connexin,Homo sapiens,project/data/references/connexins/Homo_sapiens/GJD3__Q8N144.fasta,Q8N144,GJD3,gene-ACAP3,ACAP3,ArfGAP with coiled-coil%2C ankyrin repeat and PH domains 3,rna-XM_011540608.3,XM_011540608.3,NC_000001.11,-,2,1293823,1293933,111
connexin,Homo sapiens,project/data/references/connexins/Homo_sapiens/GJD3__Q8N144.fasta,Q8N144,GJD3,gene-ACAP3,ACAP3,ArfGAP with coiled-coil%2C ankyrin repeat and PH domains 3,rna-XM_011540608.3,XM_011540608.3,NC_000001.11,-,3,1294090,1294199,110
connexin,Homo sapiens,project/data/references/connexins/Homo_sapiens/GJD3__Q8N144.fasta,Q8N144,GJD3,gene-ACAP3,ACAP3,ArfGAP with coiled-coil%2C ankyrin repeat and PH domains 3,rna-XM_011540608.3,XM_011540608.3,NC_000001.11,-,4,1294402,1294628,227
connexin,Homo sapiens,project/data/references/connexins/Homo_sapiens/GJD3__Q8N144.fasta,Q8N144,GJD3,gene-ACAP3,ACAP3,ArfGAP with coiled-coil%2C ankyrin repeat and PH domains 3,rna-XM_011540608.3,XM_011540608.3,NC_000001.11,-,5,1294718,1294816,99
connexin,Homo sapiens,project/data/references/connexins/Homo_sapiens/GJD3__Q8N144.fasta,Q8N144,GJD3,gene-ACAP3,ACAP3,ArfGAP with coiled-coil%2C ankyrin repeat and PH domains 3,rna-XM_011540608.3,XM_011540608.3,NC_000001.11,-,6,1295447,1295554,108
connexin,Homo sapiens,project/data/references/connexins/Homo_sapiens/GJD3__Q8N144.fasta,Q8N144,GJD3,gene-ACAP3,ACAP3,ArfGAP with coiled-coil%2C ankyrin repeat and PH domains 3,rna-XM_011540608.3,XM_011540608.3,NC_000001.11,-,7,1295736,1295938,203
connexin,Homo sapiens,project/data/references/connexins/Homo_sapiens/GJD3__Q8N144.fasta,Q8N144,GJD3,gene-ACAP3,ACAP3,ArfGAP with coiled-coil%2C ankyrin repeat and PH domains 3,rna-XM_011540608.3,XM_011540608.3,NC_000001.11,-,8,1296015,1296109,95
connexin,Homo sapiens,project/data/references/connexins/Homo_sapiens/GJD3__Q8N144.fasta,Q8N144,GJD3,gene-ACAP3,ACAP3,ArfGAP with coiled-coil%2C ankyrin repeat and PH domains 3,rna-XM_011540608.3,XM_011540608.3,NC_000001.11,-,9,1296211,1296280,70
connexin,Homo sapiens,project/data/references/connexins/Homo_sapiens/GJD3__Q8N144.fasta,Q8N144,GJD3,gene-ACAP3,ACAP3,ArfGAP with coiled-coil%2C ankyrin repeat and PH domains 3,rna-XM_011540608.3,XM_011540608.3,NC_000001.11,-,10,1296425,1296633,209
connexin,Homo sapiens,project/data/references/connexins/Homo_sapiens/GJD3__Q8N144.fasta,Q8N144,GJD3,gene-ACAP3,ACAP3,ArfGAP with coiled-coil%2C ankyrin repeat and PH domains 3,rna-XM_011540608.3,XM_011540608.3,NC_000001.11,-,11,1297822,1297933,112
connexin,Homo sapiens,project/data/references/connexins/Homo_sapiens/GJD3__Q8N144.fasta,Q8N144,GJD3,gene-ACAP3,ACAP3,ArfGAP with coiled-coil%2C ankyrin repeat and PH domains 3,rna-XM_011540608.3,XM_011540608.3,NC_000001.11,-,12,1298013,1298113,101
connexin,Homo sapiens,project/data/references/connexins/Homo_sapiens/GJD3__Q8N144.fasta,Q8N144,GJD3,gene-ACAP3,ACAP3,ArfGAP with coiled-coil%2C ankyrin repeat and PH domains 3,rna-XM_011540608.3,XM_011540608.3,NC_000001.11,-,13,1298370,1298421,52
connexin,Homo sapiens,project/data/references/connexins/Homo_sapiens/GJD3__Q8N144.fasta,Q8N144,GJD3,gene-ACAP3,ACAP3,ArfGAP with coiled-coil%2C ankyrin repeat and PH domains 3,rna-XM_011540608.3,XM_011540608.3,NC_000001.11,-,14,1298567,1298679,113
connexin,Homo sapiens,project/data/references/connexins/Homo_sapiens/GJD3__Q8N144.fasta,Q8N144,GJD3,gene-ACAP3,ACAP3,ArfGAP with coiled-coil%2C ankyrin repeat and PH domains 3,rna-XM_011540608.3,XM_011540608.3,NC_000001.11,-,15,1299345,1299356,12
connexin,Homo sapiens,project/data/references/connexins/Homo_sapiens/GJD3__Q8N144.fasta,Q8N144,GJD3,gene-ACAP3,ACAP3,ArfGAP with coiled-coil%2C ankyrin repeat and PH domains 3,rna-XM_011540608.3,XM_011540608.3,NC_000001.11,-,16,1299831,1299905,75
connexin,Homo sapiens,project/data/references/connexins/Homo_sapiens/GJD3__Q8N144.fasta,Q8N144,GJD3,gene-ACAP3,ACAP3,ArfGAP with coiled-coil%2C ankyrin repeat and PH domains 3,rna-XM_011540608.3,XM_011540608.3,NC_000001.11,-,17,1300158,1300202,45
connexin,Homo sapiens,project/data/references/connexins/Homo_sapiens/GJD3__Q8N144.fasta,Q8N144,GJD3,gene-ACAP3,ACAP3,ArfGAP with coiled-coil%2C ankyrin repeat and PH domains 3,rna-XM_011540608.3,XM_011540608.3,NC_000001.11,-,18,1300509,1300692,184
connexin,Homo sapiens,project/data/references/connexins/Homo_sapiens/GJD3__Q8N144.fasta,Q8N144,GJD3,gene-ACAP3,ACAP3,ArfGAP with coiled-coil%2C ankyrin repeat and PH domains 3,rna-XM_011540608.3,XM_011540608.3,NC_000001.11,-,19,1301988,1302046,59
connexin,Homo sapiens,project/data/references/connexins/Homo_sapiens/GJD3__Q8N144.fasta,Q8N144,GJD3,gene-ACAP3,ACAP3,ArfGAP with coiled-coil%2C ankyrin repeat and PH domains 3,rna-XM_011540608.3,XM_011540608.3,NC_000001.11,-,20,1302922,1302975,54
connexin,Homo sapiens,project/data/references/connexins/Homo_sapiens/GJD3__Q8N144.fasta,Q8N144,GJD3,gene-ACAP3,ACAP3,ArfGAP with coiled-coil%2C ankyrin repeat and PH domains 3,rna-XM_011540608.3,XM_011540608.3,NC_000001.11,-,21,1303132,1303281,150
connexin,Homo sapiens,project/data/references/connexins/Homo_sapiens/GJD3__Q8N144.fasta,Q8N144,GJD3,gene-ACAP3,ACAP3,ArfGAP with coiled-coil%2C ankyrin repeat and PH domains 3,rna-XM_011540608.3,XM_011540608.3,NC_000001.11,-,22,1304086,1304143,58
connexin,Homo sapiens,project/data/references/connexins/Homo_sapiens/GJD3__Q8N144.fasta,Q8N144,GJD3,gene-ACAP3,ACAP3,ArfGAP with coiled-coil%2C ankyrin repeat and PH domains 3,rna-XM_011540608.3,XM_011540608.3,NC_000001.11,-,23,1307769,1307930,162
connexin,Homo sapiens,project/data/references/connexins/Homo_sapiens/GJD3__Q8N144.fasta,Q8N144,GJD3,gene-ACAP3,ACAP3,ArfGAP with coiled-coil%2C ankyrin repeat and PH domains 3,rna-XM_011540609.3,XM_011540609.3,NC_000001.11,-,1,1292391,1293708,1318
connexin,Homo sapiens,project/data/references/connexins/Homo_sapiens/GJD3__Q8N144.fasta,Q8N144,GJD3,gene-ACAP3,ACAP3,ArfGAP with coiled-coil%2C ankyrin repeat and PH domains 3,rna-XM_011540609.3,XM_011540609.3,NC_000001.11,-,2,1293823,1293933,111
connexin,Homo sapiens,project/data/references/connexins/Homo_sapiens/GJD3__Q8N144.fasta,Q8N144,GJD3,gene-ACAP3,ACAP3,ArfGAP with coiled-coil%2C ankyrin repeat and PH domains 3,rna-XM_011540609.3,XM_011540609.3,NC_000001.11,-,3,1294090,1294199,110
connexin,Homo sapiens,project/data/references/connexins/Homo_sapiens/GJD3__Q8N144.fasta,Q8N144,GJD3,gene-ACAP3,ACAP3,ArfGAP with coiled-coil%2C ankyrin repeat and PH domains 3,rna-XM_011540609.3,XM_011540609.3,NC_000001.11,-,4,1294402,1294628,227
connexin,Homo sapiens,project/data/references/connexins/Homo_sapiens/GJD3__Q8N144.fasta,Q8N144,GJD3,gene-ACAP3,ACAP3,ArfGAP with coiled-coil%2C ankyrin repeat and PH domains 3,rna-XM_011540609.3,XM_011540609.3,NC_000001.11,-,5,1295447,1295554,108
connexin,Homo sapiens,project/data/references/connexins/Homo_sapiens/GJD3__Q8N144.fasta,Q8N144,GJD3,gene-ACAP3,ACAP3,ArfGAP with coiled-coil%2C ankyrin repeat and PH domains 3,rna-XM_011540609.3,XM_011540609.3,NC_000001.11,-,6,1295736,1295938,203
connexin,Homo sapiens,project/data/references/connexins/Homo_sapiens/GJD3__Q8N144.fasta,Q8N144,GJD3,gene-ACAP3,ACAP3,ArfGAP with coiled-coil%2C ankyrin repeat and PH domains 3,rna-XM_011540609.3,XM_011540609.3,NC_000001.11,-,7,1296015,1296109,95
connexin,Homo sapiens,project/data/references/connexins/Homo_sapiens/GJD3__Q8N144.fasta,Q8N144,GJD3,gene-ACAP3,ACAP3,ArfGAP with coiled-coil%2C ankyrin repeat and PH domains 3,rna-XM_011540609.3,XM_011540609.3,NC_000001.11,-,8,1296211,1296280,70
connexin,Homo sapiens,project/data/references/connexins/Homo_sapiens/GJD3__Q8N144.fasta,Q8N144,GJD3,gene-ACAP3,ACAP3,ArfGAP with coiled-coil%2C ankyrin repeat and PH domains 3,rna-XM_011540609.3,XM_011540609.3,NC_000001.11,-,9,1296425,1296633,209
connexin,Homo sapiens,project/data/references/connexins/Homo_sapiens/GJD3__Q8N144.fasta,Q8N144,GJD3,gene-ACAP3,ACAP3,ArfGAP with coiled-coil%2C ankyrin repeat and PH domains 3,rna-XM_011540609.3,XM_011540609.3,NC_000001.11,-,10,1297822,1297933,112
connexin,Homo sapiens,project/data/references/connexins/Homo_sapiens/GJD3__Q8N144.fasta,Q8N144,GJD3,gene-ACAP3,ACAP3,ArfGAP with coiled-coil%2C ankyrin repeat and PH domains 3,rna-XM_011540609.3,XM_011540609.3,NC_000001.11,-,11,1298013,1298113,101
connexin,Homo sapiens,project/data/references/connexins/Homo_sapiens/GJD3__Q8N144.fasta,Q8N144,GJD3,gene-ACAP3,ACAP3,ArfGAP with coiled-coil%2C ankyrin repeat and PH domains 3,rna-XM_011540609.3,XM_011540609.3,NC_000001.11,-,12,1298370,1298421,52
connexin,Homo sapiens,project/data/references/connexins/Homo_sapiens/GJD3__Q8N144.fasta,Q8N144,GJD3,gene-ACAP3,ACAP3,ArfGAP with coiled-coil%2C ankyrin repeat and PH domains 3,rna-XM_011540609.3,XM_011540609.3,NC_000001.11,-,13,1298567,1298679,113
connexin,Homo sapiens,project/data/references/connexins/Homo_sapiens/GJD3__Q8N144.fasta,Q8N144,GJD3,gene-ACAP3,ACAP3,ArfGAP with coiled-coil%2C ankyrin repeat and PH domains 3,rna-XM_011540609.3,XM_011540609.3,NC_000001.11,-,14,1299345,1299356,12
connexin,Homo sapiens,project/data/references/connexins/Homo_sapiens/GJD3__Q8N144.fasta,Q8N144,GJD3,gene-ACAP3,ACAP3,ArfGAP with coiled-coil%2C ankyrin repeat and PH domains 3,rna-XM_011540609.3,XM_011540609.3,NC_000001.11,-,15,1299831,1299905,75
connexin,Homo sapiens,project/data/references/connexins/Homo_sapiens/GJD3__Q8N144.fasta,Q8N144,GJD3,gene-ACAP3,ACAP3,ArfGAP with coiled-coil%2C ankyrin repeat and PH domains 3,rna-XM_011540609.3,XM_011540609.3,NC_000001.11,-,16,1299973,1300068,96
connexin,Homo sapiens,project/data/references/connexins/Homo_sapiens/GJD3__Q8N144.fasta,Q8N144,GJD3,gene-ACAP3,ACAP3,ArfGAP with coiled-coil%2C ankyrin repeat and PH domains 3,rna-XM_011540609.3,XM_011540609.3,NC_000001.11,-,17,1300158,1300202,45
connexin,Homo sapiens,project/data/references/connexins/Homo_sapiens/GJD3__Q8N144.fasta,Q8N144,GJD3,gene-ACAP3,ACAP3,ArfGAP with coiled-coil%2C ankyrin repeat and PH domains 3,rna-XM_011540609.3,XM_011540609.3,NC_000001.11,-,18,1300509,1300692,184
connexin,Homo sapiens,project/data/references/connexins/Homo_sapiens/GJD3__Q8N144.fasta,Q8N144,GJD3,gene-ACAP3,ACAP3,ArfGAP with coiled-coil%2C ankyrin repeat and PH domains 3,rna-XM_011540609.3,XM_011540609.3,NC_000001.11,-,19,1301988,1302046,59
connexin,Homo sapiens,project/data/references/connexins/Homo_sapiens/GJD3__Q8N144.fasta,Q8N144,GJD3,gene-ACAP3,ACAP3,ArfGAP with coiled-coil%2C ankyrin repeat and PH domains 3,rna-XM_011540609.3,XM_011540609.3,NC_000001.11,-,20,1302922,1302975,54
connexin,Homo sapiens,project/data/references/connexins/Homo_sapiens/GJD3__Q8N144.fasta,Q8N144,GJD3,gene-ACAP3,ACAP3,ArfGAP with coiled-coil%2C ankyrin repeat and PH domains 3,rna-XM_011540609.3,XM_011540609.3,NC_000001.11,-,21,1303132,1303281,150
connexin,Homo sapiens,project/data/references/connexins/Homo_sapiens/GJD3__Q8N144.fasta,Q8N144,GJD3,gene-ACAP3,ACAP3,ArfGAP with coiled-coil%2C ankyrin repeat and PH domains 3,rna-XM_011540609.3,XM_011540609.3,NC_000001.11,-,22,1304086,1304143,58
connexin,Homo sapiens,project/data/references/connexins/Homo_sapiens/GJD3__Q8N144.fasta,Q8N144,GJD3,gene-ACAP3,ACAP3,ArfGAP with coiled-coil%2C ankyrin repeat and PH domains 3,rna-XM_011540609.3,XM_011540609.3,NC_000001.11,-,23,1307769,1307930,162
connexin,Homo sapiens,project/data/references/connexins/Homo_sapiens/GJD3__Q8N144.fasta,Q8N144,GJD3,gene-ACAP3,ACAP3,ArfGAP with coiled-coil%2C ankyrin repeat and PH domains 3,rna-XM_011540606.3,XM_011540606.3,NC_000001.11,-,1,1292391,1293708,1318
connexin,Homo sapiens,project/data/references/connexins/Homo_sapiens/GJD3__Q8N144.fasta,Q8N144,GJD3,gene-ACAP3,ACAP3,ArfGAP with coiled-coil%2C ankyrin repeat and PH domains 3,rna-XM_011540606.3,XM_011540606.3,NC_000001.11,-,2,1293823,1293933,111
connexin,Homo sapiens,project/data/references/connexins/Homo_sapiens/GJD3__Q8N144.fasta,Q8N144,GJD3,gene-ACAP3,ACAP3,ArfGAP with coiled-coil%2C ankyrin repeat and PH domains 3,rna-XM_011540606.3,XM_011540606.3,NC_000001.11,-,3,1294090,1294199,110
connexin,Homo sapiens,project/data/references/connexins/Homo_sapiens/GJD3__Q8N144.fasta,Q8N144,GJD3,gene-ACAP3,ACAP3,ArfGAP with coiled-coil%2C ankyrin repeat and PH domains 3,rna-XM_011540606.3,XM_011540606.3,NC_000001.11,-,4,1294402,1294628,227
connexin,Homo sapiens,project/data/references/connexins/Homo_sapiens/GJD3__Q8N144.fasta,Q8N144,GJD3,gene-ACAP3,ACAP3,ArfGAP with coiled-coil%2C ankyrin repeat and PH domains 3,rna-XM_011540606.3,XM_011540606.3,NC_000001.11,-,5,1294718,1294816,99
connexin,Homo sapiens,project/data/references/connexins/Homo_sapiens/GJD3__Q8N144.fasta,Q8N144,GJD3,gene-ACAP3,ACAP3,ArfGAP with coiled-coil%2C ankyrin repeat and PH domains 3,rna-XM_011540606.3,XM_011540606.3,NC_000001.11,-,6,1295447,1295554,108
connexin,Homo sapiens,project/data/references/connexins/Homo_sapiens/GJD3__Q8N144.fasta,Q8N144,GJD3,gene-ACAP3,ACAP3,ArfGAP with coiled-coil%2C ankyrin repeat and PH domains 3,rna-XM_011540606.3,XM_011540606.3,NC_000001.11,-,7,1295736,1295938,203
connexin,Homo sapiens,project/data/references/connexins/Homo_sapiens/GJD3__Q8N144.fasta,Q8N144,GJD3,gene-ACAP3,ACAP3,ArfGAP with coiled-coil%2C ankyrin repeat and PH domains 3,rna-XM_011540606.3,XM_011540606.3,NC_000001.11,-,8,1296015,1296109,95
connexin,Homo sapiens,project/data/references/connexins/Homo_sapiens/GJD3__Q8N144.fasta,Q8N144,GJD3,gene-ACAP3,ACAP3,ArfGAP with coiled-coil%2C ankyrin repeat and PH domains 3,rna-XM_011540606.3,XM_011540606.3,NC_000001.11,-,9,1296211,1296280,70
connexin,Homo sapiens,project/data/references/connexins/Homo_sapiens/GJD3__Q8N144.fasta,Q8N144,GJD3,gene-ACAP3,ACAP3,ArfGAP with coiled-coil%2C ankyrin repeat and PH domains 3,rna-XM_011540606.3,XM_011540606.3,NC_000001.11,-,10,1296425,1296633,209
connexin,Homo sapiens,project/data/references/connexins/Homo_sapiens/GJD3__Q8N144.fasta,Q8N144,GJD3,gene-ACAP3,ACAP3,ArfGAP with coiled-coil%2C ankyrin repeat and PH domains 3,rna-XM_011540606.3,XM_011540606.3,NC_000001.11,-,11,1297822,1297933,112
connexin,Homo sapiens,project/data/references/connexins/Homo_sapiens/GJD3__Q8N144.fasta,Q8N144,GJD3,gene-ACAP3,ACAP3,ArfGAP with coiled-coil%2C ankyrin repeat and PH domains 3,rna-XM_011540606.3,XM_011540606.3,NC_000001.11,-,12,1298013,1298113,101
connexin,Homo sapiens,project/data/references/connexins/Homo_sapiens/GJD3__Q8N144.fasta,Q8N144,GJD3,gene-ACAP3,ACAP3,ArfGAP with coiled-coil%2C ankyrin repeat and PH domains 3,rna-XM_011540606.3,XM_011540606.3,NC_000001.11,-,13,1298370,1298421,52
connexin,Homo sapiens,project/data/references/connexins/Homo_sapiens/GJD3__Q8N144.fasta,Q8N144,GJD3,gene-ACAP3,ACAP3,ArfGAP with coiled-coil%2C ankyrin repeat and PH domains 3,rna-XM_011540606.3,XM_011540606.3,NC_000001.11,-,14,1298567,1298679,113
connexin,Homo sapiens,project/data/references/connexins/Homo_sapiens/GJD3__Q8N144.fasta,Q8N144,GJD3,gene-ACAP3,ACAP3,ArfGAP with coiled-coil%2C ankyrin repeat and PH domains 3,rna-XM_011540606.3,XM_011540606.3,NC_000001.11,-,15,1299345,1299356,12
connexin,Homo sapiens,project/data/references/connexins/Homo_sapiens/GJD3__Q8N144.fasta,Q8N144,GJD3,gene-ACAP3,ACAP3,ArfGAP with coiled-coil%2C ankyrin repeat and PH domains 3,rna-XM_011540606.3,XM_011540606.3,NC_000001.11,-,16,1299831,1299905,75
connexin,Homo sapiens,project/data/references/connexins/Homo_sapiens/GJD3__Q8N144.fasta,Q8N144,GJD3,gene-ACAP3,ACAP3,ArfGAP with coiled-coil%2C ankyrin repeat and PH domains 3,rna-XM_011540606.3,XM_011540606.3,NC_000001.11,-,17,1299973,1300068,96
connexin,Homo sapiens,project/data/references/connexins/Homo_sapiens/GJD3__Q8N144.fasta,Q8N144,GJD3,gene-ACAP3,ACAP3,ArfGAP with coiled-coil%2C ankyrin repeat and PH domains 3,rna-XM_011540606.3,XM_011540606.3,NC_000001.11,-,18,1300158,1300202,45
connexin,Homo sapiens,project/data/references/connexins/Homo_sapiens/GJD3__Q8N144.fasta,Q8N144,GJD3,gene-ACAP3,ACAP3,ArfGAP with coiled-coil%2C ankyrin repeat and PH domains 3,rna-XM_011540606.3,XM_011540606.3,NC_000001.11,-,19,1300509,1300692,184
connexin,Homo sapiens,project/data/references/connexins/Homo_sapiens/GJD3__Q8N144.fasta,Q8N144,GJD3,gene-ACAP3,ACAP3,ArfGAP with coiled-coil%2C ankyrin repeat and PH domains 3,rna-XM_011540606.3,XM_011540606.3,NC_000001.11,-,20,1301988,1302046,59
connexin,Homo sapiens,project/data/references/connexins/Homo_sapiens/GJD3__Q8N144.fasta,Q8N144,GJD3,gene-ACAP3,ACAP3,ArfGAP with coiled-coil%2C ankyrin repeat and PH domains 3,rna-XM_011540606.3,XM_011540606.3,NC_000001.11,-,21,1302922,1302975,54
connexin,Homo sapiens,project/data/references/connexins/Homo_sapiens/GJD3__Q8N144.fasta,Q8N144,GJD3,gene-ACAP3,ACAP3,ArfGAP with coiled-coil%2C ankyrin repeat and PH domains 3,rna-XM_011540606.3,XM_011540606.3,NC_000001.11,-,22,1303132,1303281,150
connexin,Homo sapiens,project/data/references/connexins/Homo_sapiens/GJD3__Q8N144.fasta,Q8N144,GJD3,gene-ACAP3,ACAP3,ArfGAP with coiled-coil%2C ankyrin repeat and PH domains 3,rna-XM_011540606.3,XM_011540606.3,NC_000001.11,-,23,1304086,1304143,58
connexin,Homo sapiens,project/data/references/connexins/Homo_sapiens/GJD3__Q8N144.fasta,Q8N144,GJD3,gene-ACAP3,ACAP3,ArfGAP with coiled-coil%2C ankyrin repeat and PH domains 3,rna-XM_011540606.3,XM_011540606.3,NC_000001.11,-,24,1307769,1307930,162
connexin,Homo sapiens,project/data/references/connexins/Homo_sapiens/GJD3__Q8N144.fasta,Q8N144,GJD3,gene-ACAP3,ACAP3,ArfGAP with coiled-coil%2C ankyrin repeat and PH domains 3,rna-XM_024452993.2,XM_024452993.2,NC_000001.11,-,1,1292391,1293708,1318
connexin,Homo sapiens,project/data/references/connexins/Homo_sapiens/GJD3__Q8N144.fasta,Q8N144,GJD3,gene-ACAP3,ACAP3,ArfGAP with coiled-coil%2C ankyrin repeat and PH domains 3,rna-XM_024452993.2,XM_024452993.2,NC_000001.11,-,2,1293823,1293933,111
connexin,Homo sapiens,project/data/references/connexins/Homo_sapiens/GJD3__Q8N144.fasta,Q8N144,GJD3,gene-ACAP3,ACAP3,ArfGAP with coiled-coil%2C ankyrin repeat and PH domains 3,rna-XM_024452993.2,XM_024452993.2,NC_000001.11,-,3,1294090,1294199,110
connexin,Homo sapiens,project/data/references/connexins/Homo_sapiens/GJD3__Q8N144.fasta,Q8N144,GJD3,gene-ACAP3,ACAP3,ArfGAP with coiled-coil%2C ankyrin repeat and PH domains 3,rna-XM_024452993.2,XM_024452993.2,NC_000001.11,-,4,1294402,1294628,227
connexin,Homo sapiens,project/data/references/connexins/Homo_sapiens/GJD3__Q8N144.fasta,Q8N144,GJD3,gene-ACAP3,ACAP3,ArfGAP with coiled-coil%2C ankyrin repeat and PH domains 3,rna-XM_024452993.2,XM_024452993.2,NC_000001.11,-,5,1294718,1294816,99
connexin,Homo sapiens,project/data/references/connexins/Homo_sapiens/GJD3__Q8N144.fasta,Q8N144,GJD3,gene-ACAP3,ACAP3,ArfGAP with coiled-coil%2C ankyrin repeat and PH domains 3,rna-XM_024452993.2,XM_024452993.2,NC_000001.11,-,6,1295447,1295554,108
connexin,Homo sapiens,project/data/references/connexins/Homo_sapiens/GJD3__Q8N144.fasta,Q8N144,GJD3,gene-ACAP3,ACAP3,ArfGAP with coiled-coil%2C ankyrin repeat and PH domains 3,rna-XM_024452993.2,XM_024452993.2,NC_000001.11,-,7,1295736,1295938,203
connexin,Homo sapiens,project/data/references/connexins/Homo_sapiens/GJD3__Q8N144.fasta,Q8N144,GJD3,gene-ACAP3,ACAP3,ArfGAP with coiled-coil%2C ankyrin repeat and PH domains 3,rna-XM_024452993.2,XM_024452993.2,NC_000001.11,-,8,1296015,1296109,95
connexin,Homo sapiens,project/data/references/connexins/Homo_sapiens/GJD3__Q8N144.fasta,Q8N144,GJD3,gene-ACAP3,ACAP3,ArfGAP with coiled-coil%2C ankyrin repeat and PH domains 3,rna-XM_024452993.2,XM_024452993.2,NC_000001.11,-,9,1296211,1296280,70
connexin,Homo sapiens,project/data/references/connexins/Homo_sapiens/GJD3__Q8N144.fasta,Q8N144,GJD3,gene-ACAP3,ACAP3,ArfGAP with coiled-coil%2C ankyrin repeat and PH domains 3,rna-XM_024452993.2,XM_024452993.2,NC_000001.11,-,10,1296425,1296633,209
connexin,Homo sapiens,project/data/references/connexins/Homo_sapiens/GJD3__Q8N144.fasta,Q8N144,GJD3,gene-ACAP3,ACAP3,ArfGAP with coiled-coil%2C ankyrin repeat and PH domains 3,rna-XM_024452993.2,XM_024452993.2,NC_000001.11,-,11,1297822,1297933,112
connexin,Homo sapiens,project/data/references/connexins/Homo_sapiens/GJD3__Q8N144.fasta,Q8N144,GJD3,gene-ACAP3,ACAP3,ArfGAP with coiled-coil%2C ankyrin repeat and PH domains 3,rna-XM_024452993.2,XM_024452993.2,NC_000001.11,-,12,1298013,1298113,101
connexin,Homo sapiens,project/data/references/connexins/Homo_sapiens/GJD3__Q8N144.fasta,Q8N144,GJD3,gene-ACAP3,ACAP3,ArfGAP with coiled-coil%2C ankyrin repeat and PH domains 3,rna-XM_024452993.2,XM_024452993.2,NC_000001.11,-,13,1298370,1298421,52
connexin,Homo sapiens,project/data/references/connexins/Homo_sapiens/GJD3__Q8N144.fasta,Q8N144,GJD3,gene-ACAP3,ACAP3,ArfGAP with coiled-coil%2C ankyrin repeat and PH domains 3,rna-XM_024452993.2,XM_024452993.2,NC_000001.11,-,14,1298567,1298679,113
connexin,Homo sapiens,project/data/references/connexins/Homo_sapiens/GJD3__Q8N144.fasta,Q8N144,GJD3,gene-ACAP3,ACAP3,ArfGAP with coiled-coil%2C ankyrin repeat and PH domains 3,rna-XM_024452993.2,XM_024452993.2,NC_000001.11,-,15,1299345,1299356,12
connexin,Homo sapiens,project/data/references/connexins/Homo_sapiens/GJD3__Q8N144.fasta,Q8N144,GJD3,gene-ACAP3,ACAP3,ArfGAP with coiled-coil%2C ankyrin repeat and PH domains 3,rna-XM_024452993.2,XM_024452993.2,NC_000001.11,-,16,1299831,1299905,75
connexin,Homo sapiens,project/data/references/connexins/Homo_sapiens/GJD3__Q8N144.fasta,Q8N144,GJD3,gene-ACAP3,ACAP3,ArfGAP with coiled-coil%2C ankyrin repeat and PH domains 3,rna-XM_024452993.2,XM_024452993.2,NC_000001.11,-,17,1299973,1300068,96
connexin,Homo sapiens,project/data/references/connexins/Homo_sapiens/GJD3__Q8N144.fasta,Q8N144,GJD3,gene-ACAP3,ACAP3,ArfGAP with coiled-coil%2C ankyrin repeat and PH domains 3,rna-XM_024452993.2,XM_024452993.2,NC_000001.11,-,18,1300158,1300202,45
connexin,Homo sapiens,project/data/references/connexins/Homo_sapiens/GJD3__Q8N144.fasta,Q8N144,GJD3,gene-ACAP3,ACAP3,ArfGAP with coiled-coil%2C ankyrin repeat and PH domains 3,rna-XM_024452993.2,XM_024452993.2,NC_000001.11,-,19,1300509,1300692,184
connexin,Homo sapiens,project/data/references/connexins/Homo_sapiens/GJD3__Q8N144.fasta,Q8N144,GJD3,gene-ACAP3,ACAP3,ArfGAP with coiled-coil%2C ankyrin repeat and PH domains 3,rna-XM_024452993.2,XM_024452993.2,NC_000001.11,-,20,1301988,1302046,59
connexin,Homo sapiens,project/data/references/connexins/Homo_sapiens/GJD3__Q8N144.fasta,Q8N144,GJD3,gene-ACAP3,ACAP3,ArfGAP with coiled-coil%2C ankyrin repeat and PH domains 3,rna-XM_024452993.2,XM_024452993.2,NC_000001.11,-,21,1302922,1302975,54
connexin,Homo sapiens,project/data/references/connexins/Homo_sapiens/GJD3__Q8N144.fasta,Q8N144,GJD3,gene-ACAP3,ACAP3,ArfGAP with coiled-coil%2C ankyrin repeat and PH domains 3,rna-XM_024452993.2,XM_024452993.2,NC_000001.11,-,22,1303162,1303281,120
connexin,Homo sapiens,project/data/references/connexins/Homo_sapiens/GJD3__Q8N144.fasta,Q8N144,GJD3,gene-ACAP3,ACAP3,ArfGAP with coiled-coil%2C ankyrin repeat and PH domains 3,rna-XM_024452993.2,XM_024452993.2,NC_000001.11,-,23,1304086,1304143,58
connexin,Homo sapiens,project/data/references/connexins/Homo_sapiens/GJD3__Q8N144.fasta,Q8N144,GJD3,gene-ACAP3,ACAP3,ArfGAP with coiled-coil%2C ankyrin repeat and PH domains 3,rna-XM_024452993.2,XM_024452993.2,NC_000001.11,-,24,1304682,1304792,111
connexin,Homo sapiens,project/data/references/connexins/Homo_sapiens/GJD3__Q8N144.fasta,Q8N144,GJD3,gene-ACAP3,ACAP3,ArfGAP with coiled-coil%2C ankyrin repeat and PH domains 3,rna-XM_011540607.2,XM_011540607.2,NC_000001.11,-,1,1292391,1293708,1318
connexin,Homo sapiens,project/data/references/connexins/Homo_sapiens/GJD3__Q8N144.fasta,Q8N144,GJD3,gene-ACAP3,ACAP3,ArfGAP with coiled-coil%2C ankyrin repeat and PH domains 3,rna-XM_011540607.2,XM_011540607.2,NC_000001.11,-,2,1293823,1293933,111
connexin,Homo sapiens,project/data/references/connexins/Homo_sapiens/GJD3__Q8N144.fasta,Q8N144,GJD3,gene-ACAP3,ACAP3,ArfGAP with coiled-coil%2C ankyrin repeat and PH domains 3,rna-XM_011540607.2,XM_011540607.2,NC_000001.11,-,3,1294090,1294199,110
connexin,Homo sapiens,project/data/references/connexins/Homo_sapiens/GJD3__Q8N144.fasta,Q8N144,GJD3,gene-ACAP3,ACAP3,ArfGAP with coiled-coil%2C ankyrin repeat and PH domains 3,rna-XM_011540607.2,XM_011540607.2,NC_000001.11,-,4,1294402,1294628,227
connexin,Homo sapiens,project/data/references/connexins/Homo_sapiens/GJD3__Q8N144.fasta,Q8N144,GJD3,gene-ACAP3,ACAP3,ArfGAP with coiled-coil%2C ankyrin repeat and PH domains 3,rna-XM_011540607.2,XM_011540607.2,NC_000001.11,-,5,1294718,1294816,99
connexin,Homo sapiens,project/data/references/connexins/Homo_sapiens/GJD3__Q8N144.fasta,Q8N144,GJD3,gene-ACAP3,ACAP3,ArfGAP with coiled-coil%2C ankyrin repeat and PH domains 3,rna-XM_011540607.2,XM_011540607.2,NC_000001.11,-,6,1295447,1295554,108
connexin,Homo sapiens,project/data/references/connexins/Homo_sapiens/GJD3__Q8N144.fasta,Q8N144,GJD3,gene-ACAP3,ACAP3,ArfGAP with coiled-coil%2C ankyrin repeat and PH domains 3,rna-XM_011540607.2,XM_011540607.2,NC_000001.11,-,7,1295736,1295938,203
connexin,Homo sapiens,project/data/references/connexins/Homo_sapiens/GJD3__Q8N144.fasta,Q8N144,GJD3,gene-ACAP3,ACAP3,ArfGAP with coiled-coil%2C ankyrin repeat and PH domains 3,rna-XM_011540607.2,XM_011540607.2,NC_000001.11,-,8,1296015,1296109,95
connexin,Homo sapiens,project/data/references/connexins/Homo_sapiens/GJD3__Q8N144.fasta,Q8N144,GJD3,gene-ACAP3,ACAP3,ArfGAP with coiled-coil%2C ankyrin repeat and PH domains 3,rna-XM_011540607.2,XM_011540607.2,NC_000001.11,-,9,1296211,1296280,70
connexin,Homo sapiens,project/data/references/connexins/Homo_sapiens/GJD3__Q8N144.fasta,Q8N144,GJD3,gene-ACAP3,ACAP3,ArfGAP with coiled-coil%2C ankyrin repeat and PH domains 3,rna-XM_011540607.2,XM_011540607.2,NC_000001.11,-,10,1296425,1296633,209
connexin,Homo sapiens,project/data/references/connexins/Homo_sapiens/GJD3__Q8N144.fasta,Q8N144,GJD3,gene-ACAP3,ACAP3,ArfGAP with coiled-coil%2C ankyrin repeat and PH domains 3,rna-XM_011540607.2,XM_011540607.2,NC_000001.11,-,11,1297822,1297933,112
connexin,Homo sapiens,project/data/references/connexins/Homo_sapiens/GJD3__Q8N144.fasta,Q8N144,GJD3,gene-ACAP3,ACAP3,ArfGAP with coiled-coil%2C ankyrin repeat and PH domains 3,rna-XM_011540607.2,XM_011540607.2,NC_000001.11,-,12,1298013,1298113,101
connexin,Homo sapiens,project/data/references/connexins/Homo_sapiens/GJD3__Q8N144.fasta,Q8N144,GJD3,gene-ACAP3,ACAP3,ArfGAP with coiled-coil%2C ankyrin repeat and PH domains 3,rna-XM_011540607.2,XM_011540607.2,NC_000001.11,-,13,1298370,1298421,52
connexin,Homo sapiens,project/data/references/connexins/Homo_sapiens/GJD3__Q8N144.fasta,Q8N144,GJD3,gene-ACAP3,ACAP3,ArfGAP with coiled-coil%2C ankyrin repeat and PH domains 3,rna-XM_011540607.2,XM_011540607.2,NC_000001.11,-,14,1298567,1298679,113
connexin,Homo sapiens,project/data/references/connexins/Homo_sapiens/GJD3__Q8N144.fasta,Q8N144,GJD3,gene-ACAP3,ACAP3,ArfGAP with coiled-coil%2C ankyrin repeat and PH domains 3,rna-XM_011540607.2,XM_011540607.2,NC_000001.11,-,15,1299345,1299356,12
connexin,Homo sapiens,project/data/references/connexins/Homo_sapiens/GJD3__Q8N144.fasta,Q8N144,GJD3,gene-ACAP3,ACAP3,ArfGAP with coiled-coil%2C ankyrin repeat and PH domains 3,rna-XM_011540607.2,XM_011540607.2,NC_000001.11,-,16,1299831,1299905,75
connexin,Homo sapiens,project/data/references/connexins/Homo_sapiens/GJD3__Q8N144.fasta,Q8N144,GJD3,gene-ACAP3,ACAP3,ArfGAP with coiled-coil%2C ankyrin repeat and PH domains 3,rna-XM_011540607.2,XM_011540607.2,NC_000001.11,-,17,1299973,1300068,96
connexin,Homo sapiens,project/data/references/connexins/Homo_sapiens/GJD3__Q8N144.fasta,Q8N144,GJD3,gene-ACAP3,ACAP3,ArfGAP with coiled-coil%2C ankyrin repeat and PH domains 3,rna-XM_011540607.2,XM_011540607.2,NC_000001.11,-,18,1300158,1300202,45
connexin,Homo sapiens,project/data/references/connexins/Homo_sapiens/GJD3__Q8N144.fasta,Q8N144,GJD3,gene-ACAP3,ACAP3,ArfGAP with coiled-coil%2C ankyrin repeat and PH domains 3,rna-XM_011540607.2,XM_011540607.2,NC_000001.11,-,19,1300509,1300692,184
connexin,Homo sapiens,project/data/references/connexins/Homo_sapiens/GJD3__Q8N144.fasta,Q8N144,GJD3,gene-ACAP3,ACAP3,ArfGAP with coiled-coil%2C ankyrin repeat and PH domains 3,rna-XM_011540607.2,XM_011540607.2,NC_000001.11,-,20,1301988,1302046,59
connexin,Homo sapiens,project/data/references/connexins/Homo_sapiens/GJD3__Q8N144.fasta,Q8N144,GJD3,gene-ACAP3,ACAP3,ArfGAP with coiled-coil%2C ankyrin repeat and PH domains 3,rna-XM_011540607.2,XM_011540607.2,NC_000001.11,-,21,1302922,1302975,54
connexin,Homo sapiens,project/data/references/connexins/Homo_sapiens/GJD3__Q8N144.fasta,Q8N144,GJD3,gene-ACAP3,ACAP3,ArfGAP with coiled-coil%2C ankyrin repeat and PH domains 3,rna-XM_011540607.2,XM_011540607.2,NC_000001.11,-,22,1303132,1303281,150
connexin,Homo sapiens,project/data/references/connexins/Homo_sapiens/GJD3__Q8N144.fasta,Q8N144,GJD3,gene-ACAP3,ACAP3,ArfGAP with coiled-coil%2C ankyrin repeat and PH domains 3,rna-XM_011540607.2,XM_011540607.2,NC_000001.11,-,23,1304086,1304143,58
connexin,Homo sapiens,project/data/references/connexins/Homo_sapiens/GJD3__Q8N144.fasta,Q8N144,GJD3,gene-ACAP3,ACAP3,ArfGAP with coiled-coil%2C ankyrin repeat and PH domains 3,rna-XM_011540607.2,XM_011540607.2,NC_000001.11,-,24,1304682,1304792,111
connexin,Homo sapiens,project/data/references/connexins/Homo_sapiens/GJD3__Q8N144.fasta,Q8N144,GJD3,gene-ACAP3,ACAP3,ArfGAP with coiled-coil%2C ankyrin repeat and PH domains 3,rna-XM_005244717.4,XM_005244717.4,NC_000001.11,-,1,1292391,1293708,1318
connexin,Homo sapiens,project/data/references/connexins/Homo_sapiens/GJD3__Q8N144.fasta,Q8N144,GJD3,gene-ACAP3,ACAP3,ArfGAP with coiled-coil%2C ankyrin repeat and PH domains 3,rna-XM_005244717.4,XM_005244717.4,NC_000001.11,-,2,1293823,1293933,111
connexin,Homo sapiens,project/data/references/connexins/Homo_sapiens/GJD3__Q8N144.fasta,Q8N144,GJD3,gene-ACAP3,ACAP3,ArfGAP with coiled-coil%2C ankyrin repeat and PH domains 3,rna-XM_005244717.4,XM_005244717.4,NC_000001.11,-,3,1294090,1294199,110
connexin,Homo sapiens,project/data/references/connexins/Homo_sapiens/GJD3__Q8N144.fasta,Q8N144,GJD3,gene-ACAP3,ACAP3,ArfGAP with coiled-coil%2C ankyrin repeat and PH domains 3,rna-XM_005244717.4,XM_005244717.4,NC_000001.11,-,4,1294402,1294628,227
connexin,Homo sapiens,project/data/references/connexins/Homo_sapiens/GJD3__Q8N144.fasta,Q8N144,GJD3,gene-ACAP3,ACAP3,ArfGAP with coiled-coil%2C ankyrin repeat and PH domains 3,rna-XM_005244717.4,XM_005244717.4,NC_000001.11,-,5,1294718,1294816,99
connexin,Homo sapiens,project/data/references/connexins/Homo_sapiens/GJD3__Q8N144.fasta,Q8N144,GJD3,gene-ACAP3,ACAP3,ArfGAP with coiled-coil%2C ankyrin repeat and PH domains 3,rna-XM_005244717.4,XM_005244717.4,NC_000001.11,-,6,1295447,1295554,108
connexin,Homo sapiens,project/data/references/connexins/Homo_sapiens/GJD3__Q8N144.fasta,Q8N144,GJD3,gene-ACAP3,ACAP3,ArfGAP with coiled-coil%2C ankyrin repeat and PH domains 3,rna-XM_005244717.4,XM_005244717.4,NC_000001.11,-,7,1295736,1295938,203
connexin,Homo sapiens,project/data/references/connexins/Homo_sapiens/GJD3__Q8N144.fasta,Q8N144,GJD3,gene-ACAP3,ACAP3,ArfGAP with coiled-coil%2C ankyrin repeat and PH domains 3,rna-XM_005244717.4,XM_005244717.4,NC_000001.11,-,8,1296015,1296109,95
connexin,Homo sapiens,project/data/references/connexins/Homo_sapiens/GJD3__Q8N144.fasta,Q8N144,GJD3,gene-ACAP3,ACAP3,ArfGAP with coiled-coil%2C ankyrin repeat and PH domains 3,rna-XM_005244717.4,XM_005244717.4,NC_000001.11,-,9,1296211,1296280,70
connexin,Homo sapiens,project/data/references/connexins/Homo_sapiens/GJD3__Q8N144.fasta,Q8N144,GJD3,gene-ACAP3,ACAP3,ArfGAP with coiled-coil%2C ankyrin repeat and PH domains 3,rna-XM_005244717.4,XM_005244717.4,NC_000001.11,-,10,1296425,1296633,209
connexin,Homo sapiens,project/data/references/connexins/Homo_sapiens/GJD3__Q8N144.fasta,Q8N144,GJD3,gene-ACAP3,ACAP3,ArfGAP with coiled-coil%2C ankyrin repeat and PH domains 3,rna-XM_005244717.4,XM_005244717.4,NC_000001.11,-,11,1297822,1297933,112
connexin,Homo sapiens,project/data/references/connexins/Homo_sapiens/GJD3__Q8N144.fasta,Q8N144,GJD3,gene-ACAP3,ACAP3,ArfGAP with coiled-coil%2C ankyrin repeat and PH domains 3,rna-XM_005244717.4,XM_005244717.4,NC_000001.11,-,12,1298030,1298113,84
connexin,Homo sapiens,project/data/references/connexins/Homo_sapiens/GJD4__Q96KN9.fasta,Q96KN9,GJD4,gene-GJD4,GJD4,gap junction protein delta 4,rna-NM_153368.3,NM_153368.3,NC_000010.11,+,1,35605341,35605631,291
connexin,Homo sapiens,project/data/references/connexins/Homo_sapiens/GJD4__Q96KN9.fasta,Q96KN9,GJD4,gene-GJD4,GJD4,gap junction protein delta 4,rna-NM_153368.3,NM_153368.3,NC_000010.11,+,2,35607578,35608935,1358
connexin,Homo sapiens,project/data/references/connexins/Homo_sapiens/GJE1__A6NN92.fasta,A6NN92,GJE1,gene-GJE1,GJE1,gap junction protein epsilon 1,rna-NM_001358410.2,NM_001358410.2,NC_000006.12,+,1,142132925,142133197,273
connexin,Homo sapiens,project/data/references/connexins/Homo_sapiens/GJE1__A6NN92.fasta,A6NN92,GJE1,gene-GJE1,GJE1,gap junction protein epsilon 1,rna-NM_001358410.2,NM_001358410.2,NC_000006.12,+,2,142133850,142134044,195
connexin,Homo sapiens,project/data/references/connexins/Homo_sapiens/GJE1__A6NN92.fasta,A6NN92,GJE1,gene-GJE1,GJE1,gap junction protein epsilon 1,rna-NM_001358410.2,NM_001358410.2,NC_000006.12,+,3,142134539,142135358,820
connexin,Homo sapiens,project/data/references/connexins/Homo_sapiens/RIC1__Q4ADV7.fasta,Q4ADV7,RIC1,gene-LOC124901373,LOC124901373,guanine nucleotide exchange factor subunit RIC1-like,rna-XM_047419631.1,XM_047419631.1,NC_000006.12,+,1,108876357,108879500,3144
connexin,Hylobates moloch,project/data/references/connexins/Hylobates_moloch/GJB2__Q7JGL3.fasta,Q7JGL3,GJB2,gene-GAL3ST2,GAL3ST2,galactose-3-O-sulfotransferase 2,rna-XM_032761028.2,XM_032761028.2,NW_026652276.1,-,1,127313,129349,2037
connexin,Hylobates moloch,project/data/references/connexins/Hylobates_moloch/GJB2__Q7JGL3.fasta,Q7JGL3,GJB2,gene-GAL3ST2,GAL3ST2,galactose-3-O-sulfotransferase 2,rna-XM_032761028.2,XM_032761028.2,NW_026652276.1,-,2,130644,130899,256
connexin,Hylobates moloch,project/data/references/connexins/Hylobates_moloch/GJB2__Q7JGL3.fasta,Q7JGL3,GJB2,gene-GAL3ST2,GAL3ST2,galactose-3-O-sulfotransferase 2,rna-XM_032761028.2,XM_032761028.2,NW_026652276.1,-,3,133433,133522,90
connexin,Hylobates moloch,project/data/references/connexins/Hylobates_moloch/GJB2__Q7JGL3.fasta,Q7JGL3,GJB2,gene-GAL3ST2,GAL3ST2,galactose-3-O-sulfotransferase 2,rna-XM_032761028.2,XM_032761028.2,NW_026652276.1,-,4,134647,134668,22
connexin,Hylobates moloch,project/data/references/connexins/Hylobates_moloch/GJB2__Q7JGL3.fasta,Q7JGL3,GJB2,gene-GAL3ST2,GAL3ST2,galactose-3-O-sulfotransferase 2,rna-XM_032761028.2,XM_032761028.2,NW_026652276.1,-,5,137937,138003,67
connexin,Leucoraja erinaceus,project/data/references/connexins/Leucoraja_erinaceus/P69998__P69998.fasta,P69998,,gene-foxi2,foxi2,forkhead box I2,rna-XM_055644066.1,XM_055644066.1,NC_073377.1,-,1,2570590,2571150,561
connexin,Leucoraja erinaceus,project/data/references/connexins/Leucoraja_erinaceus/P69998__P69998.fasta,P69998,,gene-foxi2,foxi2,forkhead box I2,rna-XM_055644066.1,XM_055644066.1,NC_073377.1,-,2,2582604,2583206,603
connexin,Macaca fascicularis,project/data/references/connexins/Macaca_fascicularis/GJA1__Q4R4S7.fasta,Q4R4S7,GJA1,gene-GJA1,GJA1,gap junction protein alpha 1,rna-XM_045391601.2,XM_045391601.2,NC_088378.1,+,1,25375264,25375448,185
connexin,Macaca fascicularis,project/data/references/connexins/Macaca_fascicularis/GJA1__Q4R4S7.fasta,Q4R4S7,GJA1,gene-GJA1,GJA1,gap junction protein alpha 1,rna-XM_045391601.2,XM_045391601.2,NC_088378.1,+,2,25386258,25389148,2891
connexin,Macaca fascicularis,project/data/references/connexins/Macaca_fascicularis/GJB1__Q60HF7.fasta,Q60HF7,GJB1,gene-GJB1,GJB1,gap junction protein beta 1,rna-XM_045383368.3,XM_045383368.3,NC_088395.1,+,1,77917988,77918039,52
connexin,Macaca fascicularis,project/data/references/connexins/Macaca_fascicularis/GJB1__Q60HF7.fasta,Q60HF7,GJB1,gene-GJB1,GJB1,gap junction protein beta 1,rna-XM_045383368.3,XM_045383368.3,NC_088395.1,+,2,77926125,77926216,92
connexin,Macaca fascicularis,project/data/references/connexins/Macaca_fascicularis/GJB1__Q60HF7.fasta,Q60HF7,GJB1,gene-GJB1,GJB1,gap junction protein beta 1,rna-XM_045383368.3,XM_045383368.3,NC_088395.1,+,3,77928219,77929725,1507
connexin,Macaca fascicularis,project/data/references/connexins/Macaca_fascicularis/GJB1__Q60HF7.fasta,Q60HF7,GJB1,gene-GJB1,GJB1,gap junction protein beta 1,rna-XM_045383367.3,XM_045383367.3,NC_088395.1,+,1,77917988,77918039,52
connexin,Macaca fascicularis,project/data/references/connexins/Macaca_fascicularis/GJB1__Q60HF7.fasta,Q60HF7,GJB1,gene-GJB1,GJB1,gap junction protein beta 1,rna-XM_045383367.3,XM_045383367.3,NC_088395.1,+,2,77928219,77929725,1507
connexin,Macaca fascicularis,project/data/references/connexins/Macaca_fascicularis/GJB1__Q60HF7.fasta,Q60HF7,GJB1,gene-GJB1,GJB1,gap junction protein beta 1,rna-XM_005595692.5,XM_005595692.5,NC_088395.1,+,1,77927749,77927860,112
connexin,Macaca fascicularis,project/data/references/connexins/Macaca_fascicularis/GJB1__Q60HF7.fasta,Q60HF7,GJB1,gene-GJB1,GJB1,gap junction protein beta 1,rna-XM_005595692.5,XM_005595692.5,NC_088395.1,+,2,77928219,77929725,1507
connexin,Macaca fascicularis,project/data/references/connexins/Macaca_fascicularis/GJD4__Q9N0B3.fasta,Q9N0B3,GJD4,gene-GJD4,GJD4,gap junction protein delta 4,rna-XM_065520538.2,XM_065520538.2,NC_088383.1,+,1,36373830,36373964,135
connexin,Macaca fascicularis,project/data/references/connexins/Macaca_fascicularis/GJD4__Q9N0B3.fasta,Q9N0B3,GJD4,gene-GJD4,GJD4,gap junction protein delta 4,rna-XM_065520538.2,XM_065520538.2,NC_088383.1,+,2,36374444,36374585,142
connexin,Macaca fascicularis,project/data/references/connexins/Macaca_fascicularis/GJD4__Q9N0B3.fasta,Q9N0B3,GJD4,gene-GJD4,GJD4,gap junction protein delta 4,rna-XM_065520538.2,XM_065520538.2,NC_088383.1,+,3,36376555,36377755,1201
connexin,Macaca fascicularis,project/data/references/connexins/Macaca_fascicularis/GJD4__Q9N0B3.fasta,Q9N0B3,GJD4,gene-GJD4,GJD4,gap junction protein delta 4,rna-XM_065520537.2,XM_065520537.2,NC_088383.1,+,1,36373830,36373964,135
connexin,Macaca fascicularis,project/data/references/connexins/Macaca_fascicularis/GJD4__Q9N0B3.fasta,Q9N0B3,GJD4,gene-GJD4,GJD4,gap junction protein delta 4,rna-XM_065520537.2,XM_065520537.2,NC_088383.1,+,2,36374444,36374581,138
connexin,Macaca fascicularis,project/data/references/connexins/Macaca_fascicularis/GJD4__Q9N0B3.fasta,Q9N0B3,GJD4,gene-GJD4,GJD4,gap junction protein delta 4,rna-XM_065520537.2,XM_065520537.2,NC_088383.1,+,3,36376555,36377755,1201
connexin,Macaca mulatta,project/data/references/connexins/Macaca_mulatta/GJB2__Q8MIT8.fasta,Q8MIT8,GJB2,gene-PGBD2,PGBD2,piggyBac transposable element derived 2,rna-XM_077990760.1,XM_077990760.1,NC_133406.1,-,1,53679,57701,4023
connexin,Macaca mulatta,project/data/references/connexins/Macaca_mulatta/GJB2__Q8MIT8.fasta,Q8MIT8,GJB2,gene-PGBD2,PGBD2,piggyBac transposable element derived 2,rna-XM_077990760.1,XM_077990760.1,NC_133406.1,-,2,60430,60493,64
connexin,Macaca mulatta,project/data/references/connexins/Macaca_mulatta/GJB2__Q8MIT8.fasta,Q8MIT8,GJB2,gene-PGBD2,PGBD2,piggyBac transposable element derived 2,rna-XM_077990760.1,XM_077990760.1,NC_133406.1,-,3,65188,65470,283
connexin,Macaca mulatta,project/data/references/connexins/Macaca_mulatta/GJB2__Q8MIT8.fasta,Q8MIT8,GJB2,gene-PGBD2,PGBD2,piggyBac transposable element derived 2,rna-XM_077990760.1,XM_077990760.1,NC_133406.1,-,4,73210,73341,132
connexin,Macaca mulatta,project/data/references/connexins/Macaca_mulatta/GJB2__Q8MIT8.fasta,Q8MIT8,GJB2,gene-PGBD2,PGBD2,piggyBac transposable element derived 2,rna-XM_077990764.1,XM_077990764.1,NC_133406.1,-,1,53679,57024,3346
connexin,Macaca mulatta,project/data/references/connexins/Macaca_mulatta/GJB2__Q8MIT8.fasta,Q8MIT8,GJB2,gene-PGBD2,PGBD2,piggyBac transposable element derived 2,rna-XM_077990764.1,XM_077990764.1,NC_133406.1,-,2,60430,60493,64
connexin,Macaca mulatta,project/data/references/connexins/Macaca_mulatta/GJB2__Q8MIT8.fasta,Q8MIT8,GJB2,gene-PGBD2,PGBD2,piggyBac transposable element derived 2,rna-XM_077990764.1,XM_077990764.1,NC_133406.1,-,3,73210,73317,108
connexin,Macaca mulatta,project/data/references/connexins/Macaca_mulatta/GJB2__Q8MIT8.fasta,Q8MIT8,GJB2,gene-PGBD2,PGBD2,piggyBac transposable element derived 2,rna-NM_001258110.1,NM_001258110.1,NC_133406.1,-,1,55368,57701,2334
connexin,Macaca mulatta,project/data/references/connexins/Macaca_mulatta/GJB2__Q8MIT8.fasta,Q8MIT8,GJB2,gene-PGBD2,PGBD2,piggyBac transposable element derived 2,rna-NM_001258110.1,NM_001258110.1,NC_133406.1,-,2,60430,60493,64
connexin,Macaca mulatta,project/data/references/connexins/Macaca_mulatta/GJB2__Q8MIT8.fasta,Q8MIT8,GJB2,gene-PGBD2,PGBD2,piggyBac transposable element derived 2,rna-NM_001258110.1,NM_001258110.1,NC_133406.1,-,3,73210,73304,95
connexin,Mesocricetus auratus,project/data/references/connexins/Mesocricetus_auratus/GJC1__Q6PYT3.fasta,Q6PYT3,GJC1,gene-Gjc1,Gjc1,gap junction protein gamma 1,rna-XM_021226955.2,XM_021226955.2,NW_024429191.1,+,1,79768402,79768823,422
connexin,Mesocricetus auratus,project/data/references/connexins/Mesocricetus_auratus/GJC1__Q6PYT3.fasta,Q6PYT3,GJC1,gene-Gjc1,Gjc1,gap junction protein gamma 1,rna-XM_021226955.2,XM_021226955.2,NW_024429191.1,+,2,79788975,79789050,76
connexin,Mesocricetus auratus,project/data/references/connexins/Mesocricetus_auratus/GJC1__Q6PYT3.fasta,Q6PYT3,GJC1,gene-Gjc1,Gjc1,gap junction protein gamma 1,rna-XM_021226955.2,XM_021226955.2,NW_024429191.1,+,3,79790405,79792121,1717
connexin,Mesocricetus auratus,project/data/references/connexins/Mesocricetus_auratus/GJC1__Q6PYT3.fasta,Q6PYT3,GJC1,gene-Gjc1,Gjc1,gap junction protein gamma 1,rna-NM_001281548.1,NM_001281548.1,NW_024429191.1,+,1,79770482,79770624,143
connexin,Mesocricetus auratus,project/data/references/connexins/Mesocricetus_auratus/GJC1__Q6PYT3.fasta,Q6PYT3,GJC1,gene-Gjc1,Gjc1,gap junction protein gamma 1,rna-NM_001281548.1,NM_001281548.1,NW_024429191.1,+,2,79788975,79789050,76
connexin,Mesocricetus auratus,project/data/references/connexins/Mesocricetus_auratus/GJC1__Q6PYT3.fasta,Q6PYT3,GJC1,gene-Gjc1,Gjc1,gap junction protein gamma 1,rna-NM_001281548.1,NM_001281548.1,NW_024429191.1,+,3,79790405,79791722,1318
connexin,Mesocricetus auratus,project/data/references/connexins/Mesocricetus_auratus/GJC1__Q6PYT3.fasta,Q6PYT3,GJC1,gene-Gjc1,Gjc1,gap junction protein gamma 1,rna-XM_040747912.1,XM_040747912.1,NW_024429191.1,+,1,79770977,79771081,105
connexin,Mesocricetus auratus,project/data/references/connexins/Mesocricetus_auratus/GJC1__Q6PYT3.fasta,Q6PYT3,GJC1,gene-Gjc1,Gjc1,gap junction protein gamma 1,rna-XM_040747912.1,XM_040747912.1,NW_024429191.1,+,2,79788975,79789050,76
connexin,Mesocricetus auratus,project/data/references/connexins/Mesocricetus_auratus/GJC1__Q6PYT3.fasta,Q6PYT3,GJC1,gene-Gjc1,Gjc1,gap junction protein gamma 1,rna-XM_040747912.1,XM_040747912.1,NW_024429191.1,+,3,79790405,79792121,1717
connexin,Mesocricetus auratus,project/data/references/connexins/Mesocricetus_auratus/GJC1__Q6PYT3.fasta,Q6PYT3,GJC1,gene-Gjc1,Gjc1,gap junction protein gamma 1,rna-XM_040747911.1,XM_040747911.1,NW_024429191.1,+,1,79771062,79771171,110
connexin,Mesocricetus auratus,project/data/references/connexins/Mesocricetus_auratus/GJC1__Q6PYT3.fasta,Q6PYT3,GJC1,gene-Gjc1,Gjc1,gap junction protein gamma 1,rna-XM_040747911.1,XM_040747911.1,NW_024429191.1,+,2,79788975,79789050,76
connexin,Mesocricetus auratus,project/data/references/connexins/Mesocricetus_auratus/GJC1__Q6PYT3.fasta,Q6PYT3,GJC1,gene-Gjc1,Gjc1,gap junction protein gamma 1,rna-XM_040747911.1,XM_040747911.1,NW_024429191.1,+,3,79790405,79792121,1717
connexin,Mesocricetus auratus,project/data/references/connexins/Mesocricetus_auratus/GJC1__Q6PYT3.fasta,Q6PYT3,GJC1,gene-Gjc1,Gjc1,gap junction protein gamma 1,rna-XM_021226957.2,XM_021226957.2,NW_024429191.1,+,1,79771572,79772045,474
connexin,Mesocricetus auratus,project/data/references/connexins/Mesocricetus_auratus/GJC1__Q6PYT3.fasta,Q6PYT3,GJC1,gene-Gjc1,Gjc1,gap junction protein gamma 1,rna-XM_021226957.2,XM_021226957.2,NW_024429191.1,+,2,79788975,79789050,76
connexin,Mesocricetus auratus,project/data/references/connexins/Mesocricetus_auratus/GJC1__Q6PYT3.fasta,Q6PYT3,GJC1,gene-Gjc1,Gjc1,gap junction protein gamma 1,rna-XM_021226957.2,XM_021226957.2,NW_024429191.1,+,3,79790405,79792121,1717
connexin,Mesocricetus auratus,project/data/references/connexins/Mesocricetus_auratus/GJC1__Q6PYT3.fasta,Q6PYT3,GJC1,gene-Gjc1,Gjc1,gap junction protein gamma 1,rna-XM_021226956.2,XM_021226956.2,NW_024429191.1,+,1,79786035,79786255,221
connexin,Mesocricetus auratus,project/data/references/connexins/Mesocricetus_auratus/GJC1__Q6PYT3.fasta,Q6PYT3,GJC1,gene-Gjc1,Gjc1,gap junction protein gamma 1,rna-XM_021226956.2,XM_021226956.2,NW_024429191.1,+,2,79788975,79789050,76
connexin,Mesocricetus auratus,project/data/references/connexins/Mesocricetus_auratus/GJC1__Q6PYT3.fasta,Q6PYT3,GJC1,gene-Gjc1,Gjc1,gap junction protein gamma 1,rna-XM_021226956.2,XM_021226956.2,NW_024429191.1,+,3,79790405,79792121,1717
connexin,Mus musculus,project/data/references/connexins/Mus_musculus/Gja10__Q9WUS4.fasta,Q9WUS4,Gja10,gene-Gja10,Gja10,gap junction protein%2C alpha 10,rna-NM_001411853.1,NM_001411853.1,NC_000070.7,-,1,32594595,32596998,2404
connexin,Mus musculus,project/data/references/connexins/Mus_musculus/Gja10__Q9WUS4.fasta,Q9WUS4,Gja10,gene-Gja10,Gja10,gap junction protein%2C alpha 10,rna-NM_001411853.1,NM_001411853.1,NC_000070.7,-,2,32600943,32602398,1456
connexin,Mus musculus,project/data/references/connexins/Mus_musculus/Gja10__Q9WUS4.fasta,Q9WUS4,Gja10,gene-Gja10,Gja10,gap junction protein%2C alpha 10,rna-NM_001411853.1,NM_001411853.1,NC_000070.7,-,3,32607269,32607382,114
connexin,Mus musculus,project/data/references/connexins/Mus_musculus/Gja1__P23242.fasta,P23242,Gja1,gene-Gja1,Gja1,gap junction protein%2C alpha 1,rna-XM_036155617.1,XM_036155617.1,NC_000076.7,+,1,56253297,56253438,142
connexin,Mus musculus,project/data/references/connexins/Mus_musculus/Gja1__P23242.fasta,P23242,Gja1,gene-Gja1,Gja1,gap junction protein%2C alpha 1,rna-XM_036155617.1,XM_036155617.1,NC_000076.7,+,2,56263630,56266519,2890
connexin,Mus musculus,project/data/references/connexins/Mus_musculus/Gja1__P23242.fasta,P23242,Gja1,gene-Gja1,Gja1,gap junction protein%2C alpha 1,rna-NM_010288.3,NM_010288.3,NC_000076.7,+,1,56253396,56253614,219
connexin,Mus musculus,project/data/references/connexins/Mus_musculus/Gja1__P23242.fasta,P23242,Gja1,gene-Gja1,Gja1,gap junction protein%2C alpha 1,rna-NM_010288.3,NM_010288.3,NC_000076.7,+,2,56263630,56266515,2886
connexin,Mus musculus,project/data/references/connexins/Mus_musculus/Gja3__Q64448.fasta,Q64448,Gja3,gene-Gja3,Gja3,gap junction protein%2C alpha 3,rna-NM_016975.3,NM_016975.3,NC_000080.7,-,1,57271917,57274387,2471
connexin,Mus musculus,project/data/references/connexins/Mus_musculus/Gja3__Q64448.fasta,Q64448,Gja3,gene-Gja3,Gja3,gap junction protein%2C alpha 3,rna-NM_016975.3,NM_016975.3,NC_000080.7,-,2,57295263,57295487,225
connexin,Mus musculus,project/data/references/connexins/Mus_musculus/Gja3__Q64448.fasta,Q64448,Gja3,gene-Gja3,Gja3,gap junction protein%2C alpha 3,rna-NM_001271623.1,NM_001271623.1,NC_000080.7,-,1,57271917,57274387,2471
connexin,Mus musculus,project/data/references/connexins/Mus_musculus/Gja3__Q64448.fasta,Q64448,Gja3,gene-Gja3,Gja3,gap junction protein%2C alpha 3,rna-NM_001271623.1,NM_001271623.1,NC_000080.7,-,2,57294984,57295180,197
connexin,Mus musculus,project/data/references/connexins/Mus_musculus/Gja3__Q64448.fasta,Q64448,Gja3,gene-Gja3,Gja3,gap junction protein%2C alpha 3,rna-XM_011244959.1,XM_011244959.1,NC_000080.7,-,1,57271988,57274387,2400
connexin,Mus musculus,project/data/references/connexins/Mus_musculus/Gja3__Q64448.fasta,Q64448,Gja3,gene-Gja3,Gja3,gap junction protein%2C alpha 3,rna-XM_011244959.1,XM_011244959.1,NC_000080.7,-,2,57293699,57293745,47
connexin,Mus musculus,project/data/references/connexins/Mus_musculus/Gja3__Q64448.fasta,Q64448,Gja3,gene-Gja3,Gja3,gap junction protein%2C alpha 3,rna-XM_011244959.1,XM_011244959.1,NC_000080.7,-,3,57294984,57295181,198
connexin,Mus musculus,project/data/references/connexins/Mus_musculus/Gja4__P28235.fasta,P28235,Gja4,gene-Gja4,Gja4,gap junction protein%2C alpha 4,rna-NM_008120.3,NM_008120.3,NC_000070.7,-,1,127205213,127206778,1566
connexin,Mus musculus,project/data/references/connexins/Mus_musculus/Gja4__P28235.fasta,P28235,Gja4,gene-Gja4,Gja4,gap junction protein%2C alpha 4,rna-NM_008120.3,NM_008120.3,NC_000070.7,-,2,127207713,127207832,120
connexin,Mus musculus,project/data/references/connexins/Mus_musculus/Gja5__Q01231.fasta,Q01231,Gja5,gene-Gja5,Gja5,gap junction protein%2C alpha 5,rna-NM_001271628.1,NM_001271628.1,NC_000069.7,+,1,96939718,96939801,84
connexin,Mus musculus,project/data/references/connexins/Mus_musculus/Gja5__Q01231.fasta,Q01231,Gja5,gene-Gja5,Gja5,gap junction protein%2C alpha 5,rna-NM_001271628.1,NM_001271628.1,NC_000069.7,+,2,96945038,96945094,57
connexin,Mus musculus,project/data/references/connexins/Mus_musculus/Gja5__Q01231.fasta,Q01231,Gja5,gene-Gja5,Gja5,gap junction protein%2C alpha 5,rna-NM_001271628.1,NM_001271628.1,NC_000069.7,+,3,96957912,96960950,3039
connexin,Mus musculus,project/data/references/connexins/Mus_musculus/Gja5__Q01231.fasta,Q01231,Gja5,gene-Gja5,Gja5,gap junction protein%2C alpha 5,rna-NM_008121.3,NM_008121.3,NC_000069.7,+,1,96939718,96939801,84
connexin,Mus musculus,project/data/references/connexins/Mus_musculus/Gja5__Q01231.fasta,Q01231,Gja5,gene-Gja5,Gja5,gap junction protein%2C alpha 5,rna-NM_008121.3,NM_008121.3,NC_000069.7,+,2,96957912,96960950,3039
connexin,Mus musculus,project/data/references/connexins/Mus_musculus/Gja6__Q6S5G4.fasta,Q6S5G4,Gja6,gene-Gja6,Gja6,gap junction protein%2C alpha 6,rna-NM_001001496.2,NM_001001496.2,NC_000086.8,-,1,159685112,159686986,1875
connexin,Mus musculus,project/data/references/connexins/Mus_musculus/Gja6__Q6S5G4.fasta,Q6S5G4,Gja6,gene-Gja6,Gja6,gap junction protein%2C alpha 6,rna-NM_001001496.2,NM_001001496.2,NC_000086.8,-,2,159689907,159690048,142
connexin,Mus musculus,project/data/references/connexins/Mus_musculus/Gja8__P28236.fasta,P28236,Gja8,gene-Gja8,Gja8,gap junction protein%2C alpha 8,rna-NM_008123.3,NM_008123.3,NC_000069.7,-,1,96820882,96827666,6785
connexin,Mus musculus,project/data/references/connexins/Mus_musculus/Gja8__P28236.fasta,P28236,Gja8,gene-Gja8,Gja8,gap junction protein%2C alpha 8,rna-NM_008123.3,NM_008123.3,NC_000069.7,-,2,96833182,96833367,186
connexin,Mus musculus,project/data/references/connexins/Mus_musculus/Gjb1__P28230.fasta,P28230,Gjb1,gene-Gjb1,Gjb1,gap junction protein%2C beta 1,rna-NM_001302496.1,NM_001302496.1,NC_000086.8,+,1,100419982,100420018,37
connexin,Mus musculus,project/data/references/connexins/Mus_musculus/Gjb1__P28230.fasta,P28230,Gjb1,gene-Gjb1,Gjb1,gap junction protein%2C beta 1,rna-NM_001302496.1,NM_001302496.1,NC_000086.8,+,2,100427758,100429235,1478
connexin,Mus musculus,project/data/references/connexins/Mus_musculus/Gjb1__P28230.fasta,P28230,Gjb1,gene-Gjb1,Gjb1,gap junction protein%2C beta 1,rna-NM_008124.3,NM_008124.3,NC_000086.8,+,1,100420841,100420965,125
connexin,Mus musculus,project/data/references/connexins/Mus_musculus/Gjb1__P28230.fasta,P28230,Gjb1,gene-Gjb1,Gjb1,gap junction protein%2C beta 1,rna-NM_008124.3,NM_008124.3,NC_000086.8,+,2,100427758,100429235,1478
connexin,Mus musculus,project/data/references/connexins/Mus_musculus/Gjb1__P28230.fasta,P28230,Gjb1,gene-Gjb1,Gjb1,gap junction protein%2C beta 1,rna-XM_030251227.2,XM_030251227.2,NC_000086.8,+,1,100420879,100420965,87
connexin,Mus musculus,project/data/references/connexins/Mus_musculus/Gjb1__P28230.fasta,P28230,Gjb1,gene-Gjb1,Gjb1,gap junction protein%2C beta 1,rna-XM_030251227.2,XM_030251227.2,NC_000086.8,+,2,100427111,100427448,338
connexin,Mus musculus,project/data/references/connexins/Mus_musculus/Gjb1__P28230.fasta,P28230,Gjb1,gene-Gjb1,Gjb1,gap junction protein%2C beta 1,rna-XM_030251227.2,XM_030251227.2,NC_000086.8,+,3,100427758,100429235,1478
connexin,Mus musculus,project/data/references/connexins/Mus_musculus/Gjb1__P28230.fasta,P28230,Gjb1,gene-Gjb1,Gjb1,gap junction protein%2C beta 1,rna-NM_001302498.1,NM_001302498.1,NC_000086.8,+,1,100425724,100425781,58
connexin,Mus musculus,project/data/references/connexins/Mus_musculus/Gjb1__P28230.fasta,P28230,Gjb1,gene-Gjb1,Gjb1,gap junction protein%2C beta 1,rna-NM_001302498.1,NM_001302498.1,NC_000086.8,+,2,100427758,100429235,1478
connexin,Mus musculus,project/data/references/connexins/Mus_musculus/Gjb1__P28230.fasta,P28230,Gjb1,gene-Gjb1,Gjb1,gap junction protein%2C beta 1,rna-NM_001302497.1,NM_001302497.1,NC_000086.8,+,1,100427338,100427448,111
connexin,Mus musculus,project/data/references/connexins/Mus_musculus/Gjb1__P28230.fasta,P28230,Gjb1,gene-Gjb1,Gjb1,gap junction protein%2C beta 1,rna-NM_001302497.1,NM_001302497.1,NC_000086.8,+,2,100427758,100429235,1478
connexin,Mus musculus,project/data/references/connexins/Mus_musculus/Gjb2__Q00977.fasta,Q00977,Gjb2,gene-Oprk1,Oprk1,opioid receptor%2C kappa 1,rna-XM_006495470.1,XM_006495470.1,NC_000067.7,+,1,5658673,5658886,214
connexin,Mus musculus,project/data/references/connexins/Mus_musculus/Gjb2__Q00977.fasta,Q00977,Gjb2,gene-Oprk1,Oprk1,opioid receptor%2C kappa 1,rna-XM_006495470.1,XM_006495470.1,NC_000067.7,+,2,5668813,5669165,353
connexin,Mus musculus,project/data/references/connexins/Mus_musculus/Gjb2__Q00977.fasta,Q00977,Gjb2,gene-Oprk1,Oprk1,opioid receptor%2C kappa 1,rna-XM_006495470.1,XM_006495470.1,NC_000067.7,+,3,5672475,5676357,3883
connexin,Mus musculus,project/data/references/connexins/Mus_musculus/Gjb2__Q00977.fasta,Q00977,Gjb2,gene-Oprk1,Oprk1,opioid receptor%2C kappa 1,rna-NM_001204371.1,NM_001204371.1,NC_000067.7,+,1,5658716,5658886,171
connexin,Mus musculus,project/data/references/connexins/Mus_musculus/Gjb2__Q00977.fasta,Q00977,Gjb2,gene-Oprk1,Oprk1,opioid receptor%2C kappa 1,rna-NM_001204371.1,NM_001204371.1,NC_000067.7,+,2,5659228,5659528,301
connexin,Mus musculus,project/data/references/connexins/Mus_musculus/Gjb2__Q00977.fasta,Q00977,Gjb2,gene-Oprk1,Oprk1,opioid receptor%2C kappa 1,rna-NM_001204371.1,NM_001204371.1,NC_000067.7,+,3,5668813,5669165,353
connexin,Mus musculus,project/data/references/connexins/Mus_musculus/Gjb2__Q00977.fasta,Q00977,Gjb2,gene-Oprk1,Oprk1,opioid receptor%2C kappa 1,rna-NM_001204371.1,NM_001204371.1,NC_000067.7,+,4,5672475,5676356,3882
connexin,Mus musculus,project/data/references/connexins/Mus_musculus/Gjb2__Q00977.fasta,Q00977,Gjb2,gene-Oprk1,Oprk1,opioid receptor%2C kappa 1,rna-NM_001318735.1,NM_001318735.1,NC_000067.7,+,1,5658716,5658886,171
connexin,Mus musculus,project/data/references/connexins/Mus_musculus/Gjb2__Q00977.fasta,Q00977,Gjb2,gene-Oprk1,Oprk1,opioid receptor%2C kappa 1,rna-NM_001318735.1,NM_001318735.1,NC_000067.7,+,2,5659228,5659528,301
connexin,Mus musculus,project/data/references/connexins/Mus_musculus/Gjb2__Q00977.fasta,Q00977,Gjb2,gene-Oprk1,Oprk1,opioid receptor%2C kappa 1,rna-NM_001318735.1,NM_001318735.1,NC_000067.7,+,3,5668813,5669165,353
connexin,Mus musculus,project/data/references/connexins/Mus_musculus/Gjb2__Q00977.fasta,Q00977,Gjb2,gene-Oprk1,Oprk1,opioid receptor%2C kappa 1,rna-NM_001318735.1,NM_001318735.1,NC_000067.7,+,4,5672475,5676356,3882
connexin,Mus musculus,project/data/references/connexins/Mus_musculus/Gjb2__Q00977.fasta,Q00977,Gjb2,gene-Oprk1,Oprk1,opioid receptor%2C kappa 1,rna-NM_011011.2,NM_011011.2,NC_000067.7,+,1,5658716,5658886,171
connexin,Mus musculus,project/data/references/connexins/Mus_musculus/Gjb2__Q00977.fasta,Q00977,Gjb2,gene-Oprk1,Oprk1,opioid receptor%2C kappa 1,rna-NM_011011.2,NM_011011.2,NC_000067.7,+,2,5659258,5659528,271
connexin,Mus musculus,project/data/references/connexins/Mus_musculus/Gjb2__Q00977.fasta,Q00977,Gjb2,gene-Oprk1,Oprk1,opioid receptor%2C kappa 1,rna-NM_011011.2,NM_011011.2,NC_000067.7,+,3,5668813,5669165,353
connexin,Mus musculus,project/data/references/connexins/Mus_musculus/Gjb2__Q00977.fasta,Q00977,Gjb2,gene-Oprk1,Oprk1,opioid receptor%2C kappa 1,rna-NM_011011.2,NM_011011.2,NC_000067.7,+,4,5672475,5676356,3882
connexin,Mus musculus,project/data/references/connexins/Mus_musculus/Gjb3__P28231.fasta,P28231,Gjb3,gene-Gjb3,Gjb3,gap junction protein%2C beta 3,rna-NM_001160012.2,NM_001160012.2,NC_000070.7,-,1,127219028,127220564,1537
connexin,Mus musculus,project/data/references/connexins/Mus_musculus/Gjb3__P28231.fasta,P28231,Gjb3,gene-Gjb3,Gjb3,gap junction protein%2C beta 3,rna-NM_001160012.2,NM_001160012.2,NC_000070.7,-,2,127224295,127224633,339
connexin,Mus musculus,project/data/references/connexins/Mus_musculus/Gjb3__P28231.fasta,P28231,Gjb3,gene-Gjb3,Gjb3,gap junction protein%2C beta 3,rna-NM_008126.3,NM_008126.3,NC_000070.7,-,1,127219028,127220564,1537
connexin,Mus musculus,project/data/references/connexins/Mus_musculus/Gjb3__P28231.fasta,P28231,Gjb3,gene-Gjb3,Gjb3,gap junction protein%2C beta 3,rna-NM_008126.3,NM_008126.3,NC_000070.7,-,2,127222869,127222929,61
connexin,Mus musculus,project/data/references/connexins/Mus_musculus/Gjb4__Q02738.fasta,Q02738,Gjb4,gene-Gjb4,Gjb4,gap junction protein%2C beta 4,rna-NM_001420868.1,NM_001420868.1,NC_000070.7,-,1,127234892,127236173,1282
connexin,Mus musculus,project/data/references/connexins/Mus_musculus/Gjb4__Q02738.fasta,Q02738,Gjb4,gene-Gjb4,Gjb4,gap junction protein%2C beta 4,rna-NM_001420868.1,NM_001420868.1,NC_000070.7,-,2,127245153,127246274,1122
connexin,Mus musculus,project/data/references/connexins/Mus_musculus/Gjb4__Q02738.fasta,Q02738,Gjb4,gene-Gjb4,Gjb4,gap junction protein%2C beta 4,rna-NM_001420868.1,NM_001420868.1,NC_000070.7,-,3,127247826,127247874,49
connexin,Mus musculus,project/data/references/connexins/Mus_musculus/Gjb4__Q02738.fasta,Q02738,Gjb4,gene-Gjb4,Gjb4,gap junction protein%2C beta 4,rna-XM_017319976.3,XM_017319976.3,NC_000070.7,-,1,127234902,127236173,1272
connexin,Mus musculus,project/data/references/connexins/Mus_musculus/Gjb4__Q02738.fasta,Q02738,Gjb4,gene-Gjb4,Gjb4,gap junction protein%2C beta 4,rna-XM_017319976.3,XM_017319976.3,NC_000070.7,-,2,127245153,127246271,1119
connexin,Mus musculus,project/data/references/connexins/Mus_musculus/Gjb4__Q02738.fasta,Q02738,Gjb4,gene-Gjb4,Gjb4,gap junction protein%2C beta 4,rna-XM_017319976.3,XM_017319976.3,NC_000070.7,-,3,127247826,127247929,104
connexin,Mus musculus,project/data/references/connexins/Mus_musculus/Gjb4__Q02738.fasta,Q02738,Gjb4,gene-Gjb4,Gjb4,gap junction protein%2C beta 4,rna-NM_001420869.1,NM_001420869.1,NC_000070.7,-,1,127243575,127246271,2697
connexin,Mus musculus,project/data/references/connexins/Mus_musculus/Gjb4__Q02738.fasta,Q02738,Gjb4,gene-Gjb4,Gjb4,gap junction protein%2C beta 4,rna-NM_001420869.1,NM_001420869.1,NC_000070.7,-,2,127247826,127247874,49
connexin,Mus musculus,project/data/references/connexins/Mus_musculus/Gjb4__Q02738.fasta,Q02738,Gjb4,gene-Gjb4,Gjb4,gap junction protein%2C beta 4,rna-NM_008127.5,NM_008127.5,NC_000070.7,-,1,127243575,127246274,2700
connexin,Mus musculus,project/data/references/connexins/Mus_musculus/Gjb4__Q02738.fasta,Q02738,Gjb4,gene-Gjb4,Gjb4,gap junction protein%2C beta 4,rna-NM_008127.5,NM_008127.5,NC_000070.7,-,2,127247826,127247874,49
connexin,Mus musculus,project/data/references/connexins/Mus_musculus/Gjb5__Q02739.fasta,Q02739,Gjb5,gene-Cops5,Cops5,COP9 signalosome subunit 5,rna-NR_102282.1,NR_102282.1,NC_000067.7,-,1,10094825,10095288,464
connexin,Mus musculus,project/data/references/connexins/Mus_musculus/Gjb5__Q02739.fasta,Q02739,Gjb5,gene-Cops5,Cops5,COP9 signalosome subunit 5,rna-NR_102282.1,NR_102282.1,NC_000067.7,-,2,10097328,10097476,149
connexin,Mus musculus,project/data/references/connexins/Mus_musculus/Gjb5__Q02739.fasta,Q02739,Gjb5,gene-Cops5,Cops5,COP9 signalosome subunit 5,rna-NR_102282.1,NR_102282.1,NC_000067.7,-,3,10100824,10100935,112
connexin,Mus musculus,project/data/references/connexins/Mus_musculus/Gjb5__Q02739.fasta,Q02739,Gjb5,gene-Cops5,Cops5,COP9 signalosome subunit 5,rna-NR_102282.1,NR_102282.1,NC_000067.7,-,4,10102564,10102649,86
connexin,Mus musculus,project/data/references/connexins/Mus_musculus/Gjb5__Q02739.fasta,Q02739,Gjb5,gene-Cops5,Cops5,COP9 signalosome subunit 5,rna-NR_102282.1,NR_102282.1,NC_000067.7,-,5,10103483,10103548,66
connexin,Mus musculus,project/data/references/connexins/Mus_musculus/Gjb5__Q02739.fasta,Q02739,Gjb5,gene-Cops5,Cops5,COP9 signalosome subunit 5,rna-NR_102282.1,NR_102282.1,NC_000067.7,-,6,10104233,10104361,129
connexin,Mus musculus,project/data/references/connexins/Mus_musculus/Gjb5__Q02739.fasta,Q02739,Gjb5,gene-Cops5,Cops5,COP9 signalosome subunit 5,rna-NR_102282.1,NR_102282.1,NC_000067.7,-,7,10105154,10105388,235
connexin,Mus musculus,project/data/references/connexins/Mus_musculus/Gjb5__Q02739.fasta,Q02739,Gjb5,gene-Cops5,Cops5,COP9 signalosome subunit 5,rna-NR_102282.1,NR_102282.1,NC_000067.7,-,8,10107887,10108384,498
connexin,Mus musculus,project/data/references/connexins/Mus_musculus/Gjb5__Q02739.fasta,Q02739,Gjb5,gene-Cops5,Cops5,COP9 signalosome subunit 5,rna-NM_001277101.1,NM_001277101.1,NC_000067.7,-,1,10094825,10095288,464
connexin,Mus musculus,project/data/references/connexins/Mus_musculus/Gjb5__Q02739.fasta,Q02739,Gjb5,gene-Cops5,Cops5,COP9 signalosome subunit 5,rna-NM_001277101.1,NM_001277101.1,NC_000067.7,-,2,10097328,10097476,149
connexin,Mus musculus,project/data/references/connexins/Mus_musculus/Gjb5__Q02739.fasta,Q02739,Gjb5,gene-Cops5,Cops5,COP9 signalosome subunit 5,rna-NM_001277101.1,NM_001277101.1,NC_000067.7,-,3,10100824,10100935,112
connexin,Mus musculus,project/data/references/connexins/Mus_musculus/Gjb5__Q02739.fasta,Q02739,Gjb5,gene-Cops5,Cops5,COP9 signalosome subunit 5,rna-NM_001277101.1,NM_001277101.1,NC_000067.7,-,4,10102564,10102649,86
connexin,Mus musculus,project/data/references/connexins/Mus_musculus/Gjb5__Q02739.fasta,Q02739,Gjb5,gene-Cops5,Cops5,COP9 signalosome subunit 5,rna-NM_001277101.1,NM_001277101.1,NC_000067.7,-,5,10103483,10103548,66
connexin,Mus musculus,project/data/references/connexins/Mus_musculus/Gjb5__Q02739.fasta,Q02739,Gjb5,gene-Cops5,Cops5,COP9 signalosome subunit 5,rna-NM_001277101.1,NM_001277101.1,NC_000067.7,-,6,10104233,10104361,129
connexin,Mus musculus,project/data/references/connexins/Mus_musculus/Gjb5__Q02739.fasta,Q02739,Gjb5,gene-Cops5,Cops5,COP9 signalosome subunit 5,rna-NM_001277101.1,NM_001277101.1,NC_000067.7,-,7,10105154,10105388,235
connexin,Mus musculus,project/data/references/connexins/Mus_musculus/Gjb5__Q02739.fasta,Q02739,Gjb5,gene-Cops5,Cops5,COP9 signalosome subunit 5,rna-NM_001277101.1,NM_001277101.1,NC_000067.7,-,8,10108144,10108384,241
connexin,Mus musculus,project/data/references/connexins/Mus_musculus/Gjb5__Q02739.fasta,Q02739,Gjb5,gene-Cops5,Cops5,COP9 signalosome subunit 5,rna-NM_013715.2,NM_013715.2,NC_000067.7,-,1,10094825,10095288,464
connexin,Mus musculus,project/data/references/connexins/Mus_musculus/Gjb5__Q02739.fasta,Q02739,Gjb5,gene-Cops5,Cops5,COP9 signalosome subunit 5,rna-NM_013715.2,NM_013715.2,NC_000067.7,-,2,10097328,10097476,149
connexin,Mus musculus,project/data/references/connexins/Mus_musculus/Gjb5__Q02739.fasta,Q02739,Gjb5,gene-Cops5,Cops5,COP9 signalosome subunit 5,rna-NM_013715.2,NM_013715.2,NC_000067.7,-,3,10100824,10100935,112
connexin,Mus musculus,project/data/references/connexins/Mus_musculus/Gjb5__Q02739.fasta,Q02739,Gjb5,gene-Cops5,Cops5,COP9 signalosome subunit 5,rna-NM_013715.2,NM_013715.2,NC_000067.7,-,4,10102564,10102649,86
connexin,Mus musculus,project/data/references/connexins/Mus_musculus/Gjb5__Q02739.fasta,Q02739,Gjb5,gene-Cops5,Cops5,COP9 signalosome subunit 5,rna-NM_013715.2,NM_013715.2,NC_000067.7,-,5,10103483,10103548,66
connexin,Mus musculus,project/data/references/connexins/Mus_musculus/Gjb5__Q02739.fasta,Q02739,Gjb5,gene-Cops5,Cops5,COP9 signalosome subunit 5,rna-NM_013715.2,NM_013715.2,NC_000067.7,-,6,10104233,10104361,129
connexin,Mus musculus,project/data/references/connexins/Mus_musculus/Gjb5__Q02739.fasta,Q02739,Gjb5,gene-Cops5,Cops5,COP9 signalosome subunit 5,rna-NM_013715.2,NM_013715.2,NC_000067.7,-,7,10105154,10105388,235
connexin,Mus musculus,project/data/references/connexins/Mus_musculus/Gjb5__Q02739.fasta,Q02739,Gjb5,gene-Cops5,Cops5,COP9 signalosome subunit 5,rna-NM_013715.2,NM_013715.2,NC_000067.7,-,8,10107895,10108384,490
connexin,Mus musculus,project/data/references/connexins/Mus_musculus/Gjb6__P70689.fasta,P70689,Gjb6,gene-Gjb6,Gjb6,gap junction protein%2C beta 6,rna-NM_001010937.3,NM_001010937.3,NC_000080.7,-,1,57360760,57362273,1514
connexin,Mus musculus,project/data/references/connexins/Mus_musculus/Gjb6__P70689.fasta,P70689,Gjb6,gene-Gjb6,Gjb6,gap junction protein%2C beta 6,rna-NM_001010937.3,NM_001010937.3,NC_000080.7,-,2,57368257,57368421,165
connexin,Mus musculus,project/data/references/connexins/Mus_musculus/Gjb6__P70689.fasta,P70689,Gjb6,gene-Gjb6,Gjb6,gap junction protein%2C beta 6,rna-NM_001010937.3,NM_001010937.3,NC_000080.7,-,3,57370643,57370764,122
connexin,Mus musculus,project/data/references/connexins/Mus_musculus/Gjb6__P70689.fasta,P70689,Gjb6,gene-Gjb6,Gjb6,gap junction protein%2C beta 6,rna-NM_001271663.2,NM_001271663.2,NC_000080.7,-,1,57360760,57362273,1514
connexin,Mus musculus,project/data/references/connexins/Mus_musculus/Gjb6__P70689.fasta,P70689,Gjb6,gene-Gjb6,Gjb6,gap junction protein%2C beta 6,rna-NM_001271663.2,NM_001271663.2,NC_000080.7,-,2,57368166,57368421,256
connexin,Mus musculus,project/data/references/connexins/Mus_musculus/Gjb6__P70689.fasta,P70689,Gjb6,gene-Gjb6,Gjb6,gap junction protein%2C beta 6,rna-NM_001271663.2,NM_001271663.2,NC_000080.7,-,3,57370643,57370764,122
connexin,Mus musculus,project/data/references/connexins/Mus_musculus/Gjb6__P70689.fasta,P70689,Gjb6,gene-Gjb6,Gjb6,gap junction protein%2C beta 6,rna-NM_001424448.1,NM_001424448.1,NC_000080.7,-,1,57360760,57362273,1514
connexin,Mus musculus,project/data/references/connexins/Mus_musculus/Gjb6__P70689.fasta,P70689,Gjb6,gene-Gjb6,Gjb6,gap junction protein%2C beta 6,rna-NM_001424448.1,NM_001424448.1,NC_000080.7,-,2,57368257,57368421,165
connexin,Mus musculus,project/data/references/connexins/Mus_musculus/Gjb6__P70689.fasta,P70689,Gjb6,gene-Gjb6,Gjb6,gap junction protein%2C beta 6,rna-NM_001424448.1,NM_001424448.1,NC_000080.7,-,3,57369855,57370000,146
connexin,Mus musculus,project/data/references/connexins/Mus_musculus/Gjb6__P70689.fasta,P70689,Gjb6,gene-Gjb6,Gjb6,gap junction protein%2C beta 6,rna-NM_001424449.1,NM_001424449.1,NC_000080.7,-,1,57360760,57362273,1514
connexin,Mus musculus,project/data/references/connexins/Mus_musculus/Gjb6__P70689.fasta,P70689,Gjb6,gene-Gjb6,Gjb6,gap junction protein%2C beta 6,rna-NM_001424449.1,NM_001424449.1,NC_000080.7,-,2,57368257,57368421,165
connexin,Mus musculus,project/data/references/connexins/Mus_musculus/Gjb6__P70689.fasta,P70689,Gjb6,gene-Gjb6,Gjb6,gap junction protein%2C beta 6,rna-NM_001424449.1,NM_001424449.1,NC_000080.7,-,3,57369444,57369516,73
connexin,Mus musculus,project/data/references/connexins/Mus_musculus/Gjb6__P70689.fasta,P70689,Gjb6,gene-Gjb6,Gjb6,gap junction protein%2C beta 6,rna-NM_001424450.1,NM_001424450.1,NC_000080.7,-,1,57360760,57362273,1514
connexin,Mus musculus,project/data/references/connexins/Mus_musculus/Gjb6__P70689.fasta,P70689,Gjb6,gene-Gjb6,Gjb6,gap junction protein%2C beta 6,rna-NM_001424450.1,NM_001424450.1,NC_000080.7,-,2,57368166,57368421,256
connexin,Mus musculus,project/data/references/connexins/Mus_musculus/Gjb6__P70689.fasta,P70689,Gjb6,gene-Gjb6,Gjb6,gap junction protein%2C beta 6,rna-NM_001424450.1,NM_001424450.1,NC_000080.7,-,3,57369444,57369516,73
connexin,Mus musculus,project/data/references/connexins/Mus_musculus/Gjc1__P28229.fasta,P28229,Gjc1,gene-Gjd3,Gjd3,gap junction protein%2C delta 3,rna-NM_178596.3,NM_178596.3,NC_000077.7,-,1,98870773,98873846,3074
connexin,Mus musculus,project/data/references/connexins/Mus_musculus/Gjc2__Q8BQU6.fasta,Q8BQU6,Gjc2,gene-Oprk1,Oprk1,opioid receptor%2C kappa 1,rna-XM_006495470.1,XM_006495470.1,NC_000067.7,+,1,5658673,5658886,214
connexin,Mus musculus,project/data/references/connexins/Mus_musculus/Gjc2__Q8BQU6.fasta,Q8BQU6,Gjc2,gene-Oprk1,Oprk1,opioid receptor%2C kappa 1,rna-XM_006495470.1,XM_006495470.1,NC_000067.7,+,2,5668813,5669165,353
connexin,Mus musculus,project/data/references/connexins/Mus_musculus/Gjc2__Q8BQU6.fasta,Q8BQU6,Gjc2,gene-Oprk1,Oprk1,opioid receptor%2C kappa 1,rna-XM_006495470.1,XM_006495470.1,NC_000067.7,+,3,5672475,5676357,3883
connexin,Mus musculus,project/data/references/connexins/Mus_musculus/Gjc2__Q8BQU6.fasta,Q8BQU6,Gjc2,gene-Oprk1,Oprk1,opioid receptor%2C kappa 1,rna-NM_001204371.1,NM_001204371.1,NC_000067.7,+,1,5658716,5658886,171
connexin,Mus musculus,project/data/references/connexins/Mus_musculus/Gjc2__Q8BQU6.fasta,Q8BQU6,Gjc2,gene-Oprk1,Oprk1,opioid receptor%2C kappa 1,rna-NM_001204371.1,NM_001204371.1,NC_000067.7,+,2,5659228,5659528,301
connexin,Mus musculus,project/data/references/connexins/Mus_musculus/Gjc2__Q8BQU6.fasta,Q8BQU6,Gjc2,gene-Oprk1,Oprk1,opioid receptor%2C kappa 1,rna-NM_001204371.1,NM_001204371.1,NC_000067.7,+,3,5668813,5669165,353
connexin,Mus musculus,project/data/references/connexins/Mus_musculus/Gjc2__Q8BQU6.fasta,Q8BQU6,Gjc2,gene-Oprk1,Oprk1,opioid receptor%2C kappa 1,rna-NM_001204371.1,NM_001204371.1,NC_000067.7,+,4,5672475,5676356,3882
connexin,Mus musculus,project/data/references/connexins/Mus_musculus/Gjc2__Q8BQU6.fasta,Q8BQU6,Gjc2,gene-Oprk1,Oprk1,opioid receptor%2C kappa 1,rna-NM_001318735.1,NM_001318735.1,NC_000067.7,+,1,5658716,5658886,171
connexin,Mus musculus,project/data/references/connexins/Mus_musculus/Gjc2__Q8BQU6.fasta,Q8BQU6,Gjc2,gene-Oprk1,Oprk1,opioid receptor%2C kappa 1,rna-NM_001318735.1,NM_001318735.1,NC_000067.7,+,2,5659228,5659528,301
connexin,Mus musculus,project/data/references/connexins/Mus_musculus/Gjc2__Q8BQU6.fasta,Q8BQU6,Gjc2,gene-Oprk1,Oprk1,opioid receptor%2C kappa 1,rna-NM_001318735.1,NM_001318735.1,NC_000067.7,+,3,5668813,5669165,353
connexin,Mus musculus,project/data/references/connexins/Mus_musculus/Gjc2__Q8BQU6.fasta,Q8BQU6,Gjc2,gene-Oprk1,Oprk1,opioid receptor%2C kappa 1,rna-NM_001318735.1,NM_001318735.1,NC_000067.7,+,4,5672475,5676356,3882
connexin,Mus musculus,project/data/references/connexins/Mus_musculus/Gjc2__Q8BQU6.fasta,Q8BQU6,Gjc2,gene-Oprk1,Oprk1,opioid receptor%2C kappa 1,rna-NM_011011.2,NM_011011.2,NC_000067.7,+,1,5658716,5658886,171
connexin,Mus musculus,project/data/references/connexins/Mus_musculus/Gjc2__Q8BQU6.fasta,Q8BQU6,Gjc2,gene-Oprk1,Oprk1,opioid receptor%2C kappa 1,rna-NM_011011.2,NM_011011.2,NC_000067.7,+,2,5659258,5659528,271
connexin,Mus musculus,project/data/references/connexins/Mus_musculus/Gjc2__Q8BQU6.fasta,Q8BQU6,Gjc2,gene-Oprk1,Oprk1,opioid receptor%2C kappa 1,rna-NM_011011.2,NM_011011.2,NC_000067.7,+,3,5668813,5669165,353
connexin,Mus musculus,project/data/references/connexins/Mus_musculus/Gjc2__Q8BQU6.fasta,Q8BQU6,Gjc2,gene-Oprk1,Oprk1,opioid receptor%2C kappa 1,rna-NM_011011.2,NM_011011.2,NC_000067.7,+,4,5672475,5676356,3882
connexin,Mus musculus,project/data/references/connexins/Mus_musculus/Gjc3__Q921C1.fasta,Q921C1,Gjc3,gene-Gjc3,Gjc3,gap junction protein%2C gamma 3,rna-NR_151611.1,NR_151611.1,NC_000071.7,-,1,137949254,137949777,524
connexin,Mus musculus,project/data/references/connexins/Mus_musculus/Gjc3__Q921C1.fasta,Q921C1,Gjc3,gene-Gjc3,Gjc3,gap junction protein%2C gamma 3,rna-NR_151611.1,NR_151611.1,NC_000071.7,-,2,137953819,137954706,888
connexin,Mus musculus,project/data/references/connexins/Mus_musculus/Gjc3__Q921C1.fasta,Q921C1,Gjc3,gene-Gjc3,Gjc3,gap junction protein%2C gamma 3,rna-NR_151611.1,NR_151611.1,NC_000071.7,-,3,137955467,137956251,785
connexin,Mus musculus,project/data/references/connexins/Mus_musculus/Gjc3__Q921C1.fasta,Q921C1,Gjc3,gene-Gjc3,Gjc3,gap junction protein%2C gamma 3,rna-NR_151611.1,NR_151611.1,NC_000071.7,-,4,137961128,137961360,233
connexin,Mus musculus,project/data/references/connexins/Mus_musculus/Gjc3__Q921C1.fasta,Q921C1,Gjc3,gene-Gjc3,Gjc3,gap junction protein%2C gamma 3,rna-NM_080450.5,NM_080450.5,NC_000071.7,-,1,137952135,137954706,2572
connexin,Mus musculus,project/data/references/connexins/Mus_musculus/Gjc3__Q921C1.fasta,Q921C1,Gjc3,gene-Gjc3,Gjc3,gap junction protein%2C gamma 3,rna-NM_080450.5,NM_080450.5,NC_000071.7,-,2,137955467,137956251,785
connexin,Mus musculus,project/data/references/connexins/Mus_musculus/Gjc3__Q921C1.fasta,Q921C1,Gjc3,gene-Gjc3,Gjc3,gap junction protein%2C gamma 3,rna-NM_080450.5,NM_080450.5,NC_000071.7,-,3,137961128,137961360,233
connexin,Mus musculus,project/data/references/connexins/Mus_musculus/Gjd2__O54851.fasta,O54851,Gjd2,gene-Oprk1,Oprk1,opioid receptor%2C kappa 1,rna-XM_006495470.1,XM_006495470.1,NC_000067.7,+,1,5658673,5658886,214
connexin,Mus musculus,project/data/references/connexins/Mus_musculus/Gjd2__O54851.fasta,O54851,Gjd2,gene-Oprk1,Oprk1,opioid receptor%2C kappa 1,rna-XM_006495470.1,XM_006495470.1,NC_000067.7,+,2,5668813,5669165,353
connexin,Mus musculus,project/data/references/connexins/Mus_musculus/Gjd2__O54851.fasta,O54851,Gjd2,gene-Oprk1,Oprk1,opioid receptor%2C kappa 1,rna-XM_006495470.1,XM_006495470.1,NC_000067.7,+,3,5672475,5676357,3883
connexin,Mus musculus,project/data/references/connexins/Mus_musculus/Gjd2__O54851.fasta,O54851,Gjd2,gene-Oprk1,Oprk1,opioid receptor%2C kappa 1,rna-NM_001204371.1,NM_001204371.1,NC_000067.7,+,1,5658716,5658886,171
connexin,Mus musculus,project/data/references/connexins/Mus_musculus/Gjd2__O54851.fasta,O54851,Gjd2,gene-Oprk1,Oprk1,opioid receptor%2C kappa 1,rna-NM_001204371.1,NM_001204371.1,NC_000067.7,+,2,5659228,5659528,301
connexin,Mus musculus,project/data/references/connexins/Mus_musculus/Gjd2__O54851.fasta,O54851,Gjd2,gene-Oprk1,Oprk1,opioid receptor%2C kappa 1,rna-NM_001204371.1,NM_001204371.1,NC_000067.7,+,3,5668813,5669165,353
connexin,Mus musculus,project/data/references/connexins/Mus_musculus/Gjd2__O54851.fasta,O54851,Gjd2,gene-Oprk1,Oprk1,opioid receptor%2C kappa 1,rna-NM_001204371.1,NM_001204371.1,NC_000067.7,+,4,5672475,5676356,3882
connexin,Mus musculus,project/data/references/connexins/Mus_musculus/Gjd2__O54851.fasta,O54851,Gjd2,gene-Oprk1,Oprk1,opioid receptor%2C kappa 1,rna-NM_001318735.1,NM_001318735.1,NC_000067.7,+,1,5658716,5658886,171
connexin,Mus musculus,project/data/references/connexins/Mus_musculus/Gjd2__O54851.fasta,O54851,Gjd2,gene-Oprk1,Oprk1,opioid receptor%2C kappa 1,rna-NM_001318735.1,NM_001318735.1,NC_000067.7,+,2,5659228,5659528,301
connexin,Mus musculus,project/data/references/connexins/Mus_musculus/Gjd2__O54851.fasta,O54851,Gjd2,gene-Oprk1,Oprk1,opioid receptor%2C kappa 1,rna-NM_001318735.1,NM_001318735.1,NC_000067.7,+,3,5668813,5669165,353
connexin,Mus musculus,project/data/references/connexins/Mus_musculus/Gjd2__O54851.fasta,O54851,Gjd2,gene-Oprk1,Oprk1,opioid receptor%2C kappa 1,rna-NM_001318735.1,NM_001318735.1,NC_000067.7,+,4,5672475,5676356,3882
connexin,Mus musculus,project/data/references/connexins/Mus_musculus/Gjd2__O54851.fasta,O54851,Gjd2,gene-Oprk1,Oprk1,opioid receptor%2C kappa 1,rna-NM_011011.2,NM_011011.2,NC_000067.7,+,1,5658716,5658886,171
connexin,Mus musculus,project/data/references/connexins/Mus_musculus/Gjd2__O54851.fasta,O54851,Gjd2,gene-Oprk1,Oprk1,opioid receptor%2C kappa 1,rna-NM_011011.2,NM_011011.2,NC_000067.7,+,2,5659258,5659528,271
connexin,Mus musculus,project/data/references/connexins/Mus_musculus/Gjd2__O54851.fasta,O54851,Gjd2,gene-Oprk1,Oprk1,opioid receptor%2C kappa 1,rna-NM_011011.2,NM_011011.2,NC_000067.7,+,3,5668813,5669165,353
connexin,Mus musculus,project/data/references/connexins/Mus_musculus/Gjd2__O54851.fasta,O54851,Gjd2,gene-Oprk1,Oprk1,opioid receptor%2C kappa 1,rna-NM_011011.2,NM_011011.2,NC_000067.7,+,4,5672475,5676356,3882
connexin,Mus musculus,project/data/references/connexins/Mus_musculus/Gjd3__Q91YD1.fasta,Q91YD1,Gjd3,gene-Rp1,Rp1,retinitis pigmentosa 1 (human),rna-XM_030252325.2,XM_030252325.2,NC_000067.7,-,1,4185896,4186171,276
connexin,Mus musculus,project/data/references/connexins/Mus_musculus/Gjd3__Q91YD1.fasta,Q91YD1,Gjd3,gene-Rp1,Rp1,retinitis pigmentosa 1 (human),rna-XM_030252325.2,XM_030252325.2,NC_000067.7,-,2,4189891,4189935,45
connexin,Mus musculus,project/data/references/connexins/Mus_musculus/Gjd3__Q91YD1.fasta,Q91YD1,Gjd3,gene-Rp1,Rp1,retinitis pigmentosa 1 (human),rna-XM_030252325.2,XM_030252325.2,NC_000067.7,-,3,4190238,4190296,59
connexin,Mus musculus,project/data/references/connexins/Mus_musculus/Gjd3__Q91YD1.fasta,Q91YD1,Gjd3,gene-Rp1,Rp1,retinitis pigmentosa 1 (human),rna-XM_030252325.2,XM_030252325.2,NC_000067.7,-,4,4212835,4212989,155
connexin,Mus musculus,project/data/references/connexins/Mus_musculus/Gjd3__Q91YD1.fasta,Q91YD1,Gjd3,gene-Rp1,Rp1,retinitis pigmentosa 1 (human),rna-XM_030252325.2,XM_030252325.2,NC_000067.7,-,5,4218035,4218186,152
connexin,Mus musculus,project/data/references/connexins/Mus_musculus/Gjd3__Q91YD1.fasta,Q91YD1,Gjd3,gene-Rp1,Rp1,retinitis pigmentosa 1 (human),rna-XM_030252325.2,XM_030252325.2,NC_000067.7,-,6,4218835,4218967,133
connexin,Mus musculus,project/data/references/connexins/Mus_musculus/Gjd3__Q91YD1.fasta,Q91YD1,Gjd3,gene-Rp1,Rp1,retinitis pigmentosa 1 (human),rna-XM_030252325.2,XM_030252325.2,NC_000067.7,-,7,4234078,4234164,87
connexin,Mus musculus,project/data/references/connexins/Mus_musculus/Gjd3__Q91YD1.fasta,Q91YD1,Gjd3,gene-Rp1,Rp1,retinitis pigmentosa 1 (human),rna-XM_030252325.2,XM_030252325.2,NC_000067.7,-,8,4240428,4240627,200
connexin,Mus musculus,project/data/references/connexins/Mus_musculus/Gjd3__Q91YD1.fasta,Q91YD1,Gjd3,gene-Rp1,Rp1,retinitis pigmentosa 1 (human),rna-XM_030252325.2,XM_030252325.2,NC_000067.7,-,9,4267757,4267864,108
connexin,Mus musculus,project/data/references/connexins/Mus_musculus/Gjd3__Q91YD1.fasta,Q91YD1,Gjd3,gene-Rp1,Rp1,retinitis pigmentosa 1 (human),rna-XM_030252325.2,XM_030252325.2,NC_000067.7,-,10,4276883,4277060,178
connexin,Mus musculus,project/data/references/connexins/Mus_musculus/Gjd3__Q91YD1.fasta,Q91YD1,Gjd3,gene-Rp1,Rp1,retinitis pigmentosa 1 (human),rna-XM_030252325.2,XM_030252325.2,NC_000067.7,-,11,4296834,4297046,213
connexin,Mus musculus,project/data/references/connexins/Mus_musculus/Gjd3__Q91YD1.fasta,Q91YD1,Gjd3,gene-Rp1,Rp1,retinitis pigmentosa 1 (human),rna-XM_030252325.2,XM_030252325.2,NC_000067.7,-,12,4298666,4298842,177
connexin,Mus musculus,project/data/references/connexins/Mus_musculus/Gjd3__Q91YD1.fasta,Q91YD1,Gjd3,gene-Rp1,Rp1,retinitis pigmentosa 1 (human),rna-XM_030252325.2,XM_030252325.2,NC_000067.7,-,13,4301276,4301367,92
connexin,Mus musculus,project/data/references/connexins/Mus_musculus/Gjd3__Q91YD1.fasta,Q91YD1,Gjd3,gene-Rp1,Rp1,retinitis pigmentosa 1 (human),rna-XM_030252325.2,XM_030252325.2,NC_000067.7,-,14,4313356,4313485,130
connexin,Mus musculus,project/data/references/connexins/Mus_musculus/Gjd3__Q91YD1.fasta,Q91YD1,Gjd3,gene-Rp1,Rp1,retinitis pigmentosa 1 (human),rna-XM_030252325.2,XM_030252325.2,NC_000067.7,-,15,4313640,4313671,32
connexin,Mus musculus,project/data/references/connexins/Mus_musculus/Gjd3__Q91YD1.fasta,Q91YD1,Gjd3,gene-Rp1,Rp1,retinitis pigmentosa 1 (human),rna-XM_030252325.2,XM_030252325.2,NC_000067.7,-,16,4313766,4313842,77
connexin,Mus musculus,project/data/references/connexins/Mus_musculus/Gjd3__Q91YD1.fasta,Q91YD1,Gjd3,gene-Rp1,Rp1,retinitis pigmentosa 1 (human),rna-XM_030252325.2,XM_030252325.2,NC_000067.7,-,17,4315254,4315329,76
connexin,Mus musculus,project/data/references/connexins/Mus_musculus/Gjd3__Q91YD1.fasta,Q91YD1,Gjd3,gene-Rp1,Rp1,retinitis pigmentosa 1 (human),rna-XM_030252325.2,XM_030252325.2,NC_000067.7,-,18,4331750,4331828,79
connexin,Mus musculus,project/data/references/connexins/Mus_musculus/Gjd3__Q91YD1.fasta,Q91YD1,Gjd3,gene-Rp1,Rp1,retinitis pigmentosa 1 (human),rna-XM_030252325.2,XM_030252325.2,NC_000067.7,-,19,4337692,4337843,152
connexin,Mus musculus,project/data/references/connexins/Mus_musculus/Gjd3__Q91YD1.fasta,Q91YD1,Gjd3,gene-Rp1,Rp1,retinitis pigmentosa 1 (human),rna-XM_030252325.2,XM_030252325.2,NC_000067.7,-,20,4354989,4355121,133
connexin,Mus musculus,project/data/references/connexins/Mus_musculus/Gjd3__Q91YD1.fasta,Q91YD1,Gjd3,gene-Rp1,Rp1,retinitis pigmentosa 1 (human),rna-XM_030252325.2,XM_030252325.2,NC_000067.7,-,21,4363149,4363235,87
connexin,Mus musculus,project/data/references/connexins/Mus_musculus/Gjd3__Q91YD1.fasta,Q91YD1,Gjd3,gene-Rp1,Rp1,retinitis pigmentosa 1 (human),rna-XM_030252325.2,XM_030252325.2,NC_000067.7,-,22,4381493,4381656,164
connexin,Mus musculus,project/data/references/connexins/Mus_musculus/Gjd3__Q91YD1.fasta,Q91YD1,Gjd3,gene-Rp1,Rp1,retinitis pigmentosa 1 (human),rna-XM_030252325.2,XM_030252325.2,NC_000067.7,-,23,4422133,4422304,172
connexin,Mus musculus,project/data/references/connexins/Mus_musculus/Gjd3__Q91YD1.fasta,Q91YD1,Gjd3,gene-Rp1,Rp1,retinitis pigmentosa 1 (human),rna-XM_030252325.2,XM_030252325.2,NC_000067.7,-,24,4422425,4423060,636
connexin,Mus musculus,project/data/references/connexins/Mus_musculus/Gjd3__Q91YD1.fasta,Q91YD1,Gjd3,gene-Rp1,Rp1,retinitis pigmentosa 1 (human),rna-XM_030252325.2,XM_030252325.2,NC_000067.7,-,25,4479393,4479489,97
connexin,Mus musculus,project/data/references/connexins/Mus_musculus/Gjd3__Q91YD1.fasta,Q91YD1,Gjd3,gene-Rp1,Rp1,retinitis pigmentosa 1 (human),rna-NM_001370921.1,NM_001370921.1,NC_000067.7,-,1,4190089,4190296,208
connexin,Mus musculus,project/data/references/connexins/Mus_musculus/Gjd3__Q91YD1.fasta,Q91YD1,Gjd3,gene-Rp1,Rp1,retinitis pigmentosa 1 (human),rna-NM_001370921.1,NM_001370921.1,NC_000067.7,-,2,4212835,4212989,155
connexin,Mus musculus,project/data/references/connexins/Mus_musculus/Gjd3__Q91YD1.fasta,Q91YD1,Gjd3,gene-Rp1,Rp1,retinitis pigmentosa 1 (human),rna-NM_001370921.1,NM_001370921.1,NC_000067.7,-,3,4218035,4218186,152
connexin,Mus musculus,project/data/references/connexins/Mus_musculus/Gjd3__Q91YD1.fasta,Q91YD1,Gjd3,gene-Rp1,Rp1,retinitis pigmentosa 1 (human),rna-NM_001370921.1,NM_001370921.1,NC_000067.7,-,4,4218835,4218967,133
connexin,Mus musculus,project/data/references/connexins/Mus_musculus/Gjd3__Q91YD1.fasta,Q91YD1,Gjd3,gene-Rp1,Rp1,retinitis pigmentosa 1 (human),rna-NM_001370921.1,NM_001370921.1,NC_000067.7,-,5,4234078,4234164,87
connexin,Mus musculus,project/data/references/connexins/Mus_musculus/Gjd3__Q91YD1.fasta,Q91YD1,Gjd3,gene-Rp1,Rp1,retinitis pigmentosa 1 (human),rna-NM_001370921.1,NM_001370921.1,NC_000067.7,-,6,4240428,4240627,200
connexin,Mus musculus,project/data/references/connexins/Mus_musculus/Gjd3__Q91YD1.fasta,Q91YD1,Gjd3,gene-Rp1,Rp1,retinitis pigmentosa 1 (human),rna-NM_001370921.1,NM_001370921.1,NC_000067.7,-,7,4267757,4267864,108
connexin,Mus musculus,project/data/references/connexins/Mus_musculus/Gjd3__Q91YD1.fasta,Q91YD1,Gjd3,gene-Rp1,Rp1,retinitis pigmentosa 1 (human),rna-NM_001370921.1,NM_001370921.1,NC_000067.7,-,8,4276883,4277060,178
connexin,Mus musculus,project/data/references/connexins/Mus_musculus/Gjd3__Q91YD1.fasta,Q91YD1,Gjd3,gene-Rp1,Rp1,retinitis pigmentosa 1 (human),rna-NM_001370921.1,NM_001370921.1,NC_000067.7,-,9,4296834,4297046,213
connexin,Mus musculus,project/data/references/connexins/Mus_musculus/Gjd3__Q91YD1.fasta,Q91YD1,Gjd3,gene-Rp1,Rp1,retinitis pigmentosa 1 (human),rna-NM_001370921.1,NM_001370921.1,NC_000067.7,-,10,4298666,4298842,177
connexin,Mus musculus,project/data/references/connexins/Mus_musculus/Gjd3__Q91YD1.fasta,Q91YD1,Gjd3,gene-Rp1,Rp1,retinitis pigmentosa 1 (human),rna-NM_001370921.1,NM_001370921.1,NC_000067.7,-,11,4301276,4301367,92
connexin,Mus musculus,project/data/references/connexins/Mus_musculus/Gjd3__Q91YD1.fasta,Q91YD1,Gjd3,gene-Rp1,Rp1,retinitis pigmentosa 1 (human),rna-NM_001370921.1,NM_001370921.1,NC_000067.7,-,12,4313356,4313485,130
connexin,Mus musculus,project/data/references/connexins/Mus_musculus/Gjd3__Q91YD1.fasta,Q91YD1,Gjd3,gene-Rp1,Rp1,retinitis pigmentosa 1 (human),rna-NM_001370921.1,NM_001370921.1,NC_000067.7,-,13,4313640,4313671,32
connexin,Mus musculus,project/data/references/connexins/Mus_musculus/Gjd3__Q91YD1.fasta,Q91YD1,Gjd3,gene-Rp1,Rp1,retinitis pigmentosa 1 (human),rna-NM_001370921.1,NM_001370921.1,NC_000067.7,-,14,4313766,4313842,77
connexin,Mus musculus,project/data/references/connexins/Mus_musculus/Gjd3__Q91YD1.fasta,Q91YD1,Gjd3,gene-Rp1,Rp1,retinitis pigmentosa 1 (human),rna-NM_001370921.1,NM_001370921.1,NC_000067.7,-,15,4315254,4315329,76
connexin,Mus musculus,project/data/references/connexins/Mus_musculus/Gjd3__Q91YD1.fasta,Q91YD1,Gjd3,gene-Rp1,Rp1,retinitis pigmentosa 1 (human),rna-NM_001370921.1,NM_001370921.1,NC_000067.7,-,16,4331750,4331828,79
connexin,Mus musculus,project/data/references/connexins/Mus_musculus/Gjd3__Q91YD1.fasta,Q91YD1,Gjd3,gene-Rp1,Rp1,retinitis pigmentosa 1 (human),rna-NM_001370921.1,NM_001370921.1,NC_000067.7,-,17,4337692,4337843,152
connexin,Mus musculus,project/data/references/connexins/Mus_musculus/Gjd3__Q91YD1.fasta,Q91YD1,Gjd3,gene-Rp1,Rp1,retinitis pigmentosa 1 (human),rna-NM_001370921.1,NM_001370921.1,NC_000067.7,-,18,4354989,4355121,133
connexin,Mus musculus,project/data/references/connexins/Mus_musculus/Gjd3__Q91YD1.fasta,Q91YD1,Gjd3,gene-Rp1,Rp1,retinitis pigmentosa 1 (human),rna-NM_001370921.1,NM_001370921.1,NC_000067.7,-,19,4363149,4363235,87
connexin,Mus musculus,project/data/references/connexins/Mus_musculus/Gjd3__Q91YD1.fasta,Q91YD1,Gjd3,gene-Rp1,Rp1,retinitis pigmentosa 1 (human),rna-NM_001370921.1,NM_001370921.1,NC_000067.7,-,20,4381493,4381656,164
connexin,Mus musculus,project/data/references/connexins/Mus_musculus/Gjd3__Q91YD1.fasta,Q91YD1,Gjd3,gene-Rp1,Rp1,retinitis pigmentosa 1 (human),rna-NM_001370921.1,NM_001370921.1,NC_000067.7,-,21,4422133,4422304,172
connexin,Mus musculus,project/data/references/connexins/Mus_musculus/Gjd3__Q91YD1.fasta,Q91YD1,Gjd3,gene-Rp1,Rp1,retinitis pigmentosa 1 (human),rna-NM_001370921.1,NM_001370921.1,NC_000067.7,-,22,4422425,4423060,636
connexin,Mus musculus,project/data/references/connexins/Mus_musculus/Gjd3__Q91YD1.fasta,Q91YD1,Gjd3,gene-Rp1,Rp1,retinitis pigmentosa 1 (human),rna-NM_001370921.1,NM_001370921.1,NC_000067.7,-,23,4430423,4430526,104
connexin,Mus musculus,project/data/references/connexins/Mus_musculus/Gjd3__Q91YD1.fasta,Q91YD1,Gjd3,gene-Rp1,Rp1,retinitis pigmentosa 1 (human),rna-NM_001195662.2,NM_001195662.2,NC_000067.7,-,1,4361069,4363235,2167
connexin,Mus musculus,project/data/references/connexins/Mus_musculus/Gjd3__Q91YD1.fasta,Q91YD1,Gjd3,gene-Rp1,Rp1,retinitis pigmentosa 1 (human),rna-NM_001195662.2,NM_001195662.2,NC_000067.7,-,2,4422133,4422304,172
connexin,Mus musculus,project/data/references/connexins/Mus_musculus/Gjd3__Q91YD1.fasta,Q91YD1,Gjd3,gene-Rp1,Rp1,retinitis pigmentosa 1 (human),rna-NM_001195662.2,NM_001195662.2,NC_000067.7,-,3,4422425,4423060,636
connexin,Mus musculus,project/data/references/connexins/Mus_musculus/Gjd3__Q91YD1.fasta,Q91YD1,Gjd3,gene-Rp1,Rp1,retinitis pigmentosa 1 (human),rna-NM_001195662.2,NM_001195662.2,NC_000067.7,-,4,4479393,4479508,116
connexin,Mus musculus,project/data/references/connexins/Mus_musculus/Gjd3__Q91YD1.fasta,Q91YD1,Gjd3,gene-Rp1,Rp1,retinitis pigmentosa 1 (human),rna-NM_011283.3,NM_011283.3,NC_000067.7,-,1,4414373,4420314,5942
connexin,Mus musculus,project/data/references/connexins/Mus_musculus/Gjd3__Q91YD1.fasta,Q91YD1,Gjd3,gene-Rp1,Rp1,retinitis pigmentosa 1 (human),rna-NM_011283.3,NM_011283.3,NC_000067.7,-,2,4422133,4422304,172
connexin,Mus musculus,project/data/references/connexins/Mus_musculus/Gjd3__Q91YD1.fasta,Q91YD1,Gjd3,gene-Rp1,Rp1,retinitis pigmentosa 1 (human),rna-NM_011283.3,NM_011283.3,NC_000067.7,-,3,4422425,4423060,636
connexin,Mus musculus,project/data/references/connexins/Mus_musculus/Gjd3__Q91YD1.fasta,Q91YD1,Gjd3,gene-Rp1,Rp1,retinitis pigmentosa 1 (human),rna-NM_011283.3,NM_011283.3,NC_000067.7,-,4,4430423,4430526,104
connexin,Mus musculus,project/data/references/connexins/Mus_musculus/Gjd4__Q8BSD4.fasta,Q8BSD4,Gjd4,gene-Gjd4,Gjd4,gap junction protein%2C delta 4,rna-XM_006525809.3,XM_006525809.3,NC_000084.7,-,1,9278124,9281012,2889
connexin,Mus musculus,project/data/references/connexins/Mus_musculus/Gjd4__Q8BSD4.fasta,Q8BSD4,Gjd4,gene-Gjd4,Gjd4,gap junction protein%2C delta 4,rna-XM_006525809.3,XM_006525809.3,NC_000084.7,-,2,9289727,9289808,82
connexin,Mus musculus,project/data/references/connexins/Mus_musculus/Gjd4__Q8BSD4.fasta,Q8BSD4,Gjd4,gene-Gjd4,Gjd4,gap junction protein%2C delta 4,rna-NM_153086.6,NM_153086.6,NC_000084.7,-,1,9278606,9281012,2407
connexin,Mus musculus,project/data/references/connexins/Mus_musculus/Gjd4__Q8BSD4.fasta,Q8BSD4,Gjd4,gene-Gjd4,Gjd4,gap junction protein%2C delta 4,rna-NM_153086.6,NM_153086.6,NC_000084.7,-,2,9282555,9282760,206
connexin,Mus musculus,project/data/references/connexins/Mus_musculus/Gje1__Q9CX92.fasta,Q9CX92,Gje1,gene-Gjc3,Gjc3,gap junction protein%2C gamma 3,rna-NR_151611.1,NR_151611.1,NC_000071.7,-,1,137949254,137949777,524
connexin,Mus musculus,project/data/references/connexins/Mus_musculus/Gje1__Q9CX92.fasta,Q9CX92,Gje1,gene-Gjc3,Gjc3,gap junction protein%2C gamma 3,rna-NR_151611.1,NR_151611.1,NC_000071.7,-,2,137953819,137954706,888
connexin,Mus musculus,project/data/references/connexins/Mus_musculus/Gje1__Q9CX92.fasta,Q9CX92,Gje1,gene-Gjc3,Gjc3,gap junction protein%2C gamma 3,rna-NR_151611.1,NR_151611.1,NC_000071.7,-,3,137955467,137956251,785
connexin,Mus musculus,project/data/references/connexins/Mus_musculus/Gje1__Q9CX92.fasta,Q9CX92,Gje1,gene-Gjc3,Gjc3,gap junction protein%2C gamma 3,rna-NR_151611.1,NR_151611.1,NC_000071.7,-,4,137961128,137961360,233
connexin,Mus musculus,project/data/references/connexins/Mus_musculus/Gje1__Q9CX92.fasta,Q9CX92,Gje1,gene-Gjc3,Gjc3,gap junction protein%2C gamma 3,rna-NM_080450.5,NM_080450.5,NC_000071.7,-,1,137952135,137954706,2572
connexin,Mus musculus,project/data/references/connexins/Mus_musculus/Gje1__Q9CX92.fasta,Q9CX92,Gje1,gene-Gjc3,Gjc3,gap junction protein%2C gamma 3,rna-NM_080450.5,NM_080450.5,NC_000071.7,-,2,137955467,137956251,785
connexin,Mus musculus,project/data/references/connexins/Mus_musculus/Gje1__Q9CX92.fasta,Q9CX92,Gje1,gene-Gjc3,Gjc3,gap junction protein%2C gamma 3,rna-NM_080450.5,NM_080450.5,NC_000071.7,-,3,137961128,137961360,233
connexin,Oryctolagus cuniculus,project/data/references/connexins/Oryctolagus_cuniculus/GJA1__Q6TYA7.fasta,Q6TYA7,GJA1,gene-GJA1,GJA1,gap junction protein alpha 1,rna-XM_008263297.4,XM_008263297.4,NC_091436.1,-,1,48742335,48745252,2918
connexin,Oryctolagus cuniculus,project/data/references/connexins/Oryctolagus_cuniculus/GJA1__Q6TYA7.fasta,Q6TYA7,GJA1,gene-GJA1,GJA1,gap junction protein alpha 1,rna-XM_008263297.4,XM_008263297.4,NC_091436.1,-,2,48754072,48754317,246
connexin,Oryctolagus cuniculus,project/data/references/connexins/Oryctolagus_cuniculus/GJA1__Q6TYA7.fasta,Q6TYA7,GJA1,gene-GJA1,GJA1,gap junction protein alpha 1,rna-NM_001198948.1,NM_001198948.1,NC_091436.1,-,1,48743607,48745236,1630
connexin,Ovis aries,project/data/references/connexins/Ovis_aries/GJA3__Q9TU17.fasta,Q9TU17,GJA3,gene-GJA3,GJA3,gap junction protein alpha 3,rna-XM_027973897.3,XM_027973897.3,NC_056063.1,+,1,36348743,36349981,1239
connexin,Ovis aries,project/data/references/connexins/Ovis_aries/GJA8__P55917.fasta,P55917,GJA8,gene-GJA8,GJA8,gap junction protein alpha 8,rna-NM_001130038.1,NM_001130038.1,NC_056054.1,+,1,98952749,98954071,1323
connexin,Ovis aries,project/data/references/connexins/Ovis_aries/GJB2__P46691.fasta,P46691,GJB2,gene-GAL3ST2,GAL3ST2,galactose-3-O-sulfotransferase 2,rna-XM_042239236.2,XM_042239236.2,NC_056054.1,-,1,182719,185321,2603
connexin,Ovis aries,project/data/references/connexins/Ovis_aries/GJB2__P46691.fasta,P46691,GJB2,gene-GAL3ST2,GAL3ST2,galactose-3-O-sulfotransferase 2,rna-XM_042239236.2,XM_042239236.2,NC_056054.1,-,2,185883,186147,265
connexin,Ovis aries,project/data/references/connexins/Ovis_aries/GJB2__P46691.fasta,P46691,GJB2,gene-GAL3ST2,GAL3ST2,galactose-3-O-sulfotransferase 2,rna-XM_042239236.2,XM_042239236.2,NC_056054.1,-,3,187208,187294,87
connexin,Ovis aries,project/data/references/connexins/Ovis_aries/GJB2__P46691.fasta,P46691,GJB2,gene-GAL3ST2,GAL3ST2,galactose-3-O-sulfotransferase 2,rna-XM_042239236.2,XM_042239236.2,NC_056054.1,-,4,202985,203360,376
connexin,Ovis aries,project/data/references/connexins/Ovis_aries/GJB2__P46691.fasta,P46691,GJB2,gene-GAL3ST2,GAL3ST2,galactose-3-O-sulfotransferase 2,rna-XM_042239236.2,XM_042239236.2,NC_056054.1,-,5,203876,205096,1221
connexin,Pongo pygmaeus,project/data/references/connexins/Pongo_pygmaeus/GJB2__Q8MIT9.fasta,Q8MIT9,GJB2,gene-PGBD2,PGBD2,piggyBac transposable element derived 2,rna-XM_054448820.2,XM_054448820.2,NC_072373.2,-,1,47219,49083,1865
connexin,Pongo pygmaeus,project/data/references/connexins/Pongo_pygmaeus/GJB2__Q8MIT9.fasta,Q8MIT9,GJB2,gene-PGBD2,PGBD2,piggyBac transposable element derived 2,rna-XM_054448820.2,XM_054448820.2,NC_072373.2,-,2,52806,52869,64
connexin,Pongo pygmaeus,project/data/references/connexins/Pongo_pygmaeus/GJB2__Q8MIT9.fasta,Q8MIT9,GJB2,gene-PGBD2,PGBD2,piggyBac transposable element derived 2,rna-XM_054448820.2,XM_054448820.2,NC_072373.2,-,3,63190,63875,686
connexin,Pongo pygmaeus,project/data/references/connexins/Pongo_pygmaeus/GJB2__Q8MIT9.fasta,Q8MIT9,GJB2,gene-PGBD2,PGBD2,piggyBac transposable element derived 2,rna-XM_054448804.2,XM_054448804.2,NC_072373.2,-,1,47219,49760,2542
connexin,Pongo pygmaeus,project/data/references/connexins/Pongo_pygmaeus/GJB2__Q8MIT9.fasta,Q8MIT9,GJB2,gene-PGBD2,PGBD2,piggyBac transposable element derived 2,rna-XM_054448804.2,XM_054448804.2,NC_072373.2,-,2,52806,52869,64
connexin,Pongo pygmaeus,project/data/references/connexins/Pongo_pygmaeus/GJB2__Q8MIT9.fasta,Q8MIT9,GJB2,gene-PGBD2,PGBD2,piggyBac transposable element derived 2,rna-XM_054448804.2,XM_054448804.2,NC_072373.2,-,3,63190,63262,73
connexin,Pongo pygmaeus,project/data/references/connexins/Pongo_pygmaeus/GJB2__Q8MIT9.fasta,Q8MIT9,GJB2,gene-PGBD2,PGBD2,piggyBac transposable element derived 2,rna-XM_063670491.1,XM_063670491.1,NC_072373.2,-,1,47219,49760,2542
connexin,Pongo pygmaeus,project/data/references/connexins/Pongo_pygmaeus/GJB2__Q8MIT9.fasta,Q8MIT9,GJB2,gene-PGBD2,PGBD2,piggyBac transposable element derived 2,rna-XM_063670491.1,XM_063670491.1,NC_072373.2,-,2,50613,52788,2176
connexin,Rattus norvegicus,project/data/references/connexins/Rattus_norvegicus/Gja1__P08050.fasta,P08050,Gja1,gene-Gja1,Gja1,gap junction protein%2C alpha 1,rna-XM_039098413.2,XM_039098413.2,NC_086038.1,+,1,36302490,36302568,79
connexin,Rattus norvegicus,project/data/references/connexins/Rattus_norvegicus/Gja1__P08050.fasta,P08050,Gja1,gene-Gja1,Gja1,gap junction protein%2C alpha 1,rna-XM_039098413.2,XM_039098413.2,NC_086038.1,+,2,36312059,36315010,2952
connexin,Rattus norvegicus,project/data/references/connexins/Rattus_norvegicus/Gja1__P08050.fasta,P08050,Gja1,gene-Gja1,Gja1,gap junction protein%2C alpha 1,rna-NM_012567.2,NM_012567.2,NC_086038.1,+,1,36302564,36302746,183
connexin,Rattus norvegicus,project/data/references/connexins/Rattus_norvegicus/Gja1__P08050.fasta,P08050,Gja1,gene-Gja1,Gja1,gap junction protein%2C alpha 1,rna-NM_012567.2,NM_012567.2,NC_086038.1,+,2,36312059,36315010,2952
connexin,Rattus norvegicus,project/data/references/connexins/Rattus_norvegicus/Gja1__P08050.fasta,P08050,Gja1,gene-Gja1,Gja1,gap junction protein%2C alpha 1,rna-XM_063278953.1,XM_063278953.1,NC_086038.1,+,1,36303757,36304574,818
connexin,Rattus norvegicus,project/data/references/connexins/Rattus_norvegicus/Gja1__P08050.fasta,P08050,Gja1,gene-Gja1,Gja1,gap junction protein%2C alpha 1,rna-XM_063278953.1,XM_063278953.1,NC_086038.1,+,2,36312059,36315010,2952
connexin,Rattus norvegicus,project/data/references/connexins/Rattus_norvegicus/Gja1__P08050.fasta,P08050,Gja1,gene-Gja1,Gja1,gap junction protein%2C alpha 1,rna-XM_063278954.1,XM_063278954.1,NC_086038.1,+,1,36303757,36304503,747
connexin,Rattus norvegicus,project/data/references/connexins/Rattus_norvegicus/Gja1__P08050.fasta,P08050,Gja1,gene-Gja1,Gja1,gap junction protein%2C alpha 1,rna-XM_063278954.1,XM_063278954.1,NC_086038.1,+,2,36312059,36315010,2952
connexin,Rattus norvegicus,project/data/references/connexins/Rattus_norvegicus/Gja3__P29414.fasta,P29414,Gja3,gene-Gja3,Gja3,gap junction protein%2C alpha 3,rna-NM_024376.3,NM_024376.3,NC_086033.1,-,1,35296946,35298336,1391
connexin,Rattus norvegicus,project/data/references/connexins/Rattus_norvegicus/Gja3__P29414.fasta,P29414,Gja3,gene-Gja3,Gja3,gap junction protein%2C alpha 3,rna-NM_024376.3,NM_024376.3,NC_086033.1,-,2,35322207,35322405,199
connexin,Rattus norvegicus,project/data/references/connexins/Rattus_norvegicus/Gja4__Q03190.fasta,Q03190,Gja4,gene-Gja4,Gja4,gap junction protein%2C alpha 4,rna-NM_021654.2,NM_021654.2,NC_086023.1,-,1,144917791,144919320,1530
connexin,Rattus norvegicus,project/data/references/connexins/Rattus_norvegicus/Gja4__Q03190.fasta,Q03190,Gja4,gene-Gja4,Gja4,gap junction protein%2C alpha 4,rna-NM_021654.2,NM_021654.2,NC_086023.1,-,2,144920265,144920324,60
connexin,Rattus norvegicus,project/data/references/connexins/Rattus_norvegicus/Gja5__P28234.fasta,P28234,Gja5,gene-Gja5,Gja5,gap junction protein%2C alpha 5,rna-NM_019280.1,NM_019280.1,NC_086020.1,+,1,187291227,187291283,57
connexin,Rattus norvegicus,project/data/references/connexins/Rattus_norvegicus/Gja5__P28234.fasta,P28234,Gja5,gene-Gja5,Gja5,gap junction protein%2C alpha 5,rna-NM_019280.1,NM_019280.1,NC_086020.1,+,2,187307745,187310770,3026
connexin,Rattus norvegicus,project/data/references/connexins/Rattus_norvegicus/Gja5__P28234.fasta,P28234,Gja5,gene-Gja5,Gja5,gap junction protein%2C alpha 5,rna-XM_063282415.1,XM_063282415.1,NC_086020.1,+,1,187295920,187296459,540
connexin,Rattus norvegicus,project/data/references/connexins/Rattus_norvegicus/Gja5__P28234.fasta,P28234,Gja5,gene-Gja5,Gja5,gap junction protein%2C alpha 5,rna-XM_063282415.1,XM_063282415.1,NC_086020.1,+,2,187307745,187310770,3026
connexin,Rattus norvegicus,project/data/references/connexins/Rattus_norvegicus/Gja6__P28233.fasta,P28233,Gja6,gene-Gja6,Gja6,gap junction protein%2C alpha 6,rna-NM_019308.2,NM_019308.2,NC_086039.1,+,1,37649393,37649492,100
connexin,Rattus norvegicus,project/data/references/connexins/Rattus_norvegicus/Gja6__P28233.fasta,P28233,Gja6,gene-Gja6,Gja6,gap junction protein%2C alpha 6,rna-NM_019308.2,NM_019308.2,NC_086039.1,+,2,37652337,37654289,1953
connexin,Rattus norvegicus,project/data/references/connexins/Rattus_norvegicus/Gja8__Q8K4Q9.fasta,Q8K4Q9,Gja8,gene-Gja8,Gja8,gap junction protein%2C alpha 8,rna-NM_153465.2,NM_153465.2,NC_086020.1,-,1,187179668,187181284,1617
connexin,Rattus norvegicus,project/data/references/connexins/Rattus_norvegicus/Gjb1__P08033.fasta,P08033,Gjb1,gene-Gjb1,Gjb1,gap junction protein%2C beta 1,rna-NM_017251.2,NM_017251.2,NC_086039.1,+,1,70541845,70541913,69
connexin,Rattus norvegicus,project/data/references/connexins/Rattus_norvegicus/Gjb1__P08033.fasta,P08033,Gjb1,gene-Gjb1,Gjb1,gap junction protein%2C beta 1,rna-NM_017251.2,NM_017251.2,NC_086039.1,+,2,70548305,70549776,1472
connexin,Rattus norvegicus,project/data/references/connexins/Rattus_norvegicus/Gjb1__P08033.fasta,P08033,Gjb1,gene-Gjb1,Gjb1,gap junction protein%2C beta 1,rna-XM_017601945.3,XM_017601945.3,NC_086039.1,+,1,70541865,70541913,49
connexin,Rattus norvegicus,project/data/references/connexins/Rattus_norvegicus/Gjb1__P08033.fasta,P08033,Gjb1,gene-Gjb1,Gjb1,gap junction protein%2C beta 1,rna-XM_017601945.3,XM_017601945.3,NC_086039.1,+,2,70547852,70547967,116
connexin,Rattus norvegicus,project/data/references/connexins/Rattus_norvegicus/Gjb1__P08033.fasta,P08033,Gjb1,gene-Gjb1,Gjb1,gap junction protein%2C beta 1,rna-XM_017601945.3,XM_017601945.3,NC_086039.1,+,3,70548305,70549776,1472
connexin,Rattus norvegicus,project/data/references/connexins/Rattus_norvegicus/Gjb1__P08033.fasta,P08033,Gjb1,gene-Gjb1,Gjb1,gap junction protein%2C beta 1,rna-XM_008773255.4,XM_008773255.4,NC_086039.1,+,1,70542370,70544606,2237
connexin,Rattus norvegicus,project/data/references/connexins/Rattus_norvegicus/Gjb1__P08033.fasta,P08033,Gjb1,gene-Gjb1,Gjb1,gap junction protein%2C beta 1,rna-XM_008773255.4,XM_008773255.4,NC_086039.1,+,2,70548305,70549776,1472
connexin,Rattus norvegicus,project/data/references/connexins/Rattus_norvegicus/Gjb2__P21994.fasta,P21994,Gjb2,gene-Vom2r1,Vom2r1,vomeronasal 2 receptor%2C 1,rna-XM_039090201.2,XM_039090201.2,NC_086019.1,+,1,164376,164679,304
connexin,Rattus norvegicus,project/data/references/connexins/Rattus_norvegicus/Gjb2__P21994.fasta,P21994,Gjb2,gene-Vom2r1,Vom2r1,vomeronasal 2 receptor%2C 1,rna-XM_039090201.2,XM_039090201.2,NC_086019.1,+,2,167325,167607,283
connexin,Rattus norvegicus,project/data/references/connexins/Rattus_norvegicus/Gjb2__P21994.fasta,P21994,Gjb2,gene-Vom2r1,Vom2r1,vomeronasal 2 receptor%2C 1,rna-XM_039090201.2,XM_039090201.2,NC_086019.1,+,3,168042,168845,804
connexin,Rattus norvegicus,project/data/references/connexins/Rattus_norvegicus/Gjb2__P21994.fasta,P21994,Gjb2,gene-Vom2r1,Vom2r1,vomeronasal 2 receptor%2C 1,rna-XM_039090201.2,XM_039090201.2,NC_086019.1,+,4,169698,169922,225
connexin,Rattus norvegicus,project/data/references/connexins/Rattus_norvegicus/Gjb2__P21994.fasta,P21994,Gjb2,gene-Vom2r1,Vom2r1,vomeronasal 2 receptor%2C 1,rna-XM_039090201.2,XM_039090201.2,NC_086019.1,+,5,171132,171255,124
connexin,Rattus norvegicus,project/data/references/connexins/Rattus_norvegicus/Gjb2__P21994.fasta,P21994,Gjb2,gene-Vom2r1,Vom2r1,vomeronasal 2 receptor%2C 1,rna-XM_039090201.2,XM_039090201.2,NC_086019.1,+,6,174328,175214,887
connexin,Rattus norvegicus,project/data/references/connexins/Rattus_norvegicus/Gjb2__P21994.fasta,P21994,Gjb2,gene-Vom2r1,Vom2r1,vomeronasal 2 receptor%2C 1,rna-XM_063273158.1,XM_063273158.1,NC_086019.1,+,1,164381,164679,299
connexin,Rattus norvegicus,project/data/references/connexins/Rattus_norvegicus/Gjb2__P21994.fasta,P21994,Gjb2,gene-Vom2r1,Vom2r1,vomeronasal 2 receptor%2C 1,rna-XM_063273158.1,XM_063273158.1,NC_086019.1,+,2,167325,167607,283
connexin,Rattus norvegicus,project/data/references/connexins/Rattus_norvegicus/Gjb2__P21994.fasta,P21994,Gjb2,gene-Vom2r1,Vom2r1,vomeronasal 2 receptor%2C 1,rna-XM_063273158.1,XM_063273158.1,NC_086019.1,+,3,168042,168845,804
connexin,Rattus norvegicus,project/data/references/connexins/Rattus_norvegicus/Gjb2__P21994.fasta,P21994,Gjb2,gene-Vom2r1,Vom2r1,vomeronasal 2 receptor%2C 1,rna-XM_063273158.1,XM_063273158.1,NC_086019.1,+,4,169698,169922,225
connexin,Rattus norvegicus,project/data/references/connexins/Rattus_norvegicus/Gjb2__P21994.fasta,P21994,Gjb2,gene-Vom2r1,Vom2r1,vomeronasal 2 receptor%2C 1,rna-XM_063273158.1,XM_063273158.1,NC_086019.1,+,5,171132,171255,124
connexin,Rattus norvegicus,project/data/references/connexins/Rattus_norvegicus/Gjb2__P21994.fasta,P21994,Gjb2,gene-Vom2r1,Vom2r1,vomeronasal 2 receptor%2C 1,rna-XM_063273158.1,XM_063273158.1,NC_086019.1,+,6,174331,175234,904
connexin,Rattus norvegicus,project/data/references/connexins/Rattus_norvegicus/Gjb2__P21994.fasta,P21994,Gjb2,gene-Vom2r1,Vom2r1,vomeronasal 2 receptor%2C 1,rna-NM_001099461.2,NM_001099461.2,NC_086019.1,+,1,164474,164679,206
connexin,Rattus norvegicus,project/data/references/connexins/Rattus_norvegicus/Gjb2__P21994.fasta,P21994,Gjb2,gene-Vom2r1,Vom2r1,vomeronasal 2 receptor%2C 1,rna-NM_001099461.2,NM_001099461.2,NC_086019.1,+,2,167337,167607,271
connexin,Rattus norvegicus,project/data/references/connexins/Rattus_norvegicus/Gjb2__P21994.fasta,P21994,Gjb2,gene-Vom2r1,Vom2r1,vomeronasal 2 receptor%2C 1,rna-NM_001099461.2,NM_001099461.2,NC_086019.1,+,3,168042,168845,804
connexin,Rattus norvegicus,project/data/references/connexins/Rattus_norvegicus/Gjb2__P21994.fasta,P21994,Gjb2,gene-Vom2r1,Vom2r1,vomeronasal 2 receptor%2C 1,rna-NM_001099461.2,NM_001099461.2,NC_086019.1,+,4,169698,169922,225
connexin,Rattus norvegicus,project/data/references/connexins/Rattus_norvegicus/Gjb2__P21994.fasta,P21994,Gjb2,gene-Vom2r1,Vom2r1,vomeronasal 2 receptor%2C 1,rna-NM_001099461.2,NM_001099461.2,NC_086019.1,+,5,171132,171255,124
connexin,Rattus norvegicus,project/data/references/connexins/Rattus_norvegicus/Gjb2__P21994.fasta,P21994,Gjb2,gene-Vom2r1,Vom2r1,vomeronasal 2 receptor%2C 1,rna-NM_001099461.2,NM_001099461.2,NC_086019.1,+,6,174328,175214,887
connexin,Rattus norvegicus,project/data/references/connexins/Rattus_norvegicus/Gjb3__P25305.fasta,P25305,Gjb3,gene-Gjb3,Gjb3,gap junction protein%2C beta 3,rna-NM_019240.2,NM_019240.2,NC_086023.1,-,1,144933692,144935259,1568
connexin,Rattus norvegicus,project/data/references/connexins/Rattus_norvegicus/Gjb3__P25305.fasta,P25305,Gjb3,gene-Gjb3,Gjb3,gap junction protein%2C beta 3,rna-NM_019240.2,NM_019240.2,NC_086023.1,-,2,144939103,144939435,333
connexin,Rattus norvegicus,project/data/references/connexins/Rattus_norvegicus/Gjb3__P25305.fasta,P25305,Gjb3,gene-Gjb3,Gjb3,gap junction protein%2C beta 3,rna-NM_001411660.1,NM_001411660.1,NC_086023.1,-,1,144933692,144935259,1568
connexin,Rattus norvegicus,project/data/references/connexins/Rattus_norvegicus/Gjb3__P25305.fasta,P25305,Gjb3,gene-Gjb3,Gjb3,gap junction protein%2C beta 3,rna-NM_001411660.1,NM_001411660.1,NC_086023.1,-,2,144937711,144937766,56
connexin,Rattus norvegicus,project/data/references/connexins/Rattus_norvegicus/Gjb4__P36380.fasta,P36380,Gjb4,gene-Gjb4,Gjb4,gap junction protein%2C beta 4,rna-XM_063287084.1,XM_063287084.1,NC_086023.1,-,1,144948231,144948843,613
connexin,Rattus norvegicus,project/data/references/connexins/Rattus_norvegicus/Gjb4__P36380.fasta,P36380,Gjb4,gene-Gjb4,Gjb4,gap junction protein%2C beta 4,rna-XM_063287084.1,XM_063287084.1,NC_086023.1,-,2,144951184,144951341,158
connexin,Rattus norvegicus,project/data/references/connexins/Rattus_norvegicus/Gjb4__P36380.fasta,P36380,Gjb4,gene-Gjb4,Gjb4,gap junction protein%2C beta 4,rna-XM_063287084.1,XM_063287084.1,NC_086023.1,-,3,144960533,144961314,782
connexin,Rattus norvegicus,project/data/references/connexins/Rattus_norvegicus/Gjb4__P36380.fasta,P36380,Gjb4,gene-Gjb4,Gjb4,gap junction protein%2C beta 4,rna-NM_001389258.1,NM_001389258.1,NC_086023.1,-,1,144960239,144961648,1410
connexin,Rattus norvegicus,project/data/references/connexins/Rattus_norvegicus/Gjb4__P36380.fasta,P36380,Gjb4,gene-Gjb4,Gjb4,gap junction protein%2C beta 4,rna-NM_001389258.1,NM_001389258.1,NC_086023.1,-,2,144963965,144964014,50
connexin,Rattus norvegicus,project/data/references/connexins/Rattus_norvegicus/Gjb5__P28232.fasta,P28232,Gjb5,gene-Vom2r5,Vom2r5,vomeronasal 2 receptor%2C 5,rna-XM_017589699.2,XM_017589699.2,NC_086019.1,+,1,2973745,2973950,206
connexin,Rattus norvegicus,project/data/references/connexins/Rattus_norvegicus/Gjb5__P28232.fasta,P28232,Gjb5,gene-Vom2r5,Vom2r5,vomeronasal 2 receptor%2C 5,rna-XM_017589699.2,XM_017589699.2,NC_086019.1,+,2,2976521,2976803,283
connexin,Rattus norvegicus,project/data/references/connexins/Rattus_norvegicus/Gjb5__P28232.fasta,P28232,Gjb5,gene-Vom2r5,Vom2r5,vomeronasal 2 receptor%2C 5,rna-XM_017589699.2,XM_017589699.2,NC_086019.1,+,3,2977192,2977995,804
connexin,Rattus norvegicus,project/data/references/connexins/Rattus_norvegicus/Gjb5__P28232.fasta,P28232,Gjb5,gene-Vom2r5,Vom2r5,vomeronasal 2 receptor%2C 5,rna-XM_017589699.2,XM_017589699.2,NC_086019.1,+,4,2978846,2979074,229
connexin,Rattus norvegicus,project/data/references/connexins/Rattus_norvegicus/Gjb5__P28232.fasta,P28232,Gjb5,gene-Vom2r5,Vom2r5,vomeronasal 2 receptor%2C 5,rna-XM_017589699.2,XM_017589699.2,NC_086019.1,+,5,2981515,2982398,884
connexin,Rattus norvegicus,project/data/references/connexins/Rattus_norvegicus/Gjb5__P28232.fasta,P28232,Gjb5,gene-Vom2r5,Vom2r5,vomeronasal 2 receptor%2C 5,rna-NM_001099462.1,NM_001099462.1,NC_086019.1,+,1,2973745,2973950,206
connexin,Rattus norvegicus,project/data/references/connexins/Rattus_norvegicus/Gjb5__P28232.fasta,P28232,Gjb5,gene-Vom2r5,Vom2r5,vomeronasal 2 receptor%2C 5,rna-NM_001099462.1,NM_001099462.1,NC_086019.1,+,2,2976521,2976803,283
connexin,Rattus norvegicus,project/data/references/connexins/Rattus_norvegicus/Gjb5__P28232.fasta,P28232,Gjb5,gene-Vom2r5,Vom2r5,vomeronasal 2 receptor%2C 5,rna-NM_001099462.1,NM_001099462.1,NC_086019.1,+,3,2977192,2977995,804
connexin,Rattus norvegicus,project/data/references/connexins/Rattus_norvegicus/Gjb5__P28232.fasta,P28232,Gjb5,gene-Vom2r5,Vom2r5,vomeronasal 2 receptor%2C 5,rna-NM_001099462.1,NM_001099462.1,NC_086019.1,+,4,2978846,2979070,225
connexin,Rattus norvegicus,project/data/references/connexins/Rattus_norvegicus/Gjb5__P28232.fasta,P28232,Gjb5,gene-Vom2r5,Vom2r5,vomeronasal 2 receptor%2C 5,rna-NM_001099462.1,NM_001099462.1,NC_086019.1,+,5,2980246,2980369,124
connexin,Rattus norvegicus,project/data/references/connexins/Rattus_norvegicus/Gjb5__P28232.fasta,P28232,Gjb5,gene-Vom2r5,Vom2r5,vomeronasal 2 receptor%2C 5,rna-NM_001099462.1,NM_001099462.1,NC_086019.1,+,6,2981512,2982398,887
connexin,Rattus norvegicus,project/data/references/connexins/Rattus_norvegicus/Gjb5__P28232.fasta,P28232,Gjb5,gene-Vom2r5,Vom2r5,vomeronasal 2 receptor%2C 5,rna-XM_017589697.2,XM_017589697.2,NC_086019.1,+,1,2973745,2973950,206
connexin,Rattus norvegicus,project/data/references/connexins/Rattus_norvegicus/Gjb5__P28232.fasta,P28232,Gjb5,gene-Vom2r5,Vom2r5,vomeronasal 2 receptor%2C 5,rna-XM_017589697.2,XM_017589697.2,NC_086019.1,+,2,2976521,2976803,283
connexin,Rattus norvegicus,project/data/references/connexins/Rattus_norvegicus/Gjb5__P28232.fasta,P28232,Gjb5,gene-Vom2r5,Vom2r5,vomeronasal 2 receptor%2C 5,rna-XM_017589697.2,XM_017589697.2,NC_086019.1,+,3,2977192,2977995,804
connexin,Rattus norvegicus,project/data/references/connexins/Rattus_norvegicus/Gjb5__P28232.fasta,P28232,Gjb5,gene-Vom2r5,Vom2r5,vomeronasal 2 receptor%2C 5,rna-XM_017589697.2,XM_017589697.2,NC_086019.1,+,4,2978846,2979070,225
connexin,Rattus norvegicus,project/data/references/connexins/Rattus_norvegicus/Gjb5__P28232.fasta,P28232,Gjb5,gene-Vom2r5,Vom2r5,vomeronasal 2 receptor%2C 5,rna-XM_017589697.2,XM_017589697.2,NC_086019.1,+,5,2980246,2980369,124
connexin,Rattus norvegicus,project/data/references/connexins/Rattus_norvegicus/Gjb5__P28232.fasta,P28232,Gjb5,gene-Vom2r5,Vom2r5,vomeronasal 2 receptor%2C 5,rna-XM_017589697.2,XM_017589697.2,NC_086019.1,+,6,2981515,2982398,884
connexin,Rattus norvegicus,project/data/references/connexins/Rattus_norvegicus/Gjb5__P28232.fasta,P28232,Gjb5,gene-Vom2r5,Vom2r5,vomeronasal 2 receptor%2C 5,rna-XM_017589698.2,XM_017589698.2,NC_086019.1,+,1,2973745,2973950,206
connexin,Rattus norvegicus,project/data/references/connexins/Rattus_norvegicus/Gjb5__P28232.fasta,P28232,Gjb5,gene-Vom2r5,Vom2r5,vomeronasal 2 receptor%2C 5,rna-XM_017589698.2,XM_017589698.2,NC_086019.1,+,2,2976521,2976803,283
connexin,Rattus norvegicus,project/data/references/connexins/Rattus_norvegicus/Gjb5__P28232.fasta,P28232,Gjb5,gene-Vom2r5,Vom2r5,vomeronasal 2 receptor%2C 5,rna-XM_017589698.2,XM_017589698.2,NC_086019.1,+,3,2977192,2977995,804
connexin,Rattus norvegicus,project/data/references/connexins/Rattus_norvegicus/Gjb5__P28232.fasta,P28232,Gjb5,gene-Vom2r5,Vom2r5,vomeronasal 2 receptor%2C 5,rna-XM_017589698.2,XM_017589698.2,NC_086019.1,+,4,2978846,2979062,217
connexin,Rattus norvegicus,project/data/references/connexins/Rattus_norvegicus/Gjb5__P28232.fasta,P28232,Gjb5,gene-Vom2r5,Vom2r5,vomeronasal 2 receptor%2C 5,rna-XM_017589698.2,XM_017589698.2,NC_086019.1,+,5,2980232,2980369,138
connexin,Rattus norvegicus,project/data/references/connexins/Rattus_norvegicus/Gjb5__P28232.fasta,P28232,Gjb5,gene-Vom2r5,Vom2r5,vomeronasal 2 receptor%2C 5,rna-XM_017589698.2,XM_017589698.2,NC_086019.1,+,6,2981515,2982398,884
connexin,Rattus norvegicus,project/data/references/connexins/Rattus_norvegicus/Gjb5__P28232.fasta,P28232,Gjb5,gene-Vom2r5,Vom2r5,vomeronasal 2 receptor%2C 5,rna-XM_039090209.1,XM_039090209.1,NC_086019.1,+,1,2973745,2973950,206
connexin,Rattus norvegicus,project/data/references/connexins/Rattus_norvegicus/Gjb5__P28232.fasta,P28232,Gjb5,gene-Vom2r5,Vom2r5,vomeronasal 2 receptor%2C 5,rna-XM_039090209.1,XM_039090209.1,NC_086019.1,+,2,2976521,2976803,283
connexin,Rattus norvegicus,project/data/references/connexins/Rattus_norvegicus/Gjb5__P28232.fasta,P28232,Gjb5,gene-Vom2r5,Vom2r5,vomeronasal 2 receptor%2C 5,rna-XM_039090209.1,XM_039090209.1,NC_086019.1,+,3,2977192,2977995,804
connexin,Rattus norvegicus,project/data/references/connexins/Rattus_norvegicus/Gjb5__P28232.fasta,P28232,Gjb5,gene-Vom2r5,Vom2r5,vomeronasal 2 receptor%2C 5,rna-XM_039090209.1,XM_039090209.1,NC_086019.1,+,4,2980246,2980369,124
connexin,Rattus norvegicus,project/data/references/connexins/Rattus_norvegicus/Gjb5__P28232.fasta,P28232,Gjb5,gene-Vom2r5,Vom2r5,vomeronasal 2 receptor%2C 5,rna-XM_039090209.1,XM_039090209.1,NC_086019.1,+,5,2981515,2982398,884
connexin,Rattus norvegicus,project/data/references/connexins/Rattus_norvegicus/Gjb5__P28232.fasta,P28232,Gjb5,gene-Vom2r5,Vom2r5,vomeronasal 2 receptor%2C 5,rna-XM_063273254.1,XM_063273254.1,NC_086019.1,+,1,2973745,2973949,205
connexin,Rattus norvegicus,project/data/references/connexins/Rattus_norvegicus/Gjb5__P28232.fasta,P28232,Gjb5,gene-Vom2r5,Vom2r5,vomeronasal 2 receptor%2C 5,rna-XM_063273254.1,XM_063273254.1,NC_086019.1,+,2,2976511,2976803,293
connexin,Rattus norvegicus,project/data/references/connexins/Rattus_norvegicus/Gjb5__P28232.fasta,P28232,Gjb5,gene-Vom2r5,Vom2r5,vomeronasal 2 receptor%2C 5,rna-XM_063273254.1,XM_063273254.1,NC_086019.1,+,3,2977192,2977995,804
connexin,Rattus norvegicus,project/data/references/connexins/Rattus_norvegicus/Gjb5__P28232.fasta,P28232,Gjb5,gene-Vom2r5,Vom2r5,vomeronasal 2 receptor%2C 5,rna-XM_063273254.1,XM_063273254.1,NC_086019.1,+,4,2978846,2979070,225
connexin,Rattus norvegicus,project/data/references/connexins/Rattus_norvegicus/Gjb5__P28232.fasta,P28232,Gjb5,gene-Vom2r5,Vom2r5,vomeronasal 2 receptor%2C 5,rna-XM_063273254.1,XM_063273254.1,NC_086019.1,+,5,2980246,2980369,124
connexin,Rattus norvegicus,project/data/references/connexins/Rattus_norvegicus/Gjb5__P28232.fasta,P28232,Gjb5,gene-Vom2r5,Vom2r5,vomeronasal 2 receptor%2C 5,rna-XM_063273254.1,XM_063273254.1,NC_086019.1,+,6,2981512,2982398,887
connexin,Rattus norvegicus,project/data/references/connexins/Rattus_norvegicus/Gjb5__P28232.fasta,P28232,Gjb5,gene-Vom2r5,Vom2r5,vomeronasal 2 receptor%2C 5,rna-XM_039090210.1,XM_039090210.1,NC_086019.1,+,1,2973745,2973950,206
connexin,Rattus norvegicus,project/data/references/connexins/Rattus_norvegicus/Gjb5__P28232.fasta,P28232,Gjb5,gene-Vom2r5,Vom2r5,vomeronasal 2 receptor%2C 5,rna-XM_039090210.1,XM_039090210.1,NC_086019.1,+,2,2976521,2976803,283
connexin,Rattus norvegicus,project/data/references/connexins/Rattus_norvegicus/Gjb5__P28232.fasta,P28232,Gjb5,gene-Vom2r5,Vom2r5,vomeronasal 2 receptor%2C 5,rna-XM_039090210.1,XM_039090210.1,NC_086019.1,+,3,2977192,2977995,804
connexin,Rattus norvegicus,project/data/references/connexins/Rattus_norvegicus/Gjb5__P28232.fasta,P28232,Gjb5,gene-Vom2r5,Vom2r5,vomeronasal 2 receptor%2C 5,rna-XM_039090210.1,XM_039090210.1,NC_086019.1,+,4,2981512,2981532,21
connexin,Rattus norvegicus,project/data/references/connexins/Rattus_norvegicus/Gjb5__P28232.fasta,P28232,Gjb5,gene-Vom2r5,Vom2r5,vomeronasal 2 receptor%2C 5,rna-XM_039090211.1,XM_039090211.1,NC_086019.1,+,1,2973745,2973950,206
connexin,Rattus norvegicus,project/data/references/connexins/Rattus_norvegicus/Gjb5__P28232.fasta,P28232,Gjb5,gene-Vom2r5,Vom2r5,vomeronasal 2 receptor%2C 5,rna-XM_039090211.1,XM_039090211.1,NC_086019.1,+,2,2976521,2976803,283
connexin,Rattus norvegicus,project/data/references/connexins/Rattus_norvegicus/Gjb5__P28232.fasta,P28232,Gjb5,gene-Vom2r5,Vom2r5,vomeronasal 2 receptor%2C 5,rna-XM_039090211.1,XM_039090211.1,NC_086019.1,+,3,2977192,2977995,804
connexin,Rattus norvegicus,project/data/references/connexins/Rattus_norvegicus/Gjb5__P28232.fasta,P28232,Gjb5,gene-Vom2r5,Vom2r5,vomeronasal 2 receptor%2C 5,rna-XM_039090211.1,XM_039090211.1,NC_086019.1,+,4,2981515,2981532,18
connexin,Rattus norvegicus,project/data/references/connexins/Rattus_norvegicus/Gjc1__A4GG66.fasta,A4GG66,Gjc1,gene-Gjc1,Gjc1,gap junction protein%2C gamma 1,rna-XM_017597049.3,XM_017597049.3,NC_086028.1,-,1,88262840,88264448,1609
connexin,Rattus norvegicus,project/data/references/connexins/Rattus_norvegicus/Gjc1__A4GG66.fasta,A4GG66,Gjc1,gene-Gjc1,Gjc1,gap junction protein%2C gamma 1,rna-XM_017597049.3,XM_017597049.3,NC_086028.1,-,2,88265846,88265921,76
connexin,Rattus norvegicus,project/data/references/connexins/Rattus_norvegicus/Gjc1__A4GG66.fasta,A4GG66,Gjc1,gene-Gjc1,Gjc1,gap junction protein%2C gamma 1,rna-XM_017597049.3,XM_017597049.3,NC_086028.1,-,3,88285318,88285646,329
connexin,Rattus norvegicus,project/data/references/connexins/Rattus_norvegicus/Gjc1__A4GG66.fasta,A4GG66,Gjc1,gene-Gjc1,Gjc1,gap junction protein%2C gamma 1,rna-XM_039085312.2,XM_039085312.2,NC_086028.1,-,1,88262840,88264448,1609
connexin,Rattus norvegicus,project/data/references/connexins/Rattus_norvegicus/Gjc1__A4GG66.fasta,A4GG66,Gjc1,gene-Gjc1,Gjc1,gap junction protein%2C gamma 1,rna-XM_039085312.2,XM_039085312.2,NC_086028.1,-,2,88265846,88265921,76
connexin,Rattus norvegicus,project/data/references/connexins/Rattus_norvegicus/Gjc1__A4GG66.fasta,A4GG66,Gjc1,gene-Gjc1,Gjc1,gap junction protein%2C gamma 1,rna-XM_039085312.2,XM_039085312.2,NC_086028.1,-,3,88284876,88285010,135
connexin,Rattus norvegicus,project/data/references/connexins/Rattus_norvegicus/Gjc1__A4GG66.fasta,A4GG66,Gjc1,gene-Gjc1,Gjc1,gap junction protein%2C gamma 1,rna-XM_039085309.2,XM_039085309.2,NC_086028.1,-,1,88262840,88264448,1609
connexin,Rattus norvegicus,project/data/references/connexins/Rattus_norvegicus/Gjc1__A4GG66.fasta,A4GG66,Gjc1,gene-Gjc1,Gjc1,gap junction protein%2C gamma 1,rna-XM_039085309.2,XM_039085309.2,NC_086028.1,-,2,88265846,88265921,76
connexin,Rattus norvegicus,project/data/references/connexins/Rattus_norvegicus/Gjc1__A4GG66.fasta,A4GG66,Gjc1,gene-Gjc1,Gjc1,gap junction protein%2C gamma 1,rna-XM_039085309.2,XM_039085309.2,NC_086028.1,-,3,88284786,88284924,139
connexin,Rattus norvegicus,project/data/references/connexins/Rattus_norvegicus/Gjc1__A4GG66.fasta,A4GG66,Gjc1,gene-Gjc1,Gjc1,gap junction protein%2C gamma 1,rna-XM_039085311.2,XM_039085311.2,NC_086028.1,-,1,88262840,88264448,1609
connexin,Rattus norvegicus,project/data/references/connexins/Rattus_norvegicus/Gjc1__A4GG66.fasta,A4GG66,Gjc1,gene-Gjc1,Gjc1,gap junction protein%2C gamma 1,rna-XM_039085311.2,XM_039085311.2,NC_086028.1,-,2,88265846,88265921,76
connexin,Rattus norvegicus,project/data/references/connexins/Rattus_norvegicus/Gjc1__A4GG66.fasta,A4GG66,Gjc1,gene-Gjc1,Gjc1,gap junction protein%2C gamma 1,rna-XM_039085311.2,XM_039085311.2,NC_086028.1,-,3,88268432,88268633,202
connexin,Rattus norvegicus,project/data/references/connexins/Rattus_norvegicus/Gjc1__A4GG66.fasta,A4GG66,Gjc1,gene-Gjc1,Gjc1,gap junction protein%2C gamma 1,rna-XM_039085311.2,XM_039085311.2,NC_086028.1,-,4,88284786,88284924,139
connexin,Rattus norvegicus,project/data/references/connexins/Rattus_norvegicus/Gjc1__A4GG66.fasta,A4GG66,Gjc1,gene-Gjc1,Gjc1,gap junction protein%2C gamma 1,rna-XM_063268492.1,XM_063268492.1,NC_086028.1,-,1,88262840,88264448,1609
connexin,Rattus norvegicus,project/data/references/connexins/Rattus_norvegicus/Gjc1__A4GG66.fasta,A4GG66,Gjc1,gene-Gjc1,Gjc1,gap junction protein%2C gamma 1,rna-XM_063268492.1,XM_063268492.1,NC_086028.1,-,2,88265846,88267714,1869
connexin,Rattus norvegicus,project/data/references/connexins/Rattus_norvegicus/Gjc1__A4GG66.fasta,A4GG66,Gjc1,gene-Gjc1,Gjc1,gap junction protein%2C gamma 1,rna-XM_063268492.1,XM_063268492.1,NC_086028.1,-,3,88267843,88268633,791
connexin,Rattus norvegicus,project/data/references/connexins/Rattus_norvegicus/Gjc1__A4GG66.fasta,A4GG66,Gjc1,gene-Gjc1,Gjc1,gap junction protein%2C gamma 1,rna-XM_063268492.1,XM_063268492.1,NC_086028.1,-,4,88284786,88284924,139
connexin,Rattus norvegicus,project/data/references/connexins/Rattus_norvegicus/Gjc1__A4GG66.fasta,A4GG66,Gjc1,gene-Gjc1,Gjc1,gap junction protein%2C gamma 1,rna-XM_039085310.2,XM_039085310.2,NC_086028.1,-,1,88262840,88264448,1609
connexin,Rattus norvegicus,project/data/references/connexins/Rattus_norvegicus/Gjc1__A4GG66.fasta,A4GG66,Gjc1,gene-Gjc1,Gjc1,gap junction protein%2C gamma 1,rna-XM_039085310.2,XM_039085310.2,NC_086028.1,-,2,88265846,88265921,76
connexin,Rattus norvegicus,project/data/references/connexins/Rattus_norvegicus/Gjc1__A4GG66.fasta,A4GG66,Gjc1,gene-Gjc1,Gjc1,gap junction protein%2C gamma 1,rna-XM_039085310.2,XM_039085310.2,NC_086028.1,-,3,88283931,88284215,285
connexin,Rattus norvegicus,project/data/references/connexins/Rattus_norvegicus/Gjc1__A4GG66.fasta,A4GG66,Gjc1,gene-Gjc1,Gjc1,gap junction protein%2C gamma 1,rna-XM_039085310.2,XM_039085310.2,NC_086028.1,-,4,88284786,88284924,139
connexin,Rattus norvegicus,project/data/references/connexins/Rattus_norvegicus/Gjc1__A4GG66.fasta,A4GG66,Gjc1,gene-Gjc1,Gjc1,gap junction protein%2C gamma 1,rna-NM_001085381.2,NM_001085381.2,NC_086028.1,-,1,88263238,88264448,1211
connexin,Rattus norvegicus,project/data/references/connexins/Rattus_norvegicus/Gjc1__A4GG66.fasta,A4GG66,Gjc1,gene-Gjc1,Gjc1,gap junction protein%2C gamma 1,rna-NM_001085381.2,NM_001085381.2,NC_086028.1,-,2,88265846,88265921,76
connexin,Rattus norvegicus,project/data/references/connexins/Rattus_norvegicus/Gjc1__A4GG66.fasta,A4GG66,Gjc1,gene-Gjc1,Gjc1,gap junction protein%2C gamma 1,rna-NM_001085381.2,NM_001085381.2,NC_086028.1,-,3,88283931,88284237,307
connexin,Rattus norvegicus,project/data/references/connexins/Rattus_norvegicus/Gjc2__Q80XF7.fasta,Q80XF7,Gjc2,gene-Vom2r1,Vom2r1,vomeronasal 2 receptor%2C 1,rna-XM_039090201.2,XM_039090201.2,NC_086019.1,+,1,164376,164679,304
connexin,Rattus norvegicus,project/data/references/connexins/Rattus_norvegicus/Gjc2__Q80XF7.fasta,Q80XF7,Gjc2,gene-Vom2r1,Vom2r1,vomeronasal 2 receptor%2C 1,rna-XM_039090201.2,XM_039090201.2,NC_086019.1,+,2,167325,167607,283
connexin,Rattus norvegicus,project/data/references/connexins/Rattus_norvegicus/Gjc2__Q80XF7.fasta,Q80XF7,Gjc2,gene-Vom2r1,Vom2r1,vomeronasal 2 receptor%2C 1,rna-XM_039090201.2,XM_039090201.2,NC_086019.1,+,3,168042,168845,804
connexin,Rattus norvegicus,project/data/references/connexins/Rattus_norvegicus/Gjc2__Q80XF7.fasta,Q80XF7,Gjc2,gene-Vom2r1,Vom2r1,vomeronasal 2 receptor%2C 1,rna-XM_039090201.2,XM_039090201.2,NC_086019.1,+,4,169698,169922,225
connexin,Rattus norvegicus,project/data/references/connexins/Rattus_norvegicus/Gjc2__Q80XF7.fasta,Q80XF7,Gjc2,gene-Vom2r1,Vom2r1,vomeronasal 2 receptor%2C 1,rna-XM_039090201.2,XM_039090201.2,NC_086019.1,+,5,171132,171255,124
connexin,Rattus norvegicus,project/data/references/connexins/Rattus_norvegicus/Gjc2__Q80XF7.fasta,Q80XF7,Gjc2,gene-Vom2r1,Vom2r1,vomeronasal 2 receptor%2C 1,rna-XM_039090201.2,XM_039090201.2,NC_086019.1,+,6,174328,175214,887
connexin,Rattus norvegicus,project/data/references/connexins/Rattus_norvegicus/Gjc2__Q80XF7.fasta,Q80XF7,Gjc2,gene-Vom2r1,Vom2r1,vomeronasal 2 receptor%2C 1,rna-XM_063273158.1,XM_063273158.1,NC_086019.1,+,1,164381,164679,299
connexin,Rattus norvegicus,project/data/references/connexins/Rattus_norvegicus/Gjc2__Q80XF7.fasta,Q80XF7,Gjc2,gene-Vom2r1,Vom2r1,vomeronasal 2 receptor%2C 1,rna-XM_063273158.1,XM_063273158.1,NC_086019.1,+,2,167325,167607,283
connexin,Rattus norvegicus,project/data/references/connexins/Rattus_norvegicus/Gjc2__Q80XF7.fasta,Q80XF7,Gjc2,gene-Vom2r1,Vom2r1,vomeronasal 2 receptor%2C 1,rna-XM_063273158.1,XM_063273158.1,NC_086019.1,+,3,168042,168845,804
connexin,Rattus norvegicus,project/data/references/connexins/Rattus_norvegicus/Gjc2__Q80XF7.fasta,Q80XF7,Gjc2,gene-Vom2r1,Vom2r1,vomeronasal 2 receptor%2C 1,rna-XM_063273158.1,XM_063273158.1,NC_086019.1,+,4,169698,169922,225
connexin,Rattus norvegicus,project/data/references/connexins/Rattus_norvegicus/Gjc2__Q80XF7.fasta,Q80XF7,Gjc2,gene-Vom2r1,Vom2r1,vomeronasal 2 receptor%2C 1,rna-XM_063273158.1,XM_063273158.1,NC_086019.1,+,5,171132,171255,124
connexin,Rattus norvegicus,project/data/references/connexins/Rattus_norvegicus/Gjc2__Q80XF7.fasta,Q80XF7,Gjc2,gene-Vom2r1,Vom2r1,vomeronasal 2 receptor%2C 1,rna-XM_063273158.1,XM_063273158.1,NC_086019.1,+,6,174331,175234,904
connexin,Rattus norvegicus,project/data/references/connexins/Rattus_norvegicus/Gjc2__Q80XF7.fasta,Q80XF7,Gjc2,gene-Vom2r1,Vom2r1,vomeronasal 2 receptor%2C 1,rna-NM_001099461.2,NM_001099461.2,NC_086019.1,+,1,164474,164679,206
connexin,Rattus norvegicus,project/data/references/connexins/Rattus_norvegicus/Gjc2__Q80XF7.fasta,Q80XF7,Gjc2,gene-Vom2r1,Vom2r1,vomeronasal 2 receptor%2C 1,rna-NM_001099461.2,NM_001099461.2,NC_086019.1,+,2,167337,167607,271
connexin,Rattus norvegicus,project/data/references/connexins/Rattus_norvegicus/Gjc2__Q80XF7.fasta,Q80XF7,Gjc2,gene-Vom2r1,Vom2r1,vomeronasal 2 receptor%2C 1,rna-NM_001099461.2,NM_001099461.2,NC_086019.1,+,3,168042,168845,804
connexin,Rattus norvegicus,project/data/references/connexins/Rattus_norvegicus/Gjc2__Q80XF7.fasta,Q80XF7,Gjc2,gene-Vom2r1,Vom2r1,vomeronasal 2 receptor%2C 1,rna-NM_001099461.2,NM_001099461.2,NC_086019.1,+,4,169698,169922,225
connexin,Rattus norvegicus,project/data/references/connexins/Rattus_norvegicus/Gjc2__Q80XF7.fasta,Q80XF7,Gjc2,gene-Vom2r1,Vom2r1,vomeronasal 2 receptor%2C 1,rna-NM_001099461.2,NM_001099461.2,NC_086019.1,+,5,171132,171255,124
connexin,Rattus norvegicus,project/data/references/connexins/Rattus_norvegicus/Gjc2__Q80XF7.fasta,Q80XF7,Gjc2,gene-Vom2r1,Vom2r1,vomeronasal 2 receptor%2C 1,rna-NM_001099461.2,NM_001099461.2,NC_086019.1,+,6,174328,175214,887
connexin,Rattus norvegicus,project/data/references/connexins/Rattus_norvegicus/Gjd2__O70610.fasta,O70610,Gjd2,gene-Vom2r1,Vom2r1,vomeronasal 2 receptor%2C 1,rna-XM_039090201.2,XM_039090201.2,NC_086019.1,+,1,164376,164679,304
connexin,Rattus norvegicus,project/data/references/connexins/Rattus_norvegicus/Gjd2__O70610.fasta,O70610,Gjd2,gene-Vom2r1,Vom2r1,vomeronasal 2 receptor%2C 1,rna-XM_039090201.2,XM_039090201.2,NC_086019.1,+,2,167325,167607,283
connexin,Rattus norvegicus,project/data/references/connexins/Rattus_norvegicus/Gjd2__O70610.fasta,O70610,Gjd2,gene-Vom2r1,Vom2r1,vomeronasal 2 receptor%2C 1,rna-XM_039090201.2,XM_039090201.2,NC_086019.1,+,3,168042,168845,804
connexin,Rattus norvegicus,project/data/references/connexins/Rattus_norvegicus/Gjd2__O70610.fasta,O70610,Gjd2,gene-Vom2r1,Vom2r1,vomeronasal 2 receptor%2C 1,rna-XM_039090201.2,XM_039090201.2,NC_086019.1,+,4,169698,169922,225
connexin,Rattus norvegicus,project/data/references/connexins/Rattus_norvegicus/Gjd2__O70610.fasta,O70610,Gjd2,gene-Vom2r1,Vom2r1,vomeronasal 2 receptor%2C 1,rna-XM_039090201.2,XM_039090201.2,NC_086019.1,+,5,171132,171255,124
connexin,Rattus norvegicus,project/data/references/connexins/Rattus_norvegicus/Gjd2__O70610.fasta,O70610,Gjd2,gene-Vom2r1,Vom2r1,vomeronasal 2 receptor%2C 1,rna-XM_039090201.2,XM_039090201.2,NC_086019.1,+,6,174328,175214,887
connexin,Rattus norvegicus,project/data/references/connexins/Rattus_norvegicus/Gjd2__O70610.fasta,O70610,Gjd2,gene-Vom2r1,Vom2r1,vomeronasal 2 receptor%2C 1,rna-XM_063273158.1,XM_063273158.1,NC_086019.1,+,1,164381,164679,299
connexin,Rattus norvegicus,project/data/references/connexins/Rattus_norvegicus/Gjd2__O70610.fasta,O70610,Gjd2,gene-Vom2r1,Vom2r1,vomeronasal 2 receptor%2C 1,rna-XM_063273158.1,XM_063273158.1,NC_086019.1,+,2,167325,167607,283
connexin,Rattus norvegicus,project/data/references/connexins/Rattus_norvegicus/Gjd2__O70610.fasta,O70610,Gjd2,gene-Vom2r1,Vom2r1,vomeronasal 2 receptor%2C 1,rna-XM_063273158.1,XM_063273158.1,NC_086019.1,+,3,168042,168845,804
connexin,Rattus norvegicus,project/data/references/connexins/Rattus_norvegicus/Gjd2__O70610.fasta,O70610,Gjd2,gene-Vom2r1,Vom2r1,vomeronasal 2 receptor%2C 1,rna-XM_063273158.1,XM_063273158.1,NC_086019.1,+,4,169698,169922,225
connexin,Rattus norvegicus,project/data/references/connexins/Rattus_norvegicus/Gjd2__O70610.fasta,O70610,Gjd2,gene-Vom2r1,Vom2r1,vomeronasal 2 receptor%2C 1,rna-XM_063273158.1,XM_063273158.1,NC_086019.1,+,5,171132,171255,124
connexin,Rattus norvegicus,project/data/references/connexins/Rattus_norvegicus/Gjd2__O70610.fasta,O70610,Gjd2,gene-Vom2r1,Vom2r1,vomeronasal 2 receptor%2C 1,rna-XM_063273158.1,XM_063273158.1,NC_086019.1,+,6,174331,175234,904
connexin,Rattus norvegicus,project/data/references/connexins/Rattus_norvegicus/Gjd2__O70610.fasta,O70610,Gjd2,gene-Vom2r1,Vom2r1,vomeronasal 2 receptor%2C 1,rna-NM_001099461.2,NM_001099461.2,NC_086019.1,+,1,164474,164679,206
connexin,Rattus norvegicus,project/data/references/connexins/Rattus_norvegicus/Gjd2__O70610.fasta,O70610,Gjd2,gene-Vom2r1,Vom2r1,vomeronasal 2 receptor%2C 1,rna-NM_001099461.2,NM_001099461.2,NC_086019.1,+,2,167337,167607,271
connexin,Rattus norvegicus,project/data/references/connexins/Rattus_norvegicus/Gjd2__O70610.fasta,O70610,Gjd2,gene-Vom2r1,Vom2r1,vomeronasal 2 receptor%2C 1,rna-NM_001099461.2,NM_001099461.2,NC_086019.1,+,3,168042,168845,804
connexin,Rattus norvegicus,project/data/references/connexins/Rattus_norvegicus/Gjd2__O70610.fasta,O70610,Gjd2,gene-Vom2r1,Vom2r1,vomeronasal 2 receptor%2C 1,rna-NM_001099461.2,NM_001099461.2,NC_086019.1,+,4,169698,169922,225
connexin,Rattus norvegicus,project/data/references/connexins/Rattus_norvegicus/Gjd2__O70610.fasta,O70610,Gjd2,gene-Vom2r1,Vom2r1,vomeronasal 2 receptor%2C 1,rna-NM_001099461.2,NM_001099461.2,NC_086019.1,+,5,171132,171255,124
connexin,Rattus norvegicus,project/data/references/connexins/Rattus_norvegicus/Gjd2__O70610.fasta,O70610,Gjd2,gene-Vom2r1,Vom2r1,vomeronasal 2 receptor%2C 1,rna-NM_001099461.2,NM_001099461.2,NC_086019.1,+,6,174328,175214,887
connexin,Sus scrofa,project/data/references/connexins/Sus_scrofa/GJA1__Q29101.fasta,Q29101,GJA1,gene-GJA1,GJA1,gap junction protein alpha 1,rna-NM_001244212.1,NM_001244212.1,NC_010443.5,-,1,40988818,40991732,2915
connexin,Sus scrofa,project/data/references/connexins/Sus_scrofa/GJA1__Q29101.fasta,Q29101,GJA1,gene-GJA1,GJA1,gap junction protein alpha 1,rna-NM_001244212.1,NM_001244212.1,NC_010443.5,-,2,41001965,41002129,165
connexin,Sus scrofa,project/data/references/connexins/Sus_scrofa/GJA4__Q29559.fasta,Q29559,GJA4,gene-GJA4,GJA4,gap junction protein alpha 4,rna-NM_001244224.1,NM_001244224.1,NC_010448.4,+,1,91045430,91045474,45
connexin,Sus scrofa,project/data/references/connexins/Sus_scrofa/GJA4__Q29559.fasta,Q29559,GJA4,gene-GJA4,GJA4,gap junction protein alpha 4,rna-NM_001244224.1,NM_001244224.1,NC_010448.4,+,2,91046620,91048161,1542
connexin,Sus scrofa,project/data/references/connexins/Sus_scrofa/GJC1__A4GVD1.fasta,A4GVD1,GJC1,gene-GJC1,GJC1,gap junction protein gamma 1,rna-XM_005668706.2,XM_005668706.2,NC_010454.4,+,1,18526060,18526208,149
connexin,Sus scrofa,project/data/references/connexins/Sus_scrofa/GJC1__A4GVD1.fasta,A4GVD1,GJC1,gene-GJC1,GJC1,gap junction protein gamma 1,rna-XM_005668706.2,XM_005668706.2,NC_010454.4,+,2,18552929,18553004,76
connexin,Sus scrofa,project/data/references/connexins/Sus_scrofa/GJC1__A4GVD1.fasta,A4GVD1,GJC1,gene-GJC1,GJC1,gap junction protein gamma 1,rna-XM_005668706.2,XM_005668706.2,NC_010454.4,+,3,18554517,18560221,5705
connexin,Sus scrofa,project/data/references/connexins/Sus_scrofa/GJC1__A4GVD1.fasta,A4GVD1,GJC1,gene-GJC1,GJC1,gap junction protein gamma 1,rna-XM_005668705.3,XM_005668705.3,NC_010454.4,+,1,18526578,18526818,241
connexin,Sus scrofa,project/data/references/connexins/Sus_scrofa/GJC1__A4GVD1.fasta,A4GVD1,GJC1,gene-GJC1,GJC1,gap junction protein gamma 1,rna-XM_005668705.3,XM_005668705.3,NC_010454.4,+,2,18552929,18553004,76
connexin,Sus scrofa,project/data/references/connexins/Sus_scrofa/GJC1__A4GVD1.fasta,A4GVD1,GJC1,gene-GJC1,GJC1,gap junction protein gamma 1,rna-XM_005668705.3,XM_005668705.3,NC_010454.4,+,3,18554517,18560221,5705
connexin,Sus scrofa,project/data/references/connexins/Sus_scrofa/GJC1__A4GVD1.fasta,A4GVD1,GJC1,gene-GJC1,GJC1,gap junction protein gamma 1,rna-XM_005668704.3,XM_005668704.3,NC_010454.4,+,1,18526922,18527287,366
connexin,Sus scrofa,project/data/references/connexins/Sus_scrofa/GJC1__A4GVD1.fasta,A4GVD1,GJC1,gene-GJC1,GJC1,gap junction protein gamma 1,rna-XM_005668704.3,XM_005668704.3,NC_010454.4,+,2,18552929,18553004,76
connexin,Sus scrofa,project/data/references/connexins/Sus_scrofa/GJC1__A4GVD1.fasta,A4GVD1,GJC1,gene-GJC1,GJC1,gap junction protein gamma 1,rna-XM_005668704.3,XM_005668704.3,NC_010454.4,+,3,18554517,18560221,5705
connexin,Sus scrofa,project/data/references/connexins/Sus_scrofa/GJC1__A4GVD1.fasta,A4GVD1,GJC1,gene-GJC1,GJC1,gap junction protein gamma 1,rna-XM_013980868.2,XM_013980868.2,NC_010454.4,+,1,18541065,18541713,649
connexin,Sus scrofa,project/data/references/connexins/Sus_scrofa/GJC1__A4GVD1.fasta,A4GVD1,GJC1,gene-GJC1,GJC1,gap junction protein gamma 1,rna-XM_013980868.2,XM_013980868.2,NC_010454.4,+,2,18552929,18553004,76
connexin,Sus scrofa,project/data/references/connexins/Sus_scrofa/GJC1__A4GVD1.fasta,A4GVD1,GJC1,gene-GJC1,GJC1,gap junction protein gamma 1,rna-XM_013980868.2,XM_013980868.2,NC_010454.4,+,3,18554517,18560221,5705
connexin,Sus scrofa,project/data/references/connexins/Sus_scrofa/GJC1__A4GVD1.fasta,A4GVD1,GJC1,gene-GJC1,GJC1,gap junction protein gamma 1,rna-XM_005668708.3,XM_005668708.3,NC_010454.4,+,1,18549268,18552337,3070
connexin,Sus scrofa,project/data/references/connexins/Sus_scrofa/GJC1__A4GVD1.fasta,A4GVD1,GJC1,gene-GJC1,GJC1,gap junction protein gamma 1,rna-XM_005668708.3,XM_005668708.3,NC_010454.4,+,2,18552929,18553004,76
connexin,Sus scrofa,project/data/references/connexins/Sus_scrofa/GJC1__A4GVD1.fasta,A4GVD1,GJC1,gene-GJC1,GJC1,gap junction protein gamma 1,rna-XM_005668708.3,XM_005668708.3,NC_010454.4,+,3,18554517,18560221,5705
connexin,Sus scrofa,project/data/references/connexins/Sus_scrofa/GJC1__A4GVD1.fasta,A4GVD1,GJC1,gene-GJC1,GJC1,gap junction protein gamma 1,rna-NM_001097519.1,NM_001097519.1,NC_010454.4,+,1,18554511,18555842,1332
connexin,Ursus americanus,project/data/references/connexins/Ursus_americanus/GJA1__A6XKM2.fasta,A6XKM2,GJA1,gene-GJA1,GJA1,GJA1,rna-XM_045798574.1,XM_045798574.1,NW_025577385.1,+,1,10416870,10417074,205
connexin,Ursus americanus,project/data/references/connexins/Ursus_americanus/GJA1__A6XKM2.fasta,A6XKM2,GJA1,gene-GJA1,GJA1,GJA1,rna-XM_045798574.1,XM_045798574.1,NW_025577385.1,+,2,10427423,10430339,2917
connexin,Xenopus laevis,project/data/references/connexins/Xenopus_laevis/gja1__P16863.fasta,P16863,gja1,gene-gja1.L,gja1.L,gap junction protein alpha 1 L homeolog,rna-NM_001085660.1,NM_001085660.1,NC_054379.1,-,1,75337286,75341059,3774
connexin,Xenopus laevis,project/data/references/connexins/Xenopus_laevis/gja1__P16863.fasta,P16863,gja1,gene-gja1.L,gja1.L,gap junction protein alpha 1 L homeolog,rna-NM_001085660.1,NM_001085660.1,NC_054379.1,-,2,75345541,75345666,126
connexin,Xenopus laevis,project/data/references/connexins/Xenopus_laevis/gja2__P16864.fasta,P16864,gja2,gene-cx38.S,cx38.S,connexin 38,rna-NM_001088018.1,NM_001088018.1,NC_054374.1,+,1,80649110,80649167,58
connexin,Xenopus laevis,project/data/references/connexins/Xenopus_laevis/gja2__P16864.fasta,P16864,gja2,gene-cx38.S,cx38.S,connexin 38,rna-NM_001088018.1,NM_001088018.1,NC_054374.1,+,2,80651532,80652844,1313
connexin,Xenopus laevis,project/data/references/connexins/Xenopus_laevis/gja4__P51914.fasta,P51914,gja4,gene-gja4.L,gja4.L,gap junction protein alpha 4 L homeolog,rna-NM_001171972.1,NM_001171972.1,NC_054373.1,-,1,92773605,92777009,3405
connexin,Xenopus laevis,project/data/references/connexins/Xenopus_laevis/gja4__P51914.fasta,P51914,gja4,gene-gja4.L,gja4.L,gap junction protein alpha 4 L homeolog,rna-NM_001171972.1,NM_001171972.1,NC_054373.1,-,2,92779181,92779310,130
connexin,Xenopus laevis,project/data/references/connexins/Xenopus_laevis/gjb1__P08983.fasta,P08983,gjb1,gene-gjb1.L,gjb1.L,gap junction protein beta 1 L homeolog,rna-XM_018228691.2,XM_018228691.2,NC_054385.1,-,1,34999996,35001288,1293
connexin,Xenopus laevis,project/data/references/connexins/Xenopus_laevis/gjb1__P08983.fasta,P08983,gjb1,gene-gjb1.L,gjb1.L,gap junction protein beta 1 L homeolog,rna-XM_018228691.2,XM_018228691.2,NC_054385.1,-,2,35010411,35010603,193
connexin,Xenopus laevis,project/data/references/connexins/Xenopus_laevis/gjb1__P08983.fasta,P08983,gjb1,gene-gjb1.L,gjb1.L,gap junction protein beta 1 L homeolog,rna-XM_041571931.1,XM_041571931.1,NC_054385.1,-,1,34999996,35001288,1293
connexin,Xenopus laevis,project/data/references/connexins/Xenopus_laevis/gjb1__P08983.fasta,P08983,gjb1,gene-gjb1.L,gjb1.L,gap junction protein beta 1 L homeolog,rna-XM_041571931.1,XM_041571931.1,NC_054385.1,-,2,35009582,35010359,778
connexin,Xenopus laevis,project/data/references/connexins/Xenopus_laevis/gjb1__P08983.fasta,P08983,gjb1,gene-gjb1.L,gjb1.L,gap junction protein beta 1 L homeolog,rna-XM_018228692.2,XM_018228692.2,NC_054385.1,-,1,34999996,35001288,1293
connexin,Xenopus laevis,project/data/references/connexins/Xenopus_laevis/gjb1__P08983.fasta,P08983,gjb1,gene-gjb1.L,gjb1.L,gap junction protein beta 1 L homeolog,rna-XM_018228692.2,XM_018228692.2,NC_054385.1,-,2,35007094,35007560,467
connexin,Xenopus laevis,project/data/references/connexins/Xenopus_laevis/gjb1__P08983.fasta,P08983,gjb1,gene-gjb1.L,gjb1.L,gap junction protein beta 1 L homeolog,rna-XM_018228690.2,XM_018228690.2,NC_054385.1,-,1,34999996,35001291,1296
connexin,Xenopus laevis,project/data/references/connexins/Xenopus_laevis/gjb1__P08983.fasta,P08983,gjb1,gene-gjb1.L,gjb1.L,gap junction protein beta 1 L homeolog,rna-XM_018228690.2,XM_018228690.2,NC_054385.1,-,2,35007094,35007560,467
connexin,Xenopus laevis,project/data/references/connexins/Xenopus_laevis/gjb1__P08983.fasta,P08983,gjb1,gene-gjb1.L,gjb1.L,gap junction protein beta 1 L homeolog,rna-NM_001101749.1,NM_001101749.1,NC_054385.1,-,1,35000301,35001291,991
connexin,Xenopus laevis,project/data/references/connexins/Xenopus_laevis/gjb1__P08983.fasta,P08983,gjb1,gene-gjb1.L,gjb1.L,gap junction protein beta 1 L homeolog,rna-NM_001101749.1,NM_001101749.1,NC_054385.1,-,2,35010411,35010450,40
connexin,Xenopus tropicalis,project/data/references/connexins/Xenopus_tropicalis/gja4__Q0V990.fasta,Q0V990,gja4,gene-gja4,gja4,gap junction protein alpha 4,rna-NM_001079436.1,NM_001079436.1,NC_030678.2,+,1,89194786,89194866,81
connexin,Xenopus tropicalis,project/data/references/connexins/Xenopus_tropicalis/gja4__Q0V990.fasta,Q0V990,gja4,gene-gja4,gja4,gap junction protein alpha 4,rna-NM_001079436.1,NM_001079436.1,NC_030678.2,+,2,89198351,89199855,1505
